# Made in Blockbench 4.12.4
mtllib boss.mtl

o cube
v 0.19374999999999998 2.986606875 -0.2387975
v 0.19374999999999998 2.986606875 -0.6762975
v 0.19374999999999998 2.799106875 -0.2387975
v 0.19374999999999998 2.799106875 -0.6762975
v -0.31875 2.986606875 -0.6762975
v -0.31875 2.986606875 -0.2387975
v -0.31875 2.799106875 -0.6762975
v -0.31875 2.799106875 -0.2387975
vt 0.4609375 0.67578125
vt 0.4921875 0.67578125
vt 0.4921875 0.6640625
vt 0.4609375 0.6640625
vt 0.47265625 0.5859375
vt 0.5 0.5859375
vt 0.5 0.57421875
vt 0.47265625 0.57421875
vt 0.4609375 0.6640625
vt 0.4921875 0.6640625
vt 0.4921875 0.65234375
vt 0.4609375 0.65234375
vt 0.47265625 0.57421875
vt 0.5 0.57421875
vt 0.5 0.5625
vt 0.47265625 0.5625
vt 0.12890625 0.7421875
vt 0.09765625 0.7421875
vt 0.09765625 0.76953125
vt 0.12890625 0.76953125
vt 0.265625 0.7890625
vt 0.234375 0.7890625
vt 0.234375 0.76171875
vt 0.265625 0.76171875
vn 0 0 -1
vn 1 0 0
vn 0 0 1
vn -1 0 0
vn 0 1 0
vn 0 -1 0
usemtl m_91fe65ba-4f97-40fd-8230-0084d13434eb
f 4/4/1 7/3/1 5/2/1 2/1/1
f 3/8/2 4/7/2 2/6/2 1/5/2
f 8/12/3 3/11/3 1/10/3 6/9/3
f 7/16/4 8/15/4 6/14/4 5/13/4
f 6/20/5 1/19/5 2/18/5 5/17/5
f 7/24/6 4/23/6 3/22/6 8/21/6
o cube
v 0.3125 2.799106875 -0.2387975
v 0.3125 2.799106875 -0.6762975
v 0.3125 2.674106875 -0.2387975
v 0.3125 2.674106875 -0.6762975
v -0.4375 2.799106875 -0.6762975
v -0.4375 2.799106875 -0.2387975
v -0.4375 2.674106875 -0.6762975
v -0.4375 2.674106875 -0.2387975
vt 0.4609375 0.69140625
vt 0.5078125 0.69140625
vt 0.5078125 0.68359375
vt 0.4609375 0.68359375
vt 0.53125 0.5078125
vt 0.55859375 0.5078125
vt 0.55859375 0.5
vt 0.53125 0.5
vt 0.4609375 0.68359375
vt 0.5078125 0.68359375
vt 0.5078125 0.67578125
vt 0.4609375 0.67578125
vt 0.53125 0.5
vt 0.55859375 0.5
vt 0.55859375 0.4921875
vt 0.53125 0.4921875
vt 0.20703125 0.9453125
vt 0.16015625 0.9453125
vt 0.16015625 0.97265625
vt 0.20703125 0.97265625
vt 0.0625 0.82421875
vt 0.015625 0.82421875
vt 0.015625 0.796875
vt 0.0625 0.796875
vn 0 0 -1
vn 1 0 0
vn 0 0 1
vn -1 0 0
vn 0 1 0
vn 0 -1 0
usemtl m_91fe65ba-4f97-40fd-8230-0084d13434eb
f 12/28/7 15/27/7 13/26/7 10/25/7
f 11/32/8 12/31/8 10/30/8 9/29/8
f 16/36/9 11/35/9 9/34/9 14/33/9
f 15/40/10 16/39/10 14/38/10 13/37/10
f 14/44/11 9/43/11 10/42/11 13/41/11
f 15/48/12 12/47/12 11/46/12 16/45/12
o cube
v 0.3125 2.674106875 -0.2387975
v 0.3125 2.674106875 -0.6762975
v 0.3125 2.549106875 -0.2387975
v 0.3125 2.549106875 -0.6762975
v -0.4375 2.674106875 -0.6762975
v -0.4375 2.674106875 -0.2387975
v -0.4375 2.549106875 -0.6762975
v -0.4375 2.549106875 -0.2387975
vt 0.4609375 0.70703125
vt 0.5078125 0.70703125
vt 0.5078125 0.69921875
vt 0.4609375 0.69921875
vt 0.53125 0.5234375
vt 0.55859375 0.5234375
vt 0.55859375 0.515625
vt 0.53125 0.515625
vt 0.4609375 0.69921875
vt 0.5078125 0.69921875
vt 0.5078125 0.69140625
vt 0.4609375 0.69140625
vt 0.53125 0.515625
vt 0.55859375 0.515625
vt 0.55859375 0.5078125
vt 0.53125 0.5078125
vt 0.1875 0.81640625
vt 0.140625 0.81640625
vt 0.140625 0.84375
vt 0.1875 0.84375
vt 0.20703125 1
vt 0.16015625 1
vt 0.16015625 0.97265625
vt 0.20703125 0.97265625
vn 0 0 -1
vn 1 0 0
vn 0 0 1
vn -1 0 0
vn 0 1 0
vn 0 -1 0
usemtl m_91fe65ba-4f97-40fd-8230-0084d13434eb
f 20/52/13 23/51/13 21/50/13 18/49/13
f 19/56/14 20/55/14 18/54/14 17/53/14
f 24/60/15 19/59/15 17/58/15 22/57/15
f 23/64/16 24/63/16 22/62/16 21/61/16
f 22/68/17 17/67/17 18/66/17 21/65/17
f 23/72/18 20/71/18 19/70/18 24/69/18
o cube
v -0.16874999999999968 2.486606875 -0.5762974999999999
v -0.16874999999999968 2.486606875 -0.6762975
v -0.08124999999999934 2.486606875 -0.5762974999999999
v -0.08124999999999934 2.486606875 -0.6762975
v -0.16874999999999984 1.861606875 -0.6762975
v -0.16874999999999984 1.861606875 -0.5762974999999999
v -0.08124999999999948 1.861606875 -0.6762975
v -0.08124999999999948 1.861606875 -0.5762974999999999
vt 0.60546875 0.84375
vt 0.65234375 0.84375
vt 0.65234375 0.83984375
vt 0.60546875 0.83984375
vt 0.359375 0.2890625
vt 0.3671875 0.2890625
vt 0.3671875 0.28515625
vt 0.359375 0.28515625
vt 0.60546875 0.83984375
vt 0.65234375 0.83984375
vt 0.65234375 0.8359375
vt 0.60546875 0.8359375
vt 0.7109375 0.63671875
vt 0.71875 0.63671875
vt 0.71875 0.6328125
vt 0.7109375 0.6328125
vt 0.5078125 0.96875
vt 0.4609375 0.96875
vt 0.4609375 0.9765625
vt 0.5078125 0.9765625
vt 0.5078125 0.96875
vt 0.4609375 0.96875
vt 0.4609375 0.9609375
vt 0.5078125 0.9609375
vn 0 0 -1
vn 2.220446049250313e-16 1 0
vn 0 0 1
vn -2.220446049250313e-16 -1 0
vn -1 2.220446049250313e-16 0
vn 1 -2.220446049250313e-16 0
usemtl m_91fe65ba-4f97-40fd-8230-0084d13434eb
f 28/76/19 31/75/19 29/74/19 26/73/19
f 27/80/20 28/79/20 26/78/20 25/77/20
f 32/84/21 27/83/21 25/82/21 30/81/21
f 31/88/22 32/87/22 30/86/22 29/85/22
f 30/92/23 25/91/23 26/90/23 29/89/23
f 31/96/24 28/95/24 27/94/24 32/93/24
o cube
v -0.31249999999999994 2.549106875 -0.4887975
v -0.31249999999999994 2.549106875 -0.6762975
v -0.18749999999999994 2.549106875 -0.4887975
v -0.18749999999999994 2.549106875 -0.6762975
v -0.3125 2.174106875 -0.6762975
v -0.3125 2.174106875 -0.4887975
v -0.18750000000000003 2.174106875 -0.6762975
v -0.18750000000000003 2.174106875 -0.4887975
vt 0.60546875 0.859375
vt 0.62890625 0.859375
vt 0.62890625 0.8515625
vt 0.60546875 0.8515625
vt 0.1796875 0.90625
vt 0.19140625 0.90625
vt 0.19140625 0.8984375
vt 0.1796875 0.8984375
vt 0.60546875 0.8515625
vt 0.62890625 0.8515625
vt 0.62890625 0.84375
vt 0.60546875 0.84375
vt 0.5078125 0.90234375
vt 0.51953125 0.90234375
vt 0.51953125 0.89453125
vt 0.5078125 0.89453125
vt 0.515625 0.8125
vt 0.4921875 0.8125
vt 0.4921875 0.82421875
vt 0.515625 0.82421875
vt 0.515625 0.8125
vt 0.4921875 0.8125
vt 0.4921875 0.80078125
vt 0.515625 0.80078125
vn 0 0 -1
vn 2.220446049250313e-16 1 0
vn 0 0 1
vn -2.220446049250313e-16 -1 0
vn -1 2.220446049250313e-16 0
vn 1 -2.220446049250313e-16 0
usemtl m_91fe65ba-4f97-40fd-8230-0084d13434eb
f 36/100/25 39/99/25 37/98/25 34/97/25
f 35/104/26 36/103/26 34/102/26 33/101/26
f 40/108/27 35/107/27 33/106/27 38/105/27
f 39/112/28 40/111/28 38/110/28 37/109/28
f 38/116/29 33/115/29 34/114/29 37/113/29
f 39/120/30 36/119/30 35/118/30 40/117/30
o cube
v -0.11999999999999994 2.545356875 -0.6087974999999999
v -0.11999999999999994 2.545356875 -0.7200475
v -0.06249999999999983 2.545356875 -0.6087974999999999
v -0.06249999999999983 2.545356875 -0.7200475
v -0.12000000000000009 1.8503568750000001 -0.7200475
v -0.12000000000000009 1.8503568750000001 -0.6087974999999999
v -0.062499999999999986 1.8503568750000001 -0.7200475
v -0.062499999999999986 1.8503568750000001 -0.6087974999999999
vt 0.640625 0.8203125
vt 0.68359375 0.8203125
vt 0.68359375 0.81640625
vt 0.640625 0.81640625
vt 0.46875 0.2890625
vt 0.4765625 0.2890625
vt 0.4765625 0.28515625
vt 0.46875 0.28515625
vt 0.640625 0.81640625
vt 0.68359375 0.81640625
vt 0.68359375 0.8125
vt 0.640625 0.8125
vt 0.4765625 0.2890625
vt 0.484375 0.2890625
vt 0.484375 0.28515625
vt 0.4765625 0.28515625
vt 0.5078125 0.91015625
vt 0.46484375 0.91015625
vt 0.46484375 0.91796875
vt 0.5078125 0.91796875
vt 0.5078125 0.91015625
vt 0.46484375 0.91015625
vt 0.46484375 0.90234375
vt 0.5078125 0.90234375
vn 0 0 -1
vn 2.220446049250313e-16 1 0
vn 0 0 1
vn -2.220446049250313e-16 -1 0
vn -1 2.220446049250313e-16 0
vn 1 -2.220446049250313e-16 0
usemtl m_91fe65ba-4f97-40fd-8230-0084d13434eb
f 44/124/31 47/123/31 45/122/31 42/121/31
f 43/128/32 44/127/32 42/126/32 41/125/32
f 48/132/33 43/131/33 41/130/33 46/129/33
f 47/136/34 48/135/34 46/134/34 45/133/34
f 46/140/35 41/139/35 42/138/35 45/137/35
f 47/144/36 44/143/36 43/142/36 48/141/36
o cube
v 0.22250000000000003 2.640356875 -0.43129750000000006
v 0.22250000000000003 2.640356875 -0.7200475
v 0.22250000000000003 2.5453568749999995 -0.43129750000000006
v 0.22250000000000003 2.5453568749999995 -0.7200475
v -0.32875 2.640356875 -0.7200475
v -0.32875 2.640356875 -0.43129750000000006
v -0.32875 2.5453568749999995 -0.7200475
v -0.32875 2.5453568749999995 -0.43129750000000006
vt 0.4921875 0.67578125
vt 0.52734375 0.67578125
vt 0.52734375 0.66796875
vt 0.4921875 0.66796875
vt 0.671875 0.9140625
vt 0.69140625 0.9140625
vt 0.69140625 0.90625
vt 0.671875 0.90625
vt 0.4921875 0.66796875
vt 0.52734375 0.66796875
vt 0.52734375 0.66015625
vt 0.4921875 0.66015625
vt 0.671875 0.90625
vt 0.69140625 0.90625
vt 0.69140625 0.8984375
vt 0.671875 0.8984375
vt 0.3046875 0.80859375
vt 0.26953125 0.80859375
vt 0.26953125 0.828125
vt 0.3046875 0.828125
vt 0.31640625 0.73828125
vt 0.28125 0.73828125
vt 0.28125 0.71875
vt 0.31640625 0.71875
vn 0 0 -1
vn 1 0 0
vn 0 0 1
vn -1 0 0
vn 0 1 0
vn 0 -1 0
usemtl m_91fe65ba-4f97-40fd-8230-0084d13434eb
f 52/148/37 55/147/37 53/146/37 50/145/37
f 51/152/38 52/151/38 50/150/38 49/149/38
f 56/156/39 51/155/39 49/154/39 54/153/39
f 55/160/40 56/159/40 54/158/40 53/157/40
f 54/164/41 49/163/41 50/162/41 53/161/41
f 55/168/42 52/167/42 51/166/42 56/165/42
o cube
v 0.22249999999999998 2.735356875 -0.43129750000000006
v 0.22249999999999998 2.735356875 -0.7512975
v 0.22249999999999998 2.640356875 -0.43129750000000006
v 0.22249999999999998 2.640356875 -0.7512975
v -0.34750000000000003 2.735356875 -0.7512975
v -0.34750000000000003 2.735356875 -0.43129750000000006
v -0.34750000000000003 2.640356875 -0.7512975
v -0.34750000000000003 2.640356875 -0.43129750000000006
vt 0.390625 0.5078125
vt 0.42578125 0.5078125
vt 0.42578125 0.5
vt 0.390625 0.5
vt 0.671875 0.78125
vt 0.69140625 0.78125
vt 0.69140625 0.7734375
vt 0.671875 0.7734375
vt 0.42578125 0.5078125
vt 0.4609375 0.5078125
vt 0.4609375 0.5
vt 0.42578125 0.5
vt 0.671875 0.7734375
vt 0.69140625 0.7734375
vt 0.69140625 0.765625
vt 0.671875 0.765625
vt 0.31640625 0.69921875
vt 0.28125 0.69921875
vt 0.28125 0.71875
vt 0.31640625 0.71875
vt 0.3203125 1
vt 0.28515625 1
vt 0.28515625 0.98046875
vt 0.3203125 0.98046875
vn 0 0 -1
vn 1 0 0
vn 0 0 1
vn -1 0 0
vn 0 1 0
vn 0 -1 0
usemtl m_91fe65ba-4f97-40fd-8230-0084d13434eb
f 60/172/43 63/171/43 61/170/43 58/169/43
f 59/176/44 60/175/44 58/174/44 57/173/44
f 64/180/45 59/179/45 57/178/45 62/177/45
f 63/184/46 64/183/46 62/182/46 61/181/46
f 62/188/47 57/187/47 58/186/47 61/185/47
f 63/192/48 60/191/48 59/190/48 64/189/48
o cube
v 0.1275 2.877856875 -0.4312975
v 0.1275 2.877856875 -0.7637975
v 0.1275 2.735356875 -0.4312975
v 0.1275 2.735356875 -0.7637975
v -0.25250000000000006 2.877856875 -0.7637975
v -0.25250000000000006 2.877856875 -0.4312975
v -0.25250000000000006 2.735356875 -0.7637975
v -0.25250000000000006 2.735356875 -0.4312975
vt 0.60546875 0.78125
vt 0.62890625 0.78125
vt 0.62890625 0.7734375
vt 0.60546875 0.7734375
vt 0.671875 0.765625
vt 0.69140625 0.765625
vt 0.69140625 0.7578125
vt 0.671875 0.7578125
vt 0.60546875 0.7734375
vt 0.62890625 0.7734375
vt 0.62890625 0.765625
vt 0.60546875 0.765625
vt 0.671875 0.7578125
vt 0.69140625 0.7578125
vt 0.69140625 0.75
vt 0.671875 0.75
vt 0.1015625 0.9296875
vt 0.078125 0.9296875
vt 0.078125 0.94921875
vt 0.1015625 0.94921875
vt 0.32421875 0.98046875
vt 0.30078125 0.98046875
vt 0.30078125 0.9609375
vt 0.32421875 0.9609375
vn 0 0 -1
vn 1 0 0
vn 0 0 1
vn -1 0 0
vn 0 1 0
vn 0 -1 0
usemtl m_91fe65ba-4f97-40fd-8230-0084d13434eb
f 68/196/49 71/195/49 69/194/49 66/193/49
f 67/200/50 68/199/50 66/198/50 65/197/50
f 72/204/51 67/203/51 65/202/51 70/201/51
f 71/208/52 72/207/52 70/206/52 69/205/52
f 70/212/53 65/211/53 66/210/53 69/209/53
f 71/216/54 68/215/54 67/214/54 72/213/54
o cube
v -0.11249999999999999 2.570981875 -0.7450475
v -0.11249999999999999 2.570981875 -0.8075475
v -0.11249999999999999 2.336606875 -0.7450475
v -0.11249999999999999 2.336606875 -0.8075475
v -0.184375 2.570981875 -0.8075475
v -0.184375 2.570981875 -0.7450475
v -0.184375 2.336606875 -0.8075475
v -0.184375 2.336606875 -0.7450475
vt 0.12890625 0.7578125
vt 0.1328125 0.7578125
vt 0.1328125 0.7421875
vt 0.12890625 0.7421875
vt 0.13671875 0.62890625
vt 0.140625 0.62890625
vt 0.140625 0.61328125
vt 0.13671875 0.61328125
vt 0.1328125 0.5625
vt 0.13671875 0.5625
vt 0.13671875 0.546875
vt 0.1328125 0.546875
vt 0.61328125 0.6953125
vt 0.6171875 0.6953125
vt 0.6171875 0.6796875
vt 0.61328125 0.6796875
vt 0.49609375 0.2734375
vt 0.4921875 0.2734375
vt 0.4921875 0.27734375
vt 0.49609375 0.27734375
vt 0.7265625 0.5078125
vt 0.72265625 0.5078125
vt 0.72265625 0.50390625
vt 0.7265625 0.50390625
vn 0 0 -1
vn 1 0 0
vn 0 0 1
vn -1 0 0
vn 0 1 0
vn 0 -1 0
usemtl m_91fe65ba-4f97-40fd-8230-0084d13434eb
f 76/220/55 79/219/55 77/218/55 74/217/55
f 75/224/56 76/223/56 74/222/56 73/221/56
f 80/228/57 75/227/57 73/226/57 78/225/57
f 79/232/58 80/231/58 78/230/58 77/229/58
f 78/236/59 73/235/59 74/234/59 77/233/59
f 79/240/60 76/239/60 75/238/60 80/237/60
o cube
v -0.15625 2.945981875 -0.6387974999999999
v -0.15625 2.945981875 -0.8012975
v -0.15625 2.711606875 -0.6387974999999999
v -0.15625 2.711606875 -0.8012975
v -0.246875 2.945981875 -0.8012975
v -0.246875 2.945981875 -0.6387974999999999
v -0.246875 2.711606875 -0.8012975
v -0.246875 2.711606875 -0.6387974999999999
vt 0.5859375 0.30078125
vt 0.58984375 0.30078125
vt 0.58984375 0.28515625
vt 0.5859375 0.28515625
vt 0.60546875 0.921875
vt 0.6171875 0.921875
vt 0.6171875 0.90625
vt 0.60546875 0.90625
vt 0.58984375 0.30078125
vt 0.59375 0.30078125
vt 0.59375 0.28515625
vt 0.58984375 0.28515625
vt 0.60546875 0.90625
vt 0.6171875 0.90625
vt 0.6171875 0.890625
vt 0.60546875 0.890625
vt 0.7109375 0.66015625
vt 0.70703125 0.66015625
vt 0.70703125 0.671875
vt 0.7109375 0.671875
vt 0.7109375 0.66015625
vt 0.70703125 0.66015625
vt 0.70703125 0.6484375
vt 0.7109375 0.6484375
vn 0 0 -1
vn 1 0 0
vn 0 0 1
vn -1 0 0
vn 0 1 0
vn 0 -1 0
usemtl m_91fe65ba-4f97-40fd-8230-0084d13434eb
f 84/244/61 87/243/61 85/242/61 82/241/61
f 83/248/62 84/247/62 82/246/62 81/245/62
f 88/252/63 83/251/63 81/250/63 86/249/63
f 87/256/64 88/255/64 86/254/64 85/253/64
f 86/260/65 81/259/65 82/258/65 85/257/65
f 87/264/66 84/263/66 83/262/66 88/261/66
o cube
v -0.09375 2.758481875 -0.7325475
v -0.09375 2.758481875 -0.8262975
v -0.09375 2.524106875 -0.7325475
v -0.09375 2.524106875 -0.8262975
v -0.16562500000000002 2.758481875 -0.8262975
v -0.16562500000000002 2.758481875 -0.7325475
v -0.16562500000000002 2.524106875 -0.8262975
v -0.16562500000000002 2.524106875 -0.7325475
vt 0.578125 0.30078125
vt 0.58203125 0.30078125
vt 0.58203125 0.28515625
vt 0.578125 0.28515625
vt 0.2578125 0.8046875
vt 0.265625 0.8046875
vt 0.265625 0.7890625
vt 0.2578125 0.7890625
vt 0.58203125 0.30078125
vt 0.5859375 0.30078125
vt 0.5859375 0.28515625
vt 0.58203125 0.28515625
vt 0.68359375 0.8203125
vt 0.69140625 0.8203125
vt 0.69140625 0.8046875
vt 0.68359375 0.8046875
vt 0.71484375 0.67578125
vt 0.7109375 0.67578125
vt 0.7109375 0.68359375
vt 0.71484375 0.68359375
vt 0.71484375 0.67578125
vt 0.7109375 0.67578125
vt 0.7109375 0.66796875
vt 0.71484375 0.66796875
vn 0 0 -1
vn 1 0 0
vn 0 0 1
vn -1 0 0
vn 0 1 0
vn 0 -1 0
usemtl m_91fe65ba-4f97-40fd-8230-0084d13434eb
f 92/268/67 95/267/67 93/266/67 90/265/67
f 91/272/68 92/271/68 90/270/68 89/269/68
f 96/276/69 91/275/69 89/274/69 94/273/69
f 95/280/70 96/279/70 94/278/70 93/277/70
f 94/284/71 89/283/71 90/282/71 93/281/71
f 95/288/72 92/287/72 91/286/72 96/285/72
o cube
v -0.21874999999999997 2.945981875 -0.6387974999999999
v -0.21874999999999997 2.945981875 -0.7700475
v -0.21874999999999997 2.711606875 -0.6387974999999999
v -0.21874999999999997 2.711606875 -0.7700475
v -0.30937499999999996 2.945981875 -0.7700475
v -0.30937499999999996 2.945981875 -0.6387974999999999
v -0.30937499999999996 2.711606875 -0.7700475
v -0.30937499999999996 2.711606875 -0.6387974999999999
vt 0.59375 0.30078125
vt 0.59765625 0.30078125
vt 0.59765625 0.28515625
vt 0.59375 0.28515625
vt 0.69140625 0.62109375
vt 0.69921875 0.62109375
vt 0.69921875 0.60546875
vt 0.69140625 0.60546875
vt 0.59765625 0.30078125
vt 0.6015625 0.30078125
vt 0.6015625 0.28515625
vt 0.59765625 0.28515625
vt 0.69140625 0.58984375
vt 0.69921875 0.58984375
vt 0.69921875 0.57421875
vt 0.69140625 0.57421875
vt 0.71484375 0.66015625
vt 0.7109375 0.66015625
vt 0.7109375 0.66796875
vt 0.71484375 0.66796875
vt 0.33984375 0.2890625
vt 0.3359375 0.2890625
vt 0.3359375 0.28125
vt 0.33984375 0.28125
vn 0 0 -1
vn 1 0 0
vn 0 0 1
vn -1 0 0
vn 0 1 0
vn 0 -1 0
usemtl m_91fe65ba-4f97-40fd-8230-0084d13434eb
f 100/292/73 103/291/73 101/290/73 98/289/73
f 99/296/74 100/295/74 98/294/74 97/293/74
f 104/300/75 99/299/75 97/298/75 102/297/75
f 103/304/76 104/303/76 102/302/76 101/301/76
f 102/308/77 97/307/77 98/306/77 101/305/77
f 103/312/78 100/311/78 99/310/78 104/309/78
o cube
v -0.1 2.383481875 -0.7637975000000001
v -0.1 2.383481875 -0.7887975
v -0.1 2.117856875 -0.7637975000000001
v -0.1 2.117856875 -0.7887975
v -0.146875 2.383481875 -0.7887975
v -0.146875 2.383481875 -0.7637975000000001
v -0.146875 2.117856875 -0.7887975
v -0.146875 2.117856875 -0.7637975000000001
vt 0.61328125 0.515625
vt 0.6171875 0.515625
vt 0.6171875 0.5
vt 0.61328125 0.5
vt 0.67578125 0.37890625
vt 0.6796875 0.37890625
vt 0.6796875 0.36328125
vt 0.67578125 0.36328125
vt 0.234375 0.3046875
vt 0.23828125 0.3046875
vt 0.23828125 0.2890625
vt 0.234375 0.2890625
vt 0.26171875 0.3046875
vt 0.265625 0.3046875
vt 0.265625 0.2890625
vt 0.26171875 0.2890625
vt 0.50390625 0.2734375
vt 0.5 0.2734375
vt 0.5 0.27734375
vt 0.50390625 0.27734375
vt 0.7265625 0.5
vt 0.72265625 0.5
vt 0.72265625 0.49609375
vt 0.7265625 0.49609375
vn 0 0 -1
vn 1 0 0
vn 0 0 1
vn -1 0 0
vn 0 1 0
vn 0 -1 0
usemtl m_91fe65ba-4f97-40fd-8230-0084d13434eb
f 108/316/79 111/315/79 109/314/79 106/313/79
f 107/320/80 108/319/80 106/318/80 105/317/80
f 112/324/81 107/323/81 105/322/81 110/321/81
f 111/328/82 112/327/82 110/326/82 109/325/82
f 110/332/83 105/331/83 106/330/83 109/329/83
f 111/336/84 108/335/84 107/334/84 112/333/84
o cube
v -0.25625 3.236606875 -0.44504750000000004
v -0.25625 3.236606875 -0.6950475
v -0.25625 2.986606875 -0.44504750000000004
v -0.25625 2.986606875 -0.6950475
v -0.44375 3.236606875 -0.6950475
v -0.44375 3.236606875 -0.44504750000000004
v -0.44375 2.986606875 -0.6950475
v -0.44375 2.986606875 -0.44504750000000004
vt 0.5078125 0.93359375
vt 0.51953125 0.93359375
vt 0.51953125 0.91796875
vt 0.5078125 0.91796875
vt 0.32421875 0.9296875
vt 0.33984375 0.9296875
vt 0.33984375 0.9140625
vt 0.32421875 0.9140625
vt 0.5078125 0.91796875
vt 0.51953125 0.91796875
vt 0.51953125 0.90234375
vt 0.5078125 0.90234375
vt 0.421875 0.75390625
vt 0.4375 0.75390625
vt 0.4375 0.73828125
vt 0.421875 0.73828125
vt 0.52734375 0.76953125
vt 0.515625 0.76953125
vt 0.515625 0.78515625
vt 0.52734375 0.78515625
vt 0.546875 0.890625
vt 0.53515625 0.890625
vt 0.53515625 0.875
vt 0.546875 0.875
vn 0 0 -1
vn 1 0 0
vn 0 0 1
vn -1 0 0
vn 0 1 0
vn 0 -1 0
usemtl m_91fe65ba-4f97-40fd-8230-0084d13434eb
f 116/340/85 119/339/85 117/338/85 114/337/85
f 115/344/86 116/343/86 114/342/86 113/341/86
f 120/348/87 115/347/87 113/346/87 118/345/87
f 119/352/88 120/351/88 118/350/88 117/349/88
f 118/356/89 113/355/89 114/354/89 117/353/89
f 119/360/90 116/359/90 115/358/90 120/357/90
o cube
v -0.1875 3.111606875 -0.4887975
v -0.1875 3.111606875 -0.7387975
v -0.1875 2.861606875 -0.4887975
v -0.1875 2.861606875 -0.7387975
v -0.375 3.111606875 -0.7387975
v -0.375 3.111606875 -0.4887975
v -0.375 2.861606875 -0.7387975
v -0.375 2.861606875 -0.4887975
vt 0.6015625 0.625
vt 0.61328125 0.625
vt 0.61328125 0.609375
vt 0.6015625 0.609375
vt 0.5078125 0.70703125
vt 0.5234375 0.70703125
vt 0.5234375 0.69140625
vt 0.5078125 0.69140625
vt 0.6015625 0.609375
vt 0.61328125 0.609375
vt 0.61328125 0.59375
vt 0.6015625 0.59375
vt 0.5078125 0.69140625
vt 0.5234375 0.69140625
vt 0.5234375 0.67578125
vt 0.5078125 0.67578125
vt 0.61328125 0.578125
vt 0.6015625 0.578125
vt 0.6015625 0.59375
vt 0.61328125 0.59375
vt 0.61328125 0.578125
vt 0.6015625 0.578125
vt 0.6015625 0.5625
vt 0.61328125 0.5625
vn 0 0 -1
vn 1 0 0
vn 0 0 1
vn -1 0 0
vn 0 1 0
vn 0 -1 0
usemtl m_91fe65ba-4f97-40fd-8230-0084d13434eb
f 124/364/91 127/363/91 125/362/91 122/361/91
f 123/368/92 124/367/92 122/366/92 121/365/92
f 128/372/93 123/371/93 121/370/93 126/369/93
f 127/376/94 128/375/94 126/374/94 125/373/94
f 126/380/95 121/379/95 122/378/95 125/377/95
f 127/384/96 124/383/96 123/382/96 128/381/96
o cube
v -0.38125 3.236606875 -0.13254749999999998
v -0.38125 3.236606875 -0.3825475
v -0.38125 3.049106875 -0.13254749999999998
v -0.38125 3.049106875 -0.3825475
v -0.56875 3.236606875 -0.3825475
v -0.56875 3.236606875 -0.13254749999999998
v -0.56875 3.049106875 -0.3825475
v -0.56875 3.049106875 -0.13254749999999998
vt 0.2109375 0.91796875
vt 0.22265625 0.91796875
vt 0.22265625 0.90625
vt 0.2109375 0.90625
vt 0.546875 0.8359375
vt 0.5625 0.8359375
vt 0.5625 0.82421875
vt 0.546875 0.82421875
vt 0.49609375 0.9453125
vt 0.5078125 0.9453125
vt 0.5078125 0.93359375
vt 0.49609375 0.93359375
vt 0.546875 0.82421875
vt 0.5625 0.82421875
vt 0.5625 0.8125
vt 0.546875 0.8125
vt 0.546875 0.6640625
vt 0.53515625 0.6640625
vt 0.53515625 0.6796875
vt 0.546875 0.6796875
vt 0.61328125 0.6953125
vt 0.6015625 0.6953125
vt 0.6015625 0.6796875
vt 0.61328125 0.6796875
vn 0 0 -1
vn 1 0 0
vn 0 0 1
vn -1 0 0
vn 0 1 0
vn 0 -1 0
usemtl m_91fe65ba-4f97-40fd-8230-0084d13434eb
f 132/388/97 135/387/97 133/386/97 130/385/97
f 131/392/98 132/391/98 130/390/98 129/389/98
f 136/396/99 131/395/99 129/394/99 134/393/99
f 135/400/100 136/399/100 134/398/100 133/397/100
f 134/404/101 129/403/101 130/402/101 133/401/101
f 135/408/102 132/407/102 131/406/102 136/405/102
o cube
v -0.31875 3.299106875 -0.32004750000000004
v -0.31875 3.299106875 -0.5700475
v -0.31875 3.111606875 -0.32004750000000004
v -0.31875 3.111606875 -0.5700475
v -0.50625 3.299106875 -0.5700475
v -0.50625 3.299106875 -0.32004750000000004
v -0.50625 3.111606875 -0.5700475
v -0.50625 3.111606875 -0.32004750000000004
vt 0.67578125 0.71875
vt 0.6875 0.71875
vt 0.6875 0.70703125
vt 0.67578125 0.70703125
vt 0.6015625 0.6796875
vt 0.6171875 0.6796875
vt 0.6171875 0.66796875
vt 0.6015625 0.66796875
vt 0.67578125 0.70703125
vt 0.6875 0.70703125
vt 0.6875 0.6953125
vt 0.67578125 0.6953125
vt 0.6015625 0.66796875
vt 0.6171875 0.66796875
vt 0.6171875 0.65625
vt 0.6015625 0.65625
vt 0.61328125 0.640625
vt 0.6015625 0.640625
vt 0.6015625 0.65625
vt 0.61328125 0.65625
vt 0.61328125 0.640625
vt 0.6015625 0.640625
vt 0.6015625 0.625
vt 0.61328125 0.625
vn 0 0 -1
vn 1 0 0
vn 0 0 1
vn -1 0 0
vn 0 1 0
vn 0 -1 0
usemtl m_91fe65ba-4f97-40fd-8230-0084d13434eb
f 140/412/103 143/411/103 141/410/103 138/409/103
f 139/416/104 140/415/104 138/414/104 137/413/104
f 144/420/105 139/419/105 137/418/105 142/417/105
f 143/424/106 144/423/106 142/422/106 141/421/106
f 142/428/107 137/427/107 138/426/107 141/425/107
f 143/432/108 140/431/108 139/430/108 144/429/108
o cube
v -0.475 3.155356875 -0.1137975
v -0.475 3.155356875 -0.1950475
v -0.475 2.949106875 -0.1137975
v -0.475 2.949106875 -0.1950475
v -0.63125 3.155356875 -0.1950475
v -0.63125 3.155356875 -0.1137975
v -0.63125 2.949106875 -0.1950475
v -0.63125 2.949106875 -0.1137975
vt 0.67578125 0.7421875
vt 0.6875 0.7421875
vt 0.6875 0.73046875
vt 0.67578125 0.73046875
vt 0.171875 0.6796875
vt 0.17578125 0.6796875
vt 0.17578125 0.66796875
vt 0.171875 0.66796875
vt 0.67578125 0.73046875
vt 0.6875 0.73046875
vt 0.6875 0.71875
vt 0.67578125 0.71875
vt 0.27734375 0.64453125
vt 0.28125 0.64453125
vt 0.28125 0.6328125
vt 0.27734375 0.6328125
vt 0.41796875 0.73828125
vt 0.40625 0.73828125
vt 0.40625 0.7421875
vt 0.41796875 0.7421875
vt 0.47265625 0.56640625
vt 0.4609375 0.56640625
vt 0.4609375 0.5625
vt 0.47265625 0.5625
vn 0 0 -1
vn 1 0 0
vn 0 0 1
vn -1 0 0
vn 0 1 0
vn 0 -1 0
usemtl m_91fe65ba-4f97-40fd-8230-0084d13434eb
f 148/436/109 151/435/109 149/434/109 146/433/109
f 147/440/110 148/439/110 146/438/110 145/437/110
f 152/444/111 147/443/111 145/442/111 150/441/111
f 151/448/112 152/447/112 150/446/112 149/445/112
f 150/452/113 145/451/113 146/450/113 149/449/113
f 151/456/114 148/455/114 147/454/114 152/453/114
o cube
v -0.5375 3.049106875 -0.05129749999999998
v -0.5375 3.049106875 -0.13254749999999998
v -0.5375 2.880356875 -0.05129749999999998
v -0.5375 2.880356875 -0.13254749999999998
v -0.63125 3.049106875 -0.13254749999999998
v -0.63125 3.049106875 -0.05129749999999998
v -0.63125 2.880356875 -0.13254749999999998
v -0.63125 2.880356875 -0.05129749999999998
vt 0.29296875 0.75
vt 0.30078125 0.75
vt 0.30078125 0.73828125
vt 0.29296875 0.73828125
vt 0.16796875 0.61328125
vt 0.171875 0.61328125
vt 0.171875 0.6015625
vt 0.16796875 0.6015625
vt 0.4140625 0.78125
vt 0.421875 0.78125
vt 0.421875 0.76953125
vt 0.4140625 0.76953125
vt 0.40625 0.9453125
vt 0.41015625 0.9453125
vt 0.41015625 0.93359375
vt 0.40625 0.93359375
vt 0.0625 0.82421875
vt 0.0546875 0.82421875
vt 0.0546875 0.828125
vt 0.0625 0.828125
vt 0.2578125 0.9296875
vt 0.25 0.9296875
vt 0.25 0.92578125
vt 0.2578125 0.92578125
vn 0 0 -1
vn 1 0 0
vn 0 0 1
vn -1 0 0
vn 0 1 0
vn 0 -1 0
usemtl m_91fe65ba-4f97-40fd-8230-0084d13434eb
f 156/460/115 159/459/115 157/458/115 154/457/115
f 155/464/116 156/463/116 154/462/116 153/461/116
f 160/468/117 155/467/117 153/466/117 158/465/117
f 159/472/118 160/471/118 158/470/118 157/469/118
f 158/476/119 153/475/119 154/474/119 157/473/119
f 159/480/120 156/479/120 155/478/120 160/477/120
o cube
v -0.15625 2.727231875 -0.7387975
v -0.15625 2.727231875 -0.8012975
v -0.15625 2.680356875 -0.7387975
v -0.15625 2.680356875 -0.8012975
v -0.203125 2.727231875 -0.8012975
v -0.203125 2.727231875 -0.7387975
v -0.203125 2.680356875 -0.8012975
v -0.203125 2.680356875 -0.7387975
vt 0.72265625 0.55078125
vt 0.7265625 0.55078125
vt 0.7265625 0.546875
vt 0.72265625 0.546875
vt 0.453125 0.27734375
vt 0.45703125 0.27734375
vt 0.45703125 0.2734375
vt 0.453125 0.2734375
vt 0.72265625 0.546875
vt 0.7265625 0.546875
vt 0.7265625 0.54296875
vt 0.72265625 0.54296875
vt 0.72265625 0.54296875
vt 0.7265625 0.54296875
vt 0.7265625 0.5390625
vt 0.72265625 0.5390625
vt 0.46484375 0.2734375
vt 0.4609375 0.2734375
vt 0.4609375 0.27734375
vt 0.46484375 0.27734375
vt 0.7265625 0.5390625
vt 0.72265625 0.5390625
vt 0.72265625 0.53515625
vt 0.7265625 0.53515625
vn 0 0 -1
vn 1 0 0
vn 0 0 1
vn -1 0 0
vn 0 1 0
vn 0 -1 0
usemtl m_91fe65ba-4f97-40fd-8230-0084d13434eb
f 164/484/121 167/483/121 165/482/121 162/481/121
f 163/488/122 164/487/122 162/486/122 161/485/122
f 168/492/123 163/491/123 161/490/123 166/489/123
f 167/496/124 168/495/124 166/494/124 165/493/124
f 166/500/125 161/499/125 162/498/125 165/497/125
f 167/504/126 164/503/126 163/502/126 168/501/126
o cube
v -0.1375 2.683481875 -0.7325474999999999
v -0.1375 2.683481875 -0.8012975
v -0.1375 2.636606875 -0.7325474999999999
v -0.1375 2.636606875 -0.8012975
v -0.184375 2.683481875 -0.8012975
v -0.184375 2.683481875 -0.7325474999999999
v -0.184375 2.636606875 -0.8012975
v -0.184375 2.636606875 -0.7325474999999999
vt 0.4765625 0.27734375
vt 0.48046875 0.27734375
vt 0.48046875 0.2734375
vt 0.4765625 0.2734375
vt 0.72265625 0.5234375
vt 0.7265625 0.5234375
vt 0.7265625 0.51953125
vt 0.72265625 0.51953125
vt 0.48046875 0.27734375
vt 0.484375 0.27734375
vt 0.484375 0.2734375
vt 0.48046875 0.2734375
vt 0.72265625 0.51953125
vt 0.7265625 0.51953125
vt 0.7265625 0.515625
vt 0.72265625 0.515625
vt 0.7265625 0.51171875
vt 0.72265625 0.51171875
vt 0.72265625 0.515625
vt 0.7265625 0.515625
vt 0.7265625 0.51171875
vt 0.72265625 0.51171875
vt 0.72265625 0.5078125
vt 0.7265625 0.5078125
vn 0 0 -1
vn 1 0 0
vn 0 0 1
vn -1 0 0
vn 0 1 0
vn 0 -1 0
usemtl m_91fe65ba-4f97-40fd-8230-0084d13434eb
f 172/508/127 175/507/127 173/506/127 170/505/127
f 171/512/128 172/511/128 170/510/128 169/509/128
f 176/516/129 171/515/129 169/514/129 174/513/129
f 175/520/130 176/519/130 174/518/130 173/517/130
f 174/524/131 169/523/131 170/522/131 173/521/131
f 175/528/132 172/527/132 171/526/132 176/525/132
o cube
v -0.2 2.745981875 -0.7387975
v -0.2 2.745981875 -0.8137975
v -0.2 2.699106875 -0.7387975
v -0.2 2.699106875 -0.8137975
v -0.265625 2.745981875 -0.8137975
v -0.265625 2.745981875 -0.7387975
v -0.265625 2.699106875 -0.8137975
v -0.265625 2.699106875 -0.7387975
vt 0.46484375 0.27734375
vt 0.46875 0.27734375
vt 0.46875 0.2734375
vt 0.46484375 0.2734375
vt 0.72265625 0.53515625
vt 0.7265625 0.53515625
vt 0.7265625 0.53125
vt 0.72265625 0.53125
vt 0.46875 0.27734375
vt 0.47265625 0.27734375
vt 0.47265625 0.2734375
vt 0.46875 0.2734375
vt 0.72265625 0.53125
vt 0.7265625 0.53125
vt 0.7265625 0.52734375
vt 0.72265625 0.52734375
vt 0.4765625 0.2734375
vt 0.47265625 0.2734375
vt 0.47265625 0.27734375
vt 0.4765625 0.27734375
vt 0.7265625 0.52734375
vt 0.72265625 0.52734375
vt 0.72265625 0.5234375
vt 0.7265625 0.5234375
vn 0 0 -1
vn 1 0 0
vn 0 0 1
vn -1 0 0
vn 0 1 0
vn 0 -1 0
usemtl m_91fe65ba-4f97-40fd-8230-0084d13434eb
f 180/532/133 183/531/133 181/530/133 178/529/133
f 179/536/134 180/535/134 178/534/134 177/533/134
f 184/540/135 179/539/135 177/538/135 182/537/135
f 183/544/136 184/543/136 182/542/136 181/541/136
f 182/548/137 177/547/137 178/546/137 181/545/137
f 183/552/138 180/551/138 179/550/138 184/549/138
o cube
v -0.31875 2.714731875 -0.7512975
v -0.31875 2.714731875 -0.7887975
v -0.31875 2.667856875 -0.7512975
v -0.31875 2.667856875 -0.7887975
v -0.34062500000000007 2.714731875 -0.7887975
v -0.34062500000000007 2.714731875 -0.7512975
v -0.34062500000000007 2.667856875 -0.7887975
v -0.34062500000000007 2.667856875 -0.7512975
vt 0.72265625 0.57421875
vt 0.7265625 0.57421875
vt 0.7265625 0.5703125
vt 0.72265625 0.5703125
vt 0.4296875 0.27734375
vt 0.43359375 0.27734375
vt 0.43359375 0.2734375
vt 0.4296875 0.2734375
vt 0.72265625 0.5703125
vt 0.7265625 0.5703125
vt 0.7265625 0.56640625
vt 0.72265625 0.56640625
vt 0.43359375 0.27734375
vt 0.4375 0.27734375
vt 0.4375 0.2734375
vt 0.43359375 0.2734375
vt 0.7265625 0.5625
vt 0.72265625 0.5625
vt 0.72265625 0.56640625
vt 0.7265625 0.56640625
vt 0.44140625 0.27734375
vt 0.4375 0.27734375
vt 0.4375 0.2734375
vt 0.44140625 0.2734375
vn 0 0 -1
vn 1 0 0
vn 0 0 1
vn -1 0 0
vn 0 1 0
vn 0 -1 0
usemtl m_91fe65ba-4f97-40fd-8230-0084d13434eb
f 188/556/139 191/555/139 189/554/139 186/553/139
f 187/560/140 188/559/140 186/558/140 185/557/140
f 192/564/141 187/563/141 185/562/141 190/561/141
f 191/568/142 192/567/142 190/566/142 189/565/142
f 190/572/143 185/571/143 186/570/143 189/569/143
f 191/576/144 188/575/144 187/574/144 192/573/144
o cube
v -0.28125 2.745981875 -0.7512975
v -0.28125 2.745981875 -0.7887975
v -0.28125 2.699106875 -0.7512975
v -0.28125 2.699106875 -0.7887975
v -0.328125 2.745981875 -0.7887975
v -0.328125 2.745981875 -0.7512975
v -0.328125 2.699106875 -0.7887975
v -0.328125 2.699106875 -0.7512975
vt 0.72265625 0.5625
vt 0.7265625 0.5625
vt 0.7265625 0.55859375
vt 0.72265625 0.55859375
vt 0.44140625 0.27734375
vt 0.4453125 0.27734375
vt 0.4453125 0.2734375
vt 0.44140625 0.2734375
vt 0.72265625 0.55859375
vt 0.7265625 0.55859375
vt 0.7265625 0.5546875
vt 0.72265625 0.5546875
vt 0.4453125 0.27734375
vt 0.44921875 0.27734375
vt 0.44921875 0.2734375
vt 0.4453125 0.2734375
vt 0.7265625 0.55078125
vt 0.72265625 0.55078125
vt 0.72265625 0.5546875
vt 0.7265625 0.5546875
vt 0.453125 0.27734375
vt 0.44921875 0.27734375
vt 0.44921875 0.2734375
vt 0.453125 0.2734375
vn 0 0 -1
vn 1 0 0
vn 0 0 1
vn -1 0 0
vn 0 1 0
vn 0 -1 0
usemtl m_91fe65ba-4f97-40fd-8230-0084d13434eb
f 196/580/145 199/579/145 197/578/145 194/577/145
f 195/584/146 196/583/146 194/582/146 193/581/146
f 200/588/147 195/587/147 193/586/147 198/585/147
f 199/592/148 200/591/148 198/590/148 197/589/148
f 198/596/149 193/595/149 194/594/149 197/593/149
f 199/600/150 196/599/150 195/598/150 200/597/150
o cube
v -0.2525 2.545356875 -0.6212975
v -0.2525 2.545356875 -0.7325475
v -0.1574999999999994 2.545356875 -0.6212975
v -0.1574999999999994 2.545356875 -0.7325475
v -0.2525000000000001 2.2603568750000003 -0.7325475
v -0.2525000000000001 2.2603568750000003 -0.6212975
v -0.15749999999999945 2.2603568750000003 -0.7325475
v -0.15749999999999945 2.2603568750000003 -0.6212975
vt 0.671875 0.9921875
vt 0.69140625 0.9921875
vt 0.69140625 0.984375
vt 0.671875 0.984375
vt 0.69921875 0.35546875
vt 0.70703125 0.35546875
vt 0.70703125 0.34765625
vt 0.69921875 0.34765625
vt 0.671875 0.984375
vt 0.69140625 0.984375
vt 0.69140625 0.9765625
vt 0.671875 0.9765625
vt 0.703125 0.41796875
vt 0.7109375 0.41796875
vt 0.7109375 0.41015625
vt 0.703125 0.41015625
vt 0.69140625 0.96875
vt 0.671875 0.96875
vt 0.671875 0.9765625
vt 0.69140625 0.9765625
vt 0.69140625 0.96875
vt 0.671875 0.96875
vt 0.671875 0.9609375
vt 0.69140625 0.9609375
vn 0 0 -1
vn 2.220446049250313e-16 1 0
vn 0 0 1
vn -2.220446049250313e-16 -1 0
vn -1 2.220446049250313e-16 0
vn 1 -2.220446049250313e-16 0
usemtl m_91fe65ba-4f97-40fd-8230-0084d13434eb
f 204/604/151 207/603/151 205/602/151 202/601/151
f 203/608/152 204/607/152 202/606/152 201/605/152
f 208/612/153 203/611/153 201/610/153 206/609/153
f 207/616/154 208/615/154 206/614/154 205/613/154
f 206/620/155 201/619/155 202/618/155 205/617/155
f 207/624/156 204/623/156 203/622/156 208/621/156
o cube
v -0.28375 2.545356875 -0.6212975
v -0.28375 2.545356875 -0.7137975
v -0.25124999999999936 2.545356875 -0.6212975
v -0.25124999999999936 2.545356875 -0.7137975
v -0.28375000000000006 2.2603568750000003 -0.7137975
v -0.28375000000000006 2.2603568750000003 -0.6212975
v -0.2512499999999994 2.2603568750000003 -0.7137975
v -0.2512499999999994 2.2603568750000003 -0.6212975
vt 0.671875 0.9296875
vt 0.69140625 0.9296875
vt 0.69140625 0.921875
vt 0.671875 0.921875
vt 0.7109375 0.59765625
vt 0.71484375 0.59765625
vt 0.71484375 0.58984375
vt 0.7109375 0.58984375
vt 0.671875 0.921875
vt 0.69140625 0.921875
vt 0.69140625 0.9140625
vt 0.671875 0.9140625
vt 0.45703125 0.2890625
vt 0.4609375 0.2890625
vt 0.4609375 0.28125
vt 0.45703125 0.28125
vt 0.71875 0.99609375
vt 0.69921875 0.99609375
vt 0.69921875 1
vt 0.71875 1
vt 0.71875 0.99609375
vt 0.69921875 0.99609375
vt 0.69921875 0.9921875
vt 0.71875 0.9921875
vn 0 0 -1
vn 2.220446049250313e-16 1 0
vn 0 0 1
vn -2.220446049250313e-16 -1 0
vn -1 2.220446049250313e-16 0
vn 1 -2.220446049250313e-16 0
usemtl m_91fe65ba-4f97-40fd-8230-0084d13434eb
f 212/628/157 215/627/157 213/626/157 210/625/157
f 211/632/158 212/631/158 210/630/158 209/629/158
f 216/636/159 211/635/159 209/634/159 214/633/159
f 215/640/160 216/639/160 214/638/160 213/637/160
f 214/644/161 209/643/161 210/642/161 213/641/161
f 215/648/162 212/647/162 211/646/162 216/645/162
o cube
v -0.2650000000000001 2.520356875 -0.6587975000000001
v -0.2650000000000001 2.520356875 -0.7575475
v -0.13249999999999984 2.520356875 -0.6587975000000001
v -0.13249999999999984 2.520356875 -0.7575475
v -0.2650000000000002 2.297856875 -0.7575475
v -0.2650000000000002 2.297856875 -0.6587975000000001
v -0.1324999999999999 2.297856875 -0.7575475
v -0.1324999999999999 2.297856875 -0.6587975000000001
vt 0.69140625 0.51171875
vt 0.70703125 0.51171875
vt 0.70703125 0.50390625
vt 0.69140625 0.50390625
vt 0.703125 0.41015625
vt 0.7109375 0.41015625
vt 0.7109375 0.40234375
vt 0.703125 0.40234375
vt 0.69140625 0.50390625
vt 0.70703125 0.50390625
vt 0.70703125 0.49609375
vt 0.69140625 0.49609375
vt 0.703125 0.33984375
vt 0.7109375 0.33984375
vt 0.7109375 0.33203125
vt 0.703125 0.33203125
vt 0.70703125 0.48828125
vt 0.69140625 0.48828125
vt 0.69140625 0.49609375
vt 0.70703125 0.49609375
vt 0.70703125 0.48828125
vt 0.69140625 0.48828125
vt 0.69140625 0.48046875
vt 0.70703125 0.48046875
vn 0 0 -1
vn 2.220446049250313e-16 1 0
vn 0 0 1
vn -2.220446049250313e-16 -1 0
vn -1 2.220446049250313e-16 0
vn 1 -2.220446049250313e-16 0
usemtl m_91fe65ba-4f97-40fd-8230-0084d13434eb
f 220/652/163 223/651/163 221/650/163 218/649/163
f 219/656/164 220/655/164 218/654/164 217/653/164
f 224/660/165 219/659/165 217/658/165 222/657/165
f 223/664/166 224/663/166 222/662/166 221/661/166
f 222/668/167 217/667/167 218/666/167 221/665/167
f 223/672/168 220/671/168 219/670/168 224/669/168
o cube
v -0.19625 2.701606875 -0.6462975
v -0.19625 2.701606875 -0.7575475
v -0.1012499999999994 2.701606875 -0.6462975
v -0.1012499999999994 2.701606875 -0.7575475
v -0.1962500000000001 2.4166068750000003 -0.7575475
v -0.1962500000000001 2.4166068750000003 -0.6462975
v -0.10124999999999945 2.416606875 -0.7575475
v -0.10124999999999945 2.416606875 -0.6462975
vt 0.671875 0.9609375
vt 0.69140625 0.9609375
vt 0.69140625 0.953125
vt 0.671875 0.953125
vt 0.703125 0.33203125
vt 0.7109375 0.33203125
vt 0.7109375 0.32421875
vt 0.703125 0.32421875
vt 0.671875 0.953125
vt 0.69140625 0.953125
vt 0.69140625 0.9453125
vt 0.671875 0.9453125
vt 0.703125 0.32421875
vt 0.7109375 0.32421875
vt 0.7109375 0.31640625
vt 0.703125 0.31640625
vt 0.69140625 0.9375
vt 0.671875 0.9375
vt 0.671875 0.9453125
vt 0.69140625 0.9453125
vt 0.69140625 0.9375
vt 0.671875 0.9375
vt 0.671875 0.9296875
vt 0.69140625 0.9296875
vn 0 0 -1
vn 2.220446049250313e-16 1 0
vn 0 0 1
vn -2.220446049250313e-16 -1 0
vn -1 2.220446049250313e-16 0
vn 1 -2.220446049250313e-16 0
usemtl m_91fe65ba-4f97-40fd-8230-0084d13434eb
f 228/676/169 231/675/169 229/674/169 226/673/169
f 227/680/170 228/679/170 226/678/170 225/677/170
f 232/684/171 227/683/171 225/682/171 230/681/171
f 231/688/172 232/687/172 230/686/172 229/685/172
f 230/692/173 225/691/173 226/690/173 229/689/173
f 231/696/174 228/695/174 227/694/174 232/693/174
o cube
v -0.18125 2.5209818749999995 -0.7325475000000001
v -0.18125 2.5209818749999995 -0.7825475
v -0.18125 2.374106875 -0.7325475000000001
v -0.18125 2.374106875 -0.7825475
v -0.228125 2.5209818749999995 -0.7825475
v -0.228125 2.5209818749999995 -0.7325475000000001
v -0.228125 2.374106875 -0.7825475
v -0.228125 2.374106875 -0.7325475000000001
vt 0.7109375 0.71484375
vt 0.71484375 0.71484375
vt 0.71484375 0.70703125
vt 0.7109375 0.70703125
vt 0.7109375 0.70703125
vt 0.71484375 0.70703125
vt 0.71484375 0.69921875
vt 0.7109375 0.69921875
vt 0.7109375 0.69921875
vt 0.71484375 0.69921875
vt 0.71484375 0.69140625
vt 0.7109375 0.69140625
vt 0.7109375 0.69140625
vt 0.71484375 0.69140625
vt 0.71484375 0.68359375
vt 0.7109375 0.68359375
vt 0.5 0.2734375
vt 0.49609375 0.2734375
vt 0.49609375 0.27734375
vt 0.5 0.27734375
vt 0.7265625 0.50390625
vt 0.72265625 0.50390625
vt 0.72265625 0.5
vt 0.7265625 0.5
vn 0 0 -1
vn 1 0 0
vn 0 0 1
vn -1 0 0
vn 0 1 0
vn 0 -1 0
usemtl m_91fe65ba-4f97-40fd-8230-0084d13434eb
f 236/700/175 239/699/175 237/698/175 234/697/175
f 235/704/176 236/703/176 234/702/176 233/701/176
f 240/708/177 235/707/177 233/706/177 238/705/177
f 239/712/178 240/711/178 238/710/178 237/709/178
f 238/716/179 233/715/179 234/714/179 237/713/179
f 239/720/180 236/719/180 235/718/180 240/717/180
o cube
v -0.24624999999999994 2.640356875 -0.4312975
v -0.24624999999999994 2.640356875 -0.7137975
v -0.24624999999999994 2.5453568749999995 -0.4312975
v -0.24624999999999994 2.5453568749999995 -0.7137975
v -0.385 2.640356875 -0.7137975
v -0.385 2.640356875 -0.4312975
v -0.385 2.5453568749999995 -0.7137975
v -0.385 2.5453568749999995 -0.4312975
vt 0.703125 0.30859375
vt 0.7109375 0.30859375
vt 0.7109375 0.30078125
vt 0.703125 0.30078125
vt 0.671875 0.8984375
vt 0.69140625 0.8984375
vt 0.69140625 0.890625
vt 0.671875 0.890625
vt 0.703125 0.30078125
vt 0.7109375 0.30078125
vt 0.7109375 0.29296875
vt 0.703125 0.29296875
vt 0.671875 0.890625
vt 0.69140625 0.890625
vt 0.69140625 0.8828125
vt 0.671875 0.8828125
vt 0.203125 0.7578125
vt 0.1953125 0.7578125
vt 0.1953125 0.77734375
vt 0.203125 0.77734375
vt 0.30078125 0.76953125
vt 0.29296875 0.76953125
vt 0.29296875 0.75
vt 0.30078125 0.75
vn 0 0 -1
vn 1 0 0
vn 0 0 1
vn -1 0 0
vn 0 1 0
vn 0 -1 0
usemtl m_91fe65ba-4f97-40fd-8230-0084d13434eb
f 244/724/181 247/723/181 245/722/181 242/721/181
f 243/728/182 244/727/182 242/726/182 241/725/182
f 248/732/183 243/731/183 241/730/183 246/729/183
f 247/736/184 248/735/184 246/734/184 245/733/184
f 246/740/185 241/739/185 242/738/185 245/737/185
f 247/744/186 244/743/186 243/742/186 248/741/186
o cube
v -0.11874999999999986 2.549106875 -0.5512975
v -0.11874999999999986 2.549106875 -0.6762975
v -0.06875000000000003 2.549106875 -0.5512975
v -0.06875000000000003 2.549106875 -0.6762975
v -0.11875000000000002 1.799106875 -0.6762975
v -0.11875000000000002 1.799106875 -0.5512975
v -0.0687500000000002 1.799106875 -0.6762975
v -0.0687500000000002 1.799106875 -0.5512975
vt 0.60546875 0.8359375
vt 0.65234375 0.8359375
vt 0.65234375 0.83203125
vt 0.60546875 0.83203125
vt 0.3671875 0.2890625
vt 0.375 0.2890625
vt 0.375 0.28515625
vt 0.3671875 0.28515625
vt 0.60546875 0.83203125
vt 0.65234375 0.83203125
vt 0.65234375 0.828125
vt 0.60546875 0.828125
vt 0.7109375 0.6328125
vt 0.71875 0.6328125
vt 0.71875 0.62890625
vt 0.7109375 0.62890625
vt 0.5078125 0.953125
vt 0.4609375 0.953125
vt 0.4609375 0.9609375
vt 0.5078125 0.9609375
vt 0.5078125 0.953125
vt 0.4609375 0.953125
vt 0.4609375 0.9453125
vt 0.5078125 0.9453125
vn 0 0 -1
vn 2.220446049250313e-16 1 0
vn 0 0 1
vn -2.220446049250313e-16 -1 0
vn -1 2.220446049250313e-16 0
vn 1 -2.220446049250313e-16 0
usemtl m_91fe65ba-4f97-40fd-8230-0084d13434eb
f 252/748/187 255/747/187 253/746/187 250/745/187
f 251/752/188 252/751/188 250/750/188 249/749/188
f 256/756/189 251/755/189 249/754/189 254/753/189
f 255/760/190 256/759/190 254/758/190 253/757/190
f 254/764/191 249/763/191 250/762/191 253/761/191
f 255/768/192 252/767/192 251/766/192 256/765/192
o cube
v -0.21874999999999986 2.549106875 -0.47629750000000004
v -0.21874999999999986 2.549106875 -0.6325475
v -0.1624999999999995 2.549106875 -0.47629750000000004
v -0.1624999999999995 2.549106875 -0.6325475
v -0.21875 1.9741068750000001 -0.6325475
v -0.21875 1.9741068750000001 -0.47629750000000004
v -0.16249999999999964 1.9741068750000001 -0.6325475
v -0.16249999999999964 1.9741068750000001 -0.47629750000000004
vt 0.30078125 0.9453125
vt 0.3359375 0.9453125
vt 0.3359375 0.94140625
vt 0.30078125 0.94140625
vt 0.70703125 0.625
vt 0.71875 0.625
vt 0.71875 0.62109375
vt 0.70703125 0.62109375
vt 0.67578125 0.6015625
vt 0.7109375 0.6015625
vt 0.7109375 0.59765625
vt 0.67578125 0.59765625
vt 0.70703125 0.62109375
vt 0.71875 0.62109375
vt 0.71875 0.6171875
vt 0.70703125 0.6171875
vt 0.4921875 0.85546875
vt 0.45703125 0.85546875
vt 0.45703125 0.8671875
vt 0.4921875 0.8671875
vt 0.4921875 0.85546875
vt 0.45703125 0.85546875
vt 0.45703125 0.84375
vt 0.4921875 0.84375
vn 0 0 -1
vn 2.220446049250313e-16 1 0
vn 0 0 1
vn -2.220446049250313e-16 -1 0
vn -1 2.220446049250313e-16 0
vn 1 -2.220446049250313e-16 0
usemtl m_91fe65ba-4f97-40fd-8230-0084d13434eb
f 260/772/193 263/771/193 261/770/193 258/769/193
f 259/776/194 260/775/194 258/774/194 257/773/194
f 264/780/195 259/779/195 257/778/195 262/777/195
f 263/784/196 264/783/196 262/782/196 261/781/196
f 262/788/197 257/787/197 258/786/197 261/785/197
f 263/792/198 260/791/198 259/790/198 264/789/198
o cube
v -0.15750000000000003 2.545356875 -0.6212975000000001
v -0.15750000000000003 2.545356875 -0.7512975
v -0.06249999999999939 2.545356875 -0.6212975000000001
v -0.06249999999999939 2.545356875 -0.7512975
v -0.15750000000000014 1.9753568750000001 -0.7512975
v -0.15750000000000014 1.9753568750000001 -0.6212975000000001
v -0.062499999999999514 1.9753568750000001 -0.7512975
v -0.062499999999999514 1.9753568750000001 -0.6212975000000001
vt 0.4921875 0.74609375
vt 0.52734375 0.74609375
vt 0.52734375 0.73828125
vt 0.4921875 0.73828125
vt 0.68359375 0.296875
vt 0.69140625 0.296875
vt 0.69140625 0.2890625
vt 0.68359375 0.2890625
vt 0.4921875 0.73828125
vt 0.52734375 0.73828125
vt 0.52734375 0.73046875
vt 0.4921875 0.73046875
vt 0.703125 0.31640625
vt 0.7109375 0.31640625
vt 0.7109375 0.30859375
vt 0.703125 0.30859375
vt 0.52734375 0.72265625
vt 0.4921875 0.72265625
vt 0.4921875 0.73046875
vt 0.52734375 0.73046875
vt 0.52734375 0.72265625
vt 0.4921875 0.72265625
vt 0.4921875 0.71484375
vt 0.52734375 0.71484375
vn 0 0 -1
vn 2.220446049250313e-16 1 0
vn 0 0 1
vn -2.220446049250313e-16 -1 0
vn -1 2.220446049250313e-16 0
vn 1 -2.220446049250313e-16 0
usemtl m_91fe65ba-4f97-40fd-8230-0084d13434eb
f 268/796/199 271/795/199 269/794/199 266/793/199
f 267/800/200 268/799/200 266/798/200 265/797/200
f 272/804/201 267/803/201 265/802/201 270/801/201
f 271/808/202 272/807/202 270/806/202 269/805/202
f 270/812/203 265/811/203 266/810/203 269/809/203
f 271/816/204 268/815/204 267/814/204 272/813/204
o cube
v -0.1874999999999995 2.549106875 -0.5825475
v -0.1874999999999995 2.549106875 -0.6762975
v -0.024999999999999856 2.549106875 -0.5825475
v -0.024999999999999856 2.549106875 -0.6762975
v -0.1874999999999996 2.017856875 -0.6762975
v -0.1874999999999996 2.017856875 -0.5825475
v -0.024999999999999974 2.017856875 -0.6762975
v -0.024999999999999974 2.017856875 -0.5825475
vt 0.45703125 0.890625
vt 0.4921875 0.890625
vt 0.4921875 0.87890625
vt 0.45703125 0.87890625
vt 0.6953125 0.44921875
vt 0.703125 0.44921875
vt 0.703125 0.4375
vt 0.6953125 0.4375
vt 0.45703125 0.87890625
vt 0.4921875 0.87890625
vt 0.4921875 0.8671875
vt 0.45703125 0.8671875
vt 0.6953125 0.4375
vt 0.703125 0.4375
vt 0.703125 0.42578125
vt 0.6953125 0.42578125
vt 0.52734375 0.79296875
vt 0.4921875 0.79296875
vt 0.4921875 0.80078125
vt 0.52734375 0.80078125
vt 0.52734375 0.79296875
vt 0.4921875 0.79296875
vt 0.4921875 0.78515625
vt 0.52734375 0.78515625
vn 0 0 -1
vn 2.220446049250313e-16 1 0
vn 0 0 1
vn -2.220446049250313e-16 -1 0
vn -1 2.220446049250313e-16 0
vn 1 -2.220446049250313e-16 0
usemtl m_91fe65ba-4f97-40fd-8230-0084d13434eb
f 276/820/205 279/819/205 277/818/205 274/817/205
f 275/824/206 276/823/206 274/822/206 273/821/206
f 280/828/207 275/827/207 273/826/207 278/825/207
f 279/832/208 280/831/208 278/830/208 277/829/208
f 278/836/209 273/835/209 274/834/209 277/833/209
f 279/840/210 276/839/210 275/838/210 280/837/210
o cube
v -0.20000000000000004 2.549106875 -0.47629750000000004
v -0.20000000000000004 2.549106875 -0.6325475
v -0.1625000000000004 2.549106875 -0.47629750000000004
v -0.1625000000000004 2.549106875 -0.6325475
v -0.2000000000000002 1.817856875 -0.6325475
v -0.2000000000000002 1.817856875 -0.47629750000000004
v -0.16250000000000056 1.817856875 -0.6325475
v -0.16250000000000056 1.817856875 -0.47629750000000004
vt 0.60546875 0.828125
vt 0.65234375 0.828125
vt 0.65234375 0.82421875
vt 0.60546875 0.82421875
vt 0.70703125 0.6171875
vt 0.71875 0.6171875
vt 0.71875 0.61328125
vt 0.70703125 0.61328125
vt 0.60546875 0.82421875
vt 0.65234375 0.82421875
vt 0.65234375 0.8203125
vt 0.60546875 0.8203125
vt 0.70703125 0.61328125
vt 0.71875 0.61328125
vt 0.71875 0.609375
vt 0.70703125 0.609375
vt 0.328125 0.83203125
vt 0.28125 0.83203125
vt 0.28125 0.84375
vt 0.328125 0.84375
vt 0.3359375 0.94140625
vt 0.2890625 0.94140625
vt 0.2890625 0.9296875
vt 0.3359375 0.9296875
vn 0 0 -1
vn 2.220446049250313e-16 1 0
vn 0 0 1
vn -2.220446049250313e-16 -1 0
vn -1 2.220446049250313e-16 0
vn 1 -2.220446049250313e-16 0
usemtl m_91fe65ba-4f97-40fd-8230-0084d13434eb
f 284/844/211 287/843/211 285/842/211 282/841/211
f 283/848/212 284/847/212 282/846/212 281/845/212
f 288/852/213 283/851/213 281/850/213 286/849/213
f 287/856/214 288/855/214 286/854/214 285/853/214
f 286/860/215 281/859/215 282/858/215 285/857/215
f 287/864/216 284/863/216 283/862/216 288/861/216
o cube
v -0.10624999999999998 2.195981875 -0.7637975000000001
v -0.10624999999999998 2.195981875 -0.7887975
v -0.10624999999999998 1.9303568750000002 -0.7637975000000001
v -0.10624999999999998 1.9303568750000002 -0.7887975
v -0.134375 2.195981875 -0.7887975
v -0.134375 2.195981875 -0.7637975000000001
v -0.134375 1.9303568750000002 -0.7887975
v -0.134375 1.9303568750000002 -0.7637975000000001
vt 0.69921875 0.54296875
vt 0.703125 0.54296875
vt 0.703125 0.52734375
vt 0.69921875 0.52734375
vt 0.69921875 0.52734375
vt 0.703125 0.52734375
vt 0.703125 0.51171875
vt 0.69921875 0.51171875
vt 0.5703125 0.30078125
vt 0.57421875 0.30078125
vt 0.57421875 0.28515625
vt 0.5703125 0.28515625
vt 0.57421875 0.30078125
vt 0.578125 0.30078125
vt 0.578125 0.28515625
vt 0.57421875 0.28515625
vt 0.5078125 0.2734375
vt 0.50390625 0.2734375
vt 0.50390625 0.27734375
vt 0.5078125 0.27734375
vt 0.7265625 0.49609375
vt 0.72265625 0.49609375
vt 0.72265625 0.4921875
vt 0.7265625 0.4921875
vn 0 0 -1
vn 1 0 0
vn 0 0 1
vn -1 0 0
vn 0 1 0
vn 0 -1 0
usemtl m_91fe65ba-4f97-40fd-8230-0084d13434eb
f 292/868/217 295/867/217 293/866/217 290/865/217
f 291/872/218 292/871/218 290/870/218 289/869/218
f 296/876/219 291/875/219 289/874/219 294/873/219
f 295/880/220 296/879/220 294/878/220 293/877/220
f 294/884/221 289/883/221 290/882/221 293/881/221
f 295/888/222 292/887/222 291/886/222 296/885/222
o cube
v 0.26875 2.917856875 -0.28879750000000004
v 0.26875 2.917856875 -0.5950475
v 0.26875 2.7991068749999997 -0.28879750000000004
v 0.26875 2.7991068749999997 -0.5950475
v -0.39375 2.917856875 -0.5950475
v -0.39375 2.917856875 -0.28879750000000004
v -0.39375 2.7991068749999997 -0.5950475
v -0.39375 2.7991068749999997 -0.28879750000000004
vt 0.46484375 0.93359375
vt 0.5078125 0.93359375
vt 0.5078125 0.92578125
vt 0.46484375 0.92578125
vt 0.6640625 0.33203125
vt 0.68359375 0.33203125
vt 0.68359375 0.32421875
vt 0.6640625 0.32421875
vt 0.46484375 0.92578125
vt 0.5078125 0.92578125
vt 0.5078125 0.91796875
vt 0.46484375 0.91796875
vt 0.671875 1
vt 0.69140625 1
vt 0.69140625 0.9921875
vt 0.671875 0.9921875
vt 0.2578125 0.81640625
vt 0.21484375 0.81640625
vt 0.21484375 0.8359375
vt 0.2578125 0.8359375
vt 0.265625 0.890625
vt 0.22265625 0.890625
vt 0.22265625 0.87109375
vt 0.265625 0.87109375
vn 0 0 -1
vn 1 0 0
vn 0 0 1
vn -1 0 0
vn 0 1 0
vn 0 -1 0
usemtl m_91fe65ba-4f97-40fd-8230-0084d13434eb
f 300/892/223 303/891/223 301/890/223 298/889/223
f 299/896/224 300/895/224 298/894/224 297/893/224
f 304/900/225 299/899/225 297/898/225 302/897/225
f 303/904/226 304/903/226 302/902/226 301/901/226
f 302/908/227 297/907/227 298/906/227 301/905/227
f 303/912/228 300/911/228 299/910/228 304/909/228
o cube
v 0.18750000000000003 2.174106875 -0.4887975
v 0.18750000000000003 2.174106875 -0.6762975
v 0.06250000000000003 2.174106875 -0.4887975
v 0.06250000000000003 2.174106875 -0.6762975
v 0.18749999999999994 2.549106875 -0.6762975
v 0.18749999999999994 2.549106875 -0.4887975
v 0.062499999999999944 2.549106875 -0.6762975
v 0.062499999999999944 2.549106875 -0.4887975
vt 0.60546875 0.8203125
vt 0.62890625 0.8203125
vt 0.62890625 0.8125
vt 0.60546875 0.8125
vt 0.51171875 0.71484375
vt 0.5234375 0.71484375
vt 0.5234375 0.70703125
vt 0.51171875 0.70703125
vt 0.60546875 0.8125
vt 0.62890625 0.8125
vt 0.62890625 0.8046875
vt 0.60546875 0.8046875
vt 0.515625 0.76953125
vt 0.52734375 0.76953125
vt 0.52734375 0.76171875
vt 0.515625 0.76171875
vt 0.515625 0.7734375
vt 0.4921875 0.7734375
vt 0.4921875 0.78515625
vt 0.515625 0.78515625
vt 0.515625 0.7734375
vt 0.4921875 0.7734375
vt 0.4921875 0.76171875
vt 0.515625 0.76171875
vn 0 0 -1
vn 2.220446049250313e-16 -1 0
vn 0 0 1
vn -2.220446049250313e-16 1 0
vn 1 2.220446049250313e-16 0
vn -1 -2.220446049250313e-16 0
usemtl m_91fe65ba-4f97-40fd-8230-0084d13434eb
f 308/916/229 311/915/229 309/914/229 306/913/229
f 307/920/230 308/919/230 306/918/230 305/917/230
f 312/924/231 307/923/231 305/922/231 310/921/231
f 311/928/232 312/927/232 310/926/232 309/925/232
f 310/932/233 305/931/233 306/930/233 309/929/233
f 311/936/234 308/935/234 307/934/234 312/933/234
o cube
v 0.043749999999999845 1.861606875 -0.5700475
v 0.043749999999999845 1.861606875 -0.6762975
v -0.043750000000000525 1.861606875 -0.5700475
v -0.043750000000000525 1.861606875 -0.6762975
v 0.04374999999999968 2.486606875 -0.6762975
v 0.04374999999999968 2.486606875 -0.5700475
v -0.04375000000000066 2.486606875 -0.6762975
v -0.04375000000000066 2.486606875 -0.5700475
vt 0.60546875 0.8046875
vt 0.65234375 0.8046875
vt 0.65234375 0.80078125
vt 0.60546875 0.80078125
vt 0.7109375 0.62890625
vt 0.71875 0.62890625
vt 0.71875 0.625
vt 0.7109375 0.625
vt 0.60546875 0.80078125
vt 0.65234375 0.80078125
vt 0.65234375 0.796875
vt 0.60546875 0.796875
vt 0.375 0.2890625
vt 0.3828125 0.2890625
vt 0.3828125 0.28515625
vt 0.375 0.28515625
vt 0.5078125 0.62109375
vt 0.4609375 0.62109375
vt 0.4609375 0.62890625
vt 0.5078125 0.62890625
vt 0.5078125 0.62109375
vt 0.4609375 0.62109375
vt 0.4609375 0.61328125
vt 0.5078125 0.61328125
vn 0 0 -1
vn 2.220446049250313e-16 -1 0
vn 0 0 1
vn -2.220446049250313e-16 1 0
vn 1 2.220446049250313e-16 0
vn -1 -2.220446049250313e-16 0
usemtl m_91fe65ba-4f97-40fd-8230-0084d13434eb
f 316/940/235 319/939/235 317/938/235 314/937/235
f 315/944/236 316/943/236 314/942/236 313/941/236
f 320/948/237 315/947/237 313/946/237 318/945/237
f 319/952/238 320/951/238 318/950/238 317/949/238
f 318/956/239 313/955/239 314/954/239 317/953/239
f 319/960/240 316/959/240 315/958/240 320/957/240
o cube
v 0.06249999999999961 2.017856875 -0.5825475
v 0.06249999999999961 2.017856875 -0.6762975
v -0.10000000000000003 2.017856875 -0.5825475
v -0.10000000000000003 2.017856875 -0.6762975
v 0.0624999999999995 2.549106875 -0.6762975
v 0.0624999999999995 2.549106875 -0.5825475
v -0.10000000000000014 2.549106875 -0.6762975
v -0.10000000000000014 2.549106875 -0.5825475
vt 0.45703125 0.5625
vt 0.4921875 0.5625
vt 0.4921875 0.55078125
vt 0.45703125 0.55078125
vt 0.6953125 0.42578125
vt 0.703125 0.42578125
vt 0.703125 0.4140625
vt 0.6953125 0.4140625
vt 0.45703125 0.55078125
vt 0.4921875 0.55078125
vt 0.4921875 0.5390625
vt 0.45703125 0.5390625
vt 0.6953125 0.4140625
vt 0.703125 0.4140625
vt 0.703125 0.40234375
vt 0.6953125 0.40234375
vt 0.52734375 0.75390625
vt 0.4921875 0.75390625
vt 0.4921875 0.76171875
vt 0.52734375 0.76171875
vt 0.52734375 0.75390625
vt 0.4921875 0.75390625
vt 0.4921875 0.74609375
vt 0.52734375 0.74609375
vn 0 0 -1
vn 2.220446049250313e-16 -1 0
vn 0 0 1
vn -2.220446049250313e-16 1 0
vn 1 2.220446049250313e-16 0
vn -1 -2.220446049250313e-16 0
usemtl m_91fe65ba-4f97-40fd-8230-0084d13434eb
f 324/964/241 327/963/241 325/962/241 322/961/241
f 323/968/242 324/967/242 322/966/242 321/965/242
f 328/972/243 323/971/243 321/970/243 326/969/243
f 327/976/244 328/975/244 326/974/244 325/973/244
f 326/980/245 321/979/245 322/978/245 325/977/245
f 327/984/246 324/983/246 323/982/246 328/981/246
o cube
v -0.006249999999999978 1.799106875 -0.5512975
v -0.006249999999999978 1.799106875 -0.6762975
v -0.0562499999999998 1.799106875 -0.5512975
v -0.0562499999999998 1.799106875 -0.6762975
v -0.006250000000000144 2.549106875 -0.6762975
v -0.006250000000000144 2.549106875 -0.5512975
v -0.05624999999999997 2.549106875 -0.6762975
v -0.05624999999999997 2.549106875 -0.5512975
vt 0.60546875 0.796875
vt 0.65234375 0.796875
vt 0.65234375 0.79296875
vt 0.60546875 0.79296875
vt 0.3828125 0.2890625
vt 0.390625 0.2890625
vt 0.390625 0.28515625
vt 0.3828125 0.28515625
vt 0.60546875 0.79296875
vt 0.65234375 0.79296875
vt 0.65234375 0.7890625
vt 0.60546875 0.7890625
vt 0.7109375 0.6015625
vt 0.71875 0.6015625
vt 0.71875 0.59765625
vt 0.7109375 0.59765625
vt 0.5078125 0.60546875
vt 0.4609375 0.60546875
vt 0.4609375 0.61328125
vt 0.5078125 0.61328125
vt 0.5078125 0.60546875
vt 0.4609375 0.60546875
vt 0.4609375 0.59765625
vt 0.5078125 0.59765625
vn 0 0 -1
vn 2.220446049250313e-16 -1 0
vn 0 0 1
vn -2.220446049250313e-16 1 0
vn 1 2.220446049250313e-16 0
vn -1 -2.220446049250313e-16 0
usemtl m_91fe65ba-4f97-40fd-8230-0084d13434eb
f 332/988/247 335/987/247 333/986/247 330/985/247
f 331/992/248 332/991/248 330/990/248 329/989/248
f 336/996/249 331/995/249 329/994/249 334/993/249
f 335/1000/250 336/999/250 334/998/250 333/997/250
f 334/1004/251 329/1003/251 330/1002/251 333/1001/251
f 335/1008/252 332/1007/252 331/1006/252 336/1005/252
o cube
v 0.09374999999999997 1.9741068750000001 -0.47629750000000004
v 0.09374999999999997 1.9741068750000001 -0.6325475
v 0.037499999999999624 1.9741068750000001 -0.47629750000000004
v 0.037499999999999624 1.9741068750000001 -0.6325475
v 0.09374999999999986 2.549106875 -0.6325475
v 0.09374999999999986 2.549106875 -0.47629750000000004
v 0.0374999999999995 2.549106875 -0.6325475
v 0.0374999999999995 2.549106875 -0.47629750000000004
vt 0.67578125 0.59765625
vt 0.7109375 0.59765625
vt 0.7109375 0.59375
vt 0.67578125 0.59375
vt 0.70703125 0.609375
vt 0.71875 0.609375
vt 0.71875 0.60546875
vt 0.70703125 0.60546875
vt 0.67578125 0.59375
vt 0.7109375 0.59375
vt 0.7109375 0.58984375
vt 0.67578125 0.58984375
vt 0.70703125 0.58984375
vt 0.71875 0.58984375
vt 0.71875 0.5859375
vt 0.70703125 0.5859375
vt 0.49609375 0.98828125
vt 0.4609375 0.98828125
vt 0.4609375 1
vt 0.49609375 1
vt 0.49609375 0.98828125
vt 0.4609375 0.98828125
vt 0.4609375 0.9765625
vt 0.49609375 0.9765625
vn 0 0 -1
vn 2.220446049250313e-16 -1 0
vn 0 0 1
vn -2.220446049250313e-16 1 0
vn 1 2.220446049250313e-16 0
vn -1 -2.220446049250313e-16 0
usemtl m_91fe65ba-4f97-40fd-8230-0084d13434eb
f 340/1012/253 343/1011/253 341/1010/253 338/1009/253
f 339/1016/254 340/1015/254 338/1014/254 337/1013/254
f 344/1020/255 339/1019/255 337/1018/255 342/1017/255
f 343/1024/256 344/1023/256 342/1022/256 341/1021/256
f 342/1028/257 337/1027/257 338/1026/257 341/1025/257
f 343/1032/258 340/1031/258 339/1030/258 344/1029/258
o cube
v 0.0750000000000002 1.8178568750000001 -0.47629750000000004
v 0.0750000000000002 1.8178568750000001 -0.6325475
v 0.037500000000000554 1.8178568750000001 -0.47629750000000004
v 0.037500000000000554 1.8178568750000001 -0.6325475
v 0.07500000000000004 2.549106875 -0.6325475
v 0.07500000000000004 2.549106875 -0.47629750000000004
v 0.03750000000000039 2.549106875 -0.6325475
v 0.03750000000000039 2.549106875 -0.47629750000000004
vt 0.60546875 0.7890625
vt 0.65234375 0.7890625
vt 0.65234375 0.78515625
vt 0.60546875 0.78515625
vt 0.70703125 0.5859375
vt 0.71875 0.5859375
vt 0.71875 0.58203125
vt 0.70703125 0.58203125
vt 0.60546875 0.78515625
vt 0.65234375 0.78515625
vt 0.65234375 0.78125
vt 0.60546875 0.78125
vt 0.70703125 0.58203125
vt 0.71875 0.58203125
vt 0.71875 0.578125
vt 0.70703125 0.578125
vt 0.3359375 0.90234375
vt 0.2890625 0.90234375
vt 0.2890625 0.9140625
vt 0.3359375 0.9140625
vt 0.3359375 0.90234375
vt 0.2890625 0.90234375
vt 0.2890625 0.890625
vt 0.3359375 0.890625
vn 0 0 -1
vn 2.220446049250313e-16 -1 0
vn 0 0 1
vn -2.220446049250313e-16 1 0
vn 1 2.220446049250313e-16 0
vn -1 -2.220446049250313e-16 0
usemtl m_91fe65ba-4f97-40fd-8230-0084d13434eb
f 348/1036/259 351/1035/259 349/1034/259 346/1033/259
f 347/1040/260 348/1039/260 346/1038/260 345/1037/260
f 352/1044/261 347/1043/261 345/1042/261 350/1041/261
f 351/1048/262 352/1047/262 350/1046/262 349/1045/262
f 350/1052/263 345/1051/263 346/1050/263 349/1049/263
f 351/1056/264 348/1055/264 347/1054/264 352/1053/264
o cube
v -0.109375 2.745981875 -0.7637974999999999
v -0.109375 2.745981875 -0.8012975
v -0.109375 2.699106875 -0.7637974999999999
v -0.109375 2.699106875 -0.8012975
v -0.15625 2.745981875 -0.8012975
v -0.15625 2.745981875 -0.7637974999999999
v -0.15625 2.699106875 -0.8012975
v -0.15625 2.699106875 -0.7637974999999999
vt 0.5078125 0.27734375
vt 0.51171875 0.27734375
vt 0.51171875 0.2734375
vt 0.5078125 0.2734375
vt 0.72265625 0.4921875
vt 0.7265625 0.4921875
vt 0.7265625 0.48828125
vt 0.72265625 0.48828125
vt 0.51171875 0.27734375
vt 0.515625 0.27734375
vt 0.515625 0.2734375
vt 0.51171875 0.2734375
vt 0.72265625 0.48828125
vt 0.7265625 0.48828125
vt 0.7265625 0.484375
vt 0.72265625 0.484375
vt 0.7265625 0.48046875
vt 0.72265625 0.48046875
vt 0.72265625 0.484375
vt 0.7265625 0.484375
vt 0.7265625 0.48046875
vt 0.72265625 0.48046875
vt 0.72265625 0.4765625
vt 0.7265625 0.4765625
vn 0 0 -1
vn 1 0 0
vn 0 0 1
vn -1 0 0
vn 0 1 0
vn 0 -1 0
usemtl m_91fe65ba-4f97-40fd-8230-0084d13434eb
f 356/1060/265 359/1059/265 357/1058/265 354/1057/265
f 355/1064/266 356/1063/266 354/1062/266 353/1061/266
f 360/1068/267 355/1067/267 353/1066/267 358/1065/267
f 359/1072/268 360/1071/268 358/1070/268 357/1069/268
f 358/1076/269 353/1075/269 354/1074/269 357/1073/269
f 359/1080/270 356/1079/270 355/1078/270 360/1077/270
o cube
v 0.215625 2.714731875 -0.7512975
v 0.215625 2.714731875 -0.7887975
v 0.215625 2.667856875 -0.7512975
v 0.215625 2.667856875 -0.7887975
v 0.19375000000000003 2.714731875 -0.7887975
v 0.19375000000000003 2.714731875 -0.7512975
v 0.19375000000000003 2.667856875 -0.7887975
v 0.19375000000000003 2.667856875 -0.7512975
vt 0.72265625 0.4765625
vt 0.7265625 0.4765625
vt 0.7265625 0.47265625
vt 0.72265625 0.47265625
vt 0.72265625 0.47265625
vt 0.7265625 0.47265625
vt 0.7265625 0.46875
vt 0.72265625 0.46875
vt 0.72265625 0.46875
vt 0.7265625 0.46875
vt 0.7265625 0.46484375
vt 0.72265625 0.46484375
vt 0.72265625 0.46484375
vt 0.7265625 0.46484375
vt 0.7265625 0.4609375
vt 0.72265625 0.4609375
vt 0.7265625 0.45703125
vt 0.72265625 0.45703125
vt 0.72265625 0.4609375
vt 0.7265625 0.4609375
vt 0.7265625 0.45703125
vt 0.72265625 0.45703125
vt 0.72265625 0.453125
vt 0.7265625 0.453125
vn 0 0 -1
vn 1 0 0
vn 0 0 1
vn -1 0 0
vn 0 1 0
vn 0 -1 0
usemtl m_91fe65ba-4f97-40fd-8230-0084d13434eb
f 364/1084/271 367/1083/271 365/1082/271 362/1081/271
f 363/1088/272 364/1087/272 362/1086/272 361/1085/272
f 368/1092/273 363/1091/273 361/1090/273 366/1089/273
f 367/1096/274 368/1095/274 366/1094/274 365/1093/274
f 366/1100/275 361/1099/275 362/1098/275 365/1097/275
f 367/1104/276 364/1103/276 363/1102/276 368/1101/276
o cube
v 0.203125 2.745981875 -0.7512975
v 0.203125 2.745981875 -0.7887975
v 0.203125 2.699106875 -0.7512975
v 0.203125 2.699106875 -0.7887975
v 0.15625 2.745981875 -0.7887975
v 0.15625 2.745981875 -0.7512975
v 0.15625 2.699106875 -0.7887975
v 0.15625 2.699106875 -0.7512975
vt 0.72265625 0.453125
vt 0.7265625 0.453125
vt 0.7265625 0.44921875
vt 0.72265625 0.44921875
vt 0.72265625 0.44921875
vt 0.7265625 0.44921875
vt 0.7265625 0.4453125
vt 0.72265625 0.4453125
vt 0.72265625 0.4453125
vt 0.7265625 0.4453125
vt 0.7265625 0.44140625
vt 0.72265625 0.44140625
vt 0.55859375 0.27734375
vt 0.5625 0.27734375
vt 0.5625 0.2734375
vt 0.55859375 0.2734375
vt 0.7265625 0.4375
vt 0.72265625 0.4375
vt 0.72265625 0.44140625
vt 0.7265625 0.44140625
vt 0.56640625 0.27734375
vt 0.5625 0.27734375
vt 0.5625 0.2734375
vt 0.56640625 0.2734375
vn 0 0 -1
vn 1 0 0
vn 0 0 1
vn -1 0 0
vn 0 1 0
vn 0 -1 0
usemtl m_91fe65ba-4f97-40fd-8230-0084d13434eb
f 372/1108/277 375/1107/277 373/1106/277 370/1105/277
f 371/1112/278 372/1111/278 370/1110/278 369/1109/278
f 376/1116/279 371/1115/279 369/1114/279 374/1113/279
f 375/1120/280 376/1119/280 374/1118/280 373/1117/280
f 374/1124/281 369/1123/281 370/1122/281 373/1121/281
f 375/1128/282 372/1127/282 371/1126/282 376/1125/282
o cube
v 0.078125 2.727231875 -0.7387975
v 0.078125 2.727231875 -0.8012975
v 0.078125 2.680356875 -0.7387975
v 0.078125 2.680356875 -0.8012975
v 0.03125 2.727231875 -0.8012975
v 0.03125 2.727231875 -0.7387975
v 0.03125 2.680356875 -0.8012975
v 0.03125 2.680356875 -0.7387975
vt 0.72265625 0.4375
vt 0.7265625 0.4375
vt 0.7265625 0.43359375
vt 0.72265625 0.43359375
vt 0.56640625 0.27734375
vt 0.5703125 0.27734375
vt 0.5703125 0.2734375
vt 0.56640625 0.2734375
vt 0.72265625 0.43359375
vt 0.7265625 0.43359375
vt 0.7265625 0.4296875
vt 0.72265625 0.4296875
vt 0.5703125 0.27734375
vt 0.57421875 0.27734375
vt 0.57421875 0.2734375
vt 0.5703125 0.2734375
vt 0.7265625 0.42578125
vt 0.72265625 0.42578125
vt 0.72265625 0.4296875
vt 0.7265625 0.4296875
vt 0.578125 0.27734375
vt 0.57421875 0.27734375
vt 0.57421875 0.2734375
vt 0.578125 0.2734375
vn 0 0 -1
vn 1 0 0
vn 0 0 1
vn -1 0 0
vn 0 1 0
vn 0 -1 0
usemtl m_91fe65ba-4f97-40fd-8230-0084d13434eb
f 380/1132/283 383/1131/283 381/1130/283 378/1129/283
f 379/1136/284 380/1135/284 378/1134/284 377/1133/284
f 384/1140/285 379/1139/285 377/1138/285 382/1137/285
f 383/1144/286 384/1143/286 382/1142/286 381/1141/286
f 382/1148/287 377/1147/287 378/1146/287 381/1145/287
f 383/1152/288 380/1151/288 379/1150/288 384/1149/288
o cube
v 0.146875 2.745981875 -0.7387975
v 0.146875 2.745981875 -0.8137975
v 0.146875 2.699106875 -0.7387975
v 0.146875 2.699106875 -0.8137975
v 0.07499999999999998 2.745981875 -0.8137975
v 0.07499999999999998 2.745981875 -0.7387975
v 0.07499999999999998 2.699106875 -0.8137975
v 0.07499999999999998 2.699106875 -0.7387975
vt 0.72265625 0.42578125
vt 0.7265625 0.42578125
vt 0.7265625 0.421875
vt 0.72265625 0.421875
vt 0.578125 0.27734375
vt 0.58203125 0.27734375
vt 0.58203125 0.2734375
vt 0.578125 0.2734375
vt 0.72265625 0.421875
vt 0.7265625 0.421875
vt 0.7265625 0.41796875
vt 0.72265625 0.41796875
vt 0.58203125 0.27734375
vt 0.5859375 0.27734375
vt 0.5859375 0.2734375
vt 0.58203125 0.2734375
vt 0.7265625 0.4140625
vt 0.72265625 0.4140625
vt 0.72265625 0.41796875
vt 0.7265625 0.41796875
vt 0.58984375 0.27734375
vt 0.5859375 0.27734375
vt 0.5859375 0.2734375
vt 0.58984375 0.2734375
vn 0 0 -1
vn 1 0 0
vn 0 0 1
vn -1 0 0
vn 0 1 0
vn 0 -1 0
usemtl m_91fe65ba-4f97-40fd-8230-0084d13434eb
f 388/1156/289 391/1155/289 389/1154/289 386/1153/289
f 387/1160/290 388/1159/290 386/1158/290 385/1157/290
f 392/1164/291 387/1163/291 385/1162/291 390/1161/291
f 391/1168/292 392/1167/292 390/1166/292 389/1165/292
f 390/1172/293 385/1171/293 386/1170/293 389/1169/293
f 391/1176/294 388/1175/294 387/1174/294 392/1173/294
o cube
v 0.059375 2.683481875 -0.7325474999999999
v 0.059375 2.683481875 -0.8012975
v 0.059375 2.636606875 -0.7325474999999999
v 0.059375 2.636606875 -0.8012975
v 0.012500000000000011 2.683481875 -0.8012975
v 0.012500000000000011 2.683481875 -0.7325474999999999
v 0.012500000000000011 2.636606875 -0.8012975
v 0.012500000000000011 2.636606875 -0.7325474999999999
vt 0.72265625 0.4140625
vt 0.7265625 0.4140625
vt 0.7265625 0.41015625
vt 0.72265625 0.41015625
vt 0.58984375 0.27734375
vt 0.59375 0.27734375
vt 0.59375 0.2734375
vt 0.58984375 0.2734375
vt 0.72265625 0.41015625
vt 0.7265625 0.41015625
vt 0.7265625 0.40625
vt 0.72265625 0.40625
vt 0.59375 0.27734375
vt 0.59765625 0.27734375
vt 0.59765625 0.2734375
vt 0.59375 0.2734375
vt 0.7265625 0.40234375
vt 0.72265625 0.40234375
vt 0.72265625 0.40625
vt 0.7265625 0.40625
vt 0.6015625 0.27734375
vt 0.59765625 0.27734375
vt 0.59765625 0.2734375
vt 0.6015625 0.2734375
vn 0 0 -1
vn 1 0 0
vn 0 0 1
vn -1 0 0
vn 0 1 0
vn 0 -1 0
usemtl m_91fe65ba-4f97-40fd-8230-0084d13434eb
f 396/1180/295 399/1179/295 397/1178/295 394/1177/295
f 395/1184/296 396/1183/296 394/1182/296 393/1181/296
f 400/1188/297 395/1187/297 393/1186/297 398/1185/297
f 399/1192/298 400/1191/298 398/1190/298 397/1189/298
f 398/1196/299 393/1195/299 394/1194/299 397/1193/299
f 399/1200/300 396/1199/300 395/1198/300 400/1197/300
o cube
v 0.059375 2.570981875 -0.7450475
v 0.059375 2.570981875 -0.8075475
v 0.059375 2.336606875 -0.7450475
v 0.059375 2.336606875 -0.8075475
v -0.012500000000000011 2.570981875 -0.8075475
v -0.012500000000000011 2.570981875 -0.7450475
v -0.012500000000000011 2.336606875 -0.8075475
v -0.012500000000000011 2.336606875 -0.7450475
vt 0.6015625 0.30078125
vt 0.60546875 0.30078125
vt 0.60546875 0.28515625
vt 0.6015625 0.28515625
vt 0.60546875 0.30078125
vt 0.609375 0.30078125
vt 0.609375 0.28515625
vt 0.60546875 0.28515625
vt 0.609375 0.30078125
vt 0.61328125 0.30078125
vt 0.61328125 0.28515625
vt 0.609375 0.28515625
vt 0.6171875 0.30078125
vt 0.62109375 0.30078125
vt 0.62109375 0.28515625
vt 0.6171875 0.28515625
vt 0.7265625 0.3984375
vt 0.72265625 0.3984375
vt 0.72265625 0.40234375
vt 0.7265625 0.40234375
vt 0.60546875 0.27734375
vt 0.6015625 0.27734375
vt 0.6015625 0.2734375
vt 0.60546875 0.2734375
vn 0 0 -1
vn 1 0 0
vn 0 0 1
vn -1 0 0
vn 0 1 0
vn 0 -1 0
usemtl m_91fe65ba-4f97-40fd-8230-0084d13434eb
f 404/1204/301 407/1203/301 405/1202/301 402/1201/301
f 403/1208/302 404/1207/302 402/1206/302 401/1205/302
f 408/1212/303 403/1211/303 401/1210/303 406/1209/303
f 407/1216/304 408/1215/304 406/1214/304 405/1213/304
f 406/1220/305 401/1219/305 402/1218/305 405/1217/305
f 407/1224/306 404/1223/306 403/1222/306 408/1221/306
o cube
v 0.103125 2.5209818749999995 -0.7325475000000001
v 0.103125 2.5209818749999995 -0.7825475
v 0.103125 2.374106875 -0.7325475000000001
v 0.103125 2.374106875 -0.7825475
v 0.056249999999999994 2.5209818749999995 -0.7825475
v 0.056249999999999994 2.5209818749999995 -0.7325475000000001
v 0.056249999999999994 2.374106875 -0.7825475
v 0.056249999999999994 2.374106875 -0.7325475000000001
vt 0.33984375 0.2890625
vt 0.34375 0.2890625
vt 0.34375 0.28125
vt 0.33984375 0.28125
vt 0.7109375 0.66015625
vt 0.71484375 0.66015625
vt 0.71484375 0.65234375
vt 0.7109375 0.65234375
vt 0.34375 0.2890625
vt 0.34765625 0.2890625
vt 0.34765625 0.28125
vt 0.34375 0.28125
vt 0.34765625 0.2890625
vt 0.3515625 0.2890625
vt 0.3515625 0.28125
vt 0.34765625 0.28125
vt 0.7265625 0.39453125
vt 0.72265625 0.39453125
vt 0.72265625 0.3984375
vt 0.7265625 0.3984375
vt 0.609375 0.27734375
vt 0.60546875 0.27734375
vt 0.60546875 0.2734375
vt 0.609375 0.2734375
vn 0 0 -1
vn 1 0 0
vn 0 0 1
vn -1 0 0
vn 0 1 0
vn 0 -1 0
usemtl m_91fe65ba-4f97-40fd-8230-0084d13434eb
f 412/1228/307 415/1227/307 413/1226/307 410/1225/307
f 411/1232/308 412/1231/308 410/1230/308 409/1229/308
f 416/1236/309 411/1235/309 409/1234/309 414/1233/309
f 415/1240/310 416/1239/310 414/1238/310 413/1237/310
f 414/1244/311 409/1243/311 410/1242/311 413/1241/311
f 415/1248/312 412/1247/312 411/1246/312 416/1245/312
o cube
v 0.021874999999999978 2.383481875 -0.7637975000000001
v 0.021874999999999978 2.383481875 -0.7887975
v 0.021874999999999978 2.117856875 -0.7637975000000001
v 0.021874999999999978 2.117856875 -0.7887975
v -0.025000000000000022 2.383481875 -0.7887975
v -0.025000000000000022 2.383481875 -0.7637975000000001
v -0.025000000000000022 2.117856875 -0.7887975
v -0.025000000000000022 2.117856875 -0.7637975000000001
vt 0.62109375 0.30078125
vt 0.625 0.30078125
vt 0.625 0.28515625
vt 0.62109375 0.28515625
vt 0.625 0.30078125
vt 0.62890625 0.30078125
vt 0.62890625 0.28515625
vt 0.625 0.28515625
vt 0.69921875 0.33984375
vt 0.703125 0.33984375
vt 0.703125 0.32421875
vt 0.69921875 0.32421875
vt 0.6953125 0.30078125
vt 0.69921875 0.30078125
vt 0.69921875 0.28515625
vt 0.6953125 0.28515625
vt 0.7265625 0.390625
vt 0.72265625 0.390625
vt 0.72265625 0.39453125
vt 0.7265625 0.39453125
vt 0.61328125 0.27734375
vt 0.609375 0.27734375
vt 0.609375 0.2734375
vt 0.61328125 0.2734375
vn 0 0 -1
vn 1 0 0
vn 0 0 1
vn -1 0 0
vn 0 1 0
vn 0 -1 0
usemtl m_91fe65ba-4f97-40fd-8230-0084d13434eb
f 420/1252/313 423/1251/313 421/1250/313 418/1249/313
f 419/1256/314 420/1255/314 418/1254/314 417/1253/314
f 424/1260/315 419/1259/315 417/1258/315 422/1257/315
f 423/1264/316 424/1263/316 422/1262/316 421/1261/316
f 422/1268/317 417/1267/317 418/1266/317 421/1265/317
f 423/1272/318 420/1271/318 419/1270/318 424/1269/318
o cube
v 0.009374999999999994 2.195981875 -0.7637975000000001
v 0.009374999999999994 2.195981875 -0.7887975
v 0.009374999999999994 1.9303568750000002 -0.7637975000000001
v 0.009374999999999994 1.9303568750000002 -0.7887975
v -0.01874999999999999 2.195981875 -0.7887975
v -0.01874999999999999 2.195981875 -0.7637975000000001
v -0.01874999999999999 1.9303568750000002 -0.7887975
v -0.01874999999999999 1.9303568750000002 -0.7637975000000001
vt 0.69921875 0.30078125
vt 0.703125 0.30078125
vt 0.703125 0.28515625
vt 0.69921875 0.28515625
vt 0.703125 0.75
vt 0.70703125 0.75
vt 0.70703125 0.734375
vt 0.703125 0.734375
vt 0.703125 0.734375
vt 0.70703125 0.734375
vt 0.70703125 0.71875
vt 0.703125 0.71875
vt 0.703125 0.70703125
vt 0.70703125 0.70703125
vt 0.70703125 0.69140625
vt 0.703125 0.69140625
vt 0.7265625 0.38671875
vt 0.72265625 0.38671875
vt 0.72265625 0.390625
vt 0.7265625 0.390625
vt 0.7265625 0.38671875
vt 0.72265625 0.38671875
vt 0.72265625 0.3828125
vt 0.7265625 0.3828125
vn 0 0 -1
vn 1 0 0
vn 0 0 1
vn -1 0 0
vn 0 1 0
vn 0 -1 0
usemtl m_91fe65ba-4f97-40fd-8230-0084d13434eb
f 428/1276/319 431/1275/319 429/1274/319 426/1273/319
f 427/1280/320 428/1279/320 426/1278/320 425/1277/320
f 432/1284/321 427/1283/321 425/1282/321 430/1281/321
f 431/1288/322 432/1287/322 430/1286/322 429/1285/322
f 430/1292/323 425/1291/323 426/1290/323 429/1289/323
f 431/1296/324 428/1295/324 427/1294/324 432/1293/324
o cube
v 0.040624999999999994 2.758481875 -0.7325475
v 0.040624999999999994 2.758481875 -0.8262975
v 0.040624999999999994 2.524106875 -0.7325475
v 0.040624999999999994 2.524106875 -0.8262975
v -0.03125 2.758481875 -0.8262975
v -0.03125 2.758481875 -0.7325475
v -0.03125 2.524106875 -0.8262975
v -0.03125 2.524106875 -0.7325475
vt 0.703125 0.69140625
vt 0.70703125 0.69140625
vt 0.70703125 0.67578125
vt 0.703125 0.67578125
vt 0.69140625 0.57421875
vt 0.69921875 0.57421875
vt 0.69921875 0.55859375
vt 0.69140625 0.55859375
vt 0.703125 0.67578125
vt 0.70703125 0.67578125
vt 0.70703125 0.66015625
vt 0.703125 0.66015625
vt 0.69140625 0.55859375
vt 0.69921875 0.55859375
vt 0.69921875 0.54296875
vt 0.69140625 0.54296875
vt 0.71484375 0.64453125
vt 0.7109375 0.64453125
vt 0.7109375 0.65234375
vt 0.71484375 0.65234375
vt 0.35546875 0.2890625
vt 0.3515625 0.2890625
vt 0.3515625 0.28125
vt 0.35546875 0.28125
vn 0 0 -1
vn 1 0 0
vn 0 0 1
vn -1 0 0
vn 0 1 0
vn 0 -1 0
usemtl m_91fe65ba-4f97-40fd-8230-0084d13434eb
f 436/1300/325 439/1299/325 437/1298/325 434/1297/325
f 435/1304/326 436/1303/326 434/1302/326 433/1301/326
f 440/1308/327 435/1307/327 433/1306/327 438/1305/327
f 439/1312/328 440/1311/328 438/1310/328 437/1309/328
f 438/1316/329 433/1315/329 434/1314/329 437/1313/329
f 439/1320/330 436/1319/330 435/1318/330 440/1317/330
o cube
v 0.12187500000000004 2.945981875 -0.6387974999999999
v 0.12187500000000004 2.945981875 -0.8012975
v 0.12187500000000004 2.711606875 -0.6387974999999999
v 0.12187500000000004 2.711606875 -0.8012975
v 0.03125000000000003 2.945981875 -0.8012975
v 0.03125000000000003 2.945981875 -0.6387974999999999
v 0.03125000000000003 2.711606875 -0.8012975
v 0.03125000000000003 2.711606875 -0.6387974999999999
vt 0.703125 0.54296875
vt 0.70703125 0.54296875
vt 0.70703125 0.52734375
vt 0.703125 0.52734375
vt 0.60546875 0.890625
vt 0.6171875 0.890625
vt 0.6171875 0.875
vt 0.60546875 0.875
vt 0.703125 0.52734375
vt 0.70703125 0.52734375
vt 0.70703125 0.51171875
vt 0.703125 0.51171875
vt 0.60546875 0.875
vt 0.6171875 0.875
vt 0.6171875 0.859375
vt 0.60546875 0.859375
vt 0.7109375 0.63671875
vt 0.70703125 0.63671875
vt 0.70703125 0.6484375
vt 0.7109375 0.6484375
vt 0.7109375 0.63671875
vt 0.70703125 0.63671875
vt 0.70703125 0.625
vt 0.7109375 0.625
vn 0 0 -1
vn 1 0 0
vn 0 0 1
vn -1 0 0
vn 0 1 0
vn 0 -1 0
usemtl m_91fe65ba-4f97-40fd-8230-0084d13434eb
f 444/1324/331 447/1323/331 445/1322/331 442/1321/331
f 443/1328/332 444/1327/332 442/1326/332 441/1325/332
f 448/1332/333 443/1331/333 441/1330/333 446/1329/333
f 447/1336/334 448/1335/334 446/1334/334 445/1333/334
f 446/1340/335 441/1339/335 442/1338/335 445/1337/335
f 447/1344/336 444/1343/336 443/1342/336 448/1341/336
o cube
v 0.184375 2.945981875 -0.6387974999999999
v 0.184375 2.945981875 -0.7700475
v 0.184375 2.711606875 -0.6387974999999999
v 0.184375 2.711606875 -0.7700475
v 0.09375 2.945981875 -0.7700475
v 0.09375 2.945981875 -0.6387974999999999
v 0.09375 2.711606875 -0.7700475
v 0.09375 2.711606875 -0.6387974999999999
vt 0.703125 0.44921875
vt 0.70703125 0.44921875
vt 0.70703125 0.43359375
vt 0.703125 0.43359375
vt 0.69140625 0.54296875
vt 0.69921875 0.54296875
vt 0.69921875 0.52734375
vt 0.69140625 0.52734375
vt 0.703125 0.43359375
vt 0.70703125 0.43359375
vt 0.70703125 0.41796875
vt 0.703125 0.41796875
vt 0.69140625 0.52734375
vt 0.69921875 0.52734375
vt 0.69921875 0.51171875
vt 0.69140625 0.51171875
vt 0.359375 0.28125
vt 0.35546875 0.28125
vt 0.35546875 0.2890625
vt 0.359375 0.2890625
vt 0.71484375 0.64453125
vt 0.7109375 0.64453125
vt 0.7109375 0.63671875
vt 0.71484375 0.63671875
vn 0 0 -1
vn 1 0 0
vn 0 0 1
vn -1 0 0
vn 0 1 0
vn 0 -1 0
usemtl m_91fe65ba-4f97-40fd-8230-0084d13434eb
f 452/1348/337 455/1347/337 453/1346/337 450/1345/337
f 451/1352/338 452/1351/338 450/1350/338 449/1349/338
f 456/1356/339 451/1355/339 449/1354/339 454/1353/339
f 455/1360/340 456/1359/340 454/1358/340 453/1357/340
f 454/1364/341 449/1363/341 450/1362/341 453/1361/341
f 455/1368/342 452/1367/342 451/1366/342 456/1365/342
o cube
v 0.31875 3.236606875 -0.44504750000000004
v 0.31875 3.236606875 -0.6950475
v 0.31875 2.986606875 -0.44504750000000004
v 0.31875 2.986606875 -0.6950475
v 0.13124999999999998 3.236606875 -0.6950475
v 0.13124999999999998 3.236606875 -0.44504750000000004
v 0.13124999999999998 2.986606875 -0.6950475
v 0.13124999999999998 2.986606875 -0.44504750000000004
vt 0.6015625 0.5625
vt 0.61328125 0.5625
vt 0.61328125 0.546875
vt 0.6015625 0.546875
vt 0.53125 0.8671875
vt 0.546875 0.8671875
vt 0.546875 0.8515625
vt 0.53125 0.8515625
vt 0.6015625 0.546875
vt 0.61328125 0.546875
vt 0.61328125 0.53125
vt 0.6015625 0.53125
vt 0.53125 0.8515625
vt 0.546875 0.8515625
vt 0.546875 0.8359375
vt 0.53125 0.8359375
vt 0.61328125 0.515625
vt 0.6015625 0.515625
vt 0.6015625 0.53125
vt 0.61328125 0.53125
vt 0.61328125 0.515625
vt 0.6015625 0.515625
vt 0.6015625 0.5
vt 0.61328125 0.5
vn 0 0 -1
vn 1 0 0
vn 0 0 1
vn -1 0 0
vn 0 1 0
vn 0 -1 0
usemtl m_91fe65ba-4f97-40fd-8230-0084d13434eb
f 460/1372/343 463/1371/343 461/1370/343 458/1369/343
f 459/1376/344 460/1375/344 458/1374/344 457/1373/344
f 464/1380/345 459/1379/345 457/1378/345 462/1377/345
f 463/1384/346 464/1383/346 462/1382/346 461/1381/346
f 462/1388/347 457/1387/347 458/1386/347 461/1385/347
f 463/1392/348 460/1391/348 459/1390/348 464/1389/348
o cube
v 0.44375 3.236606875 -0.13254749999999998
v 0.44375 3.236606875 -0.3825475
v 0.44375 3.049106875 -0.13254749999999998
v 0.44375 3.049106875 -0.3825475
v 0.25625 3.236606875 -0.3825475
v 0.25625 3.236606875 -0.13254749999999998
v 0.25625 3.049106875 -0.3825475
v 0.25625 3.049106875 -0.13254749999999998
vt 0.67578125 0.6953125
vt 0.6875 0.6953125
vt 0.6875 0.68359375
vt 0.67578125 0.68359375
vt 0.6015625 0.5
vt 0.6171875 0.5
vt 0.6171875 0.48828125
vt 0.6015625 0.48828125
vt 0.67578125 0.68359375
vt 0.6875 0.68359375
vt 0.6875 0.671875
vt 0.67578125 0.671875
vt 0.6015625 0.48828125
vt 0.6171875 0.48828125
vt 0.6171875 0.4765625
vt 0.6015625 0.4765625
vt 0.61328125 0.4609375
vt 0.6015625 0.4609375
vt 0.6015625 0.4765625
vt 0.61328125 0.4765625
vt 0.61328125 0.4609375
vt 0.6015625 0.4609375
vt 0.6015625 0.4453125
vt 0.61328125 0.4453125
vn 0 0 -1
vn 1 0 0
vn 0 0 1
vn -1 0 0
vn 0 1 0
vn 0 -1 0
usemtl m_91fe65ba-4f97-40fd-8230-0084d13434eb
f 468/1396/349 471/1395/349 469/1394/349 466/1393/349
f 467/1400/350 468/1399/350 466/1398/350 465/1397/350
f 472/1404/351 467/1403/351 465/1402/351 470/1401/351
f 471/1408/352 472/1407/352 470/1406/352 469/1405/352
f 470/1412/353 465/1411/353 466/1410/353 469/1409/353
f 471/1416/354 468/1415/354 467/1414/354 472/1413/354
o cube
v 0.50625 3.155356875 -0.1137975
v 0.50625 3.155356875 -0.1950475
v 0.50625 2.949106875 -0.1137975
v 0.50625 2.949106875 -0.1950475
v 0.35 3.155356875 -0.1950475
v 0.35 3.155356875 -0.1137975
v 0.35 2.949106875 -0.1950475
v 0.35 2.949106875 -0.1137975
vt 0.67578125 0.671875
vt 0.6875 0.671875
vt 0.6875 0.66015625
vt 0.67578125 0.66015625
vt 0.41015625 0.8359375
vt 0.4140625 0.8359375
vt 0.4140625 0.82421875
vt 0.41015625 0.82421875
vt 0.67578125 0.66015625
vt 0.6875 0.66015625
vt 0.6875 0.6484375
vt 0.67578125 0.6484375
vt 0.2734375 0.578125
vt 0.27734375 0.578125
vt 0.27734375 0.56640625
vt 0.2734375 0.56640625
vt 0.7109375 0.75390625
vt 0.69921875 0.75390625
vt 0.69921875 0.7578125
vt 0.7109375 0.7578125
vt 0.7109375 0.34765625
vt 0.69921875 0.34765625
vt 0.69921875 0.34375
vt 0.7109375 0.34375
vn 0 0 -1
vn 1 0 0
vn 0 0 1
vn -1 0 0
vn 0 1 0
vn 0 -1 0
usemtl m_91fe65ba-4f97-40fd-8230-0084d13434eb
f 476/1420/355 479/1419/355 477/1418/355 474/1417/355
f 475/1424/356 476/1423/356 474/1422/356 473/1421/356
f 480/1428/357 475/1427/357 473/1426/357 478/1425/357
f 479/1432/358 480/1431/358 478/1430/358 477/1429/358
f 478/1436/359 473/1435/359 474/1434/359 477/1433/359
f 479/1440/360 476/1439/360 475/1438/360 480/1437/360
o cube
v 0.50625 3.049106875 -0.05129749999999998
v 0.50625 3.049106875 -0.13254749999999998
v 0.50625 2.880356875 -0.05129749999999998
v 0.50625 2.880356875 -0.13254749999999998
v 0.4125 3.049106875 -0.13254749999999998
v 0.4125 3.049106875 -0.05129749999999998
v 0.4125 2.880356875 -0.13254749999999998
v 0.4125 2.880356875 -0.05129749999999998
vt 0.64453125 0.87109375
vt 0.65234375 0.87109375
vt 0.65234375 0.859375
vt 0.64453125 0.859375
vt 0.3359375 0.55859375
vt 0.33984375 0.55859375
vt 0.33984375 0.546875
vt 0.3359375 0.546875
vt 0.69140625 0.35546875
vt 0.69921875 0.35546875
vt 0.69921875 0.34375
vt 0.69140625 0.34375
vt 0.1640625 0.546875
vt 0.16796875 0.546875
vt 0.16796875 0.53515625
vt 0.1640625 0.53515625
vt 0.2734375 0.734375
vt 0.265625 0.734375
vt 0.265625 0.73828125
vt 0.2734375 0.73828125
vt 0.29296875 0.76953125
vt 0.28515625 0.76953125
vt 0.28515625 0.765625
vt 0.29296875 0.765625
vn 0 0 -1
vn 1 0 0
vn 0 0 1
vn -1 0 0
vn 0 1 0
vn 0 -1 0
usemtl m_91fe65ba-4f97-40fd-8230-0084d13434eb
f 484/1444/361 487/1443/361 485/1442/361 482/1441/361
f 483/1448/362 484/1447/362 482/1446/362 481/1445/362
f 488/1452/363 483/1451/363 481/1450/363 486/1449/363
f 487/1456/364 488/1455/364 486/1454/364 485/1453/364
f 486/1460/365 481/1459/365 482/1458/365 485/1457/365
f 487/1464/366 484/1463/366 483/1462/366 488/1461/366
o cube
v 0.38125 3.299106875 -0.32004750000000004
v 0.38125 3.299106875 -0.5700475
v 0.38125 3.111606875 -0.32004750000000004
v 0.38125 3.111606875 -0.5700475
v 0.19374999999999998 3.299106875 -0.5700475
v 0.19374999999999998 3.299106875 -0.32004750000000004
v 0.19374999999999998 3.111606875 -0.5700475
v 0.19374999999999998 3.111606875 -0.32004750000000004
vt 0.67578125 0.6484375
vt 0.6875 0.6484375
vt 0.6875 0.63671875
vt 0.67578125 0.63671875
vt 0.6015625 0.4453125
vt 0.6171875 0.4453125
vt 0.6171875 0.43359375
vt 0.6015625 0.43359375
vt 0.67578125 0.63671875
vt 0.6875 0.63671875
vt 0.6875 0.625
vt 0.67578125 0.625
vt 0.6015625 0.43359375
vt 0.6171875 0.43359375
vt 0.6171875 0.421875
vt 0.6015625 0.421875
vt 0.61328125 0.40625
vt 0.6015625 0.40625
vt 0.6015625 0.421875
vt 0.61328125 0.421875
vt 0.61328125 0.40625
vt 0.6015625 0.40625
vt 0.6015625 0.390625
vt 0.61328125 0.390625
vn 0 0 -1
vn 1 0 0
vn 0 0 1
vn -1 0 0
vn 0 1 0
vn 0 -1 0
usemtl m_91fe65ba-4f97-40fd-8230-0084d13434eb
f 492/1468/367 495/1467/367 493/1466/367 490/1465/367
f 491/1472/368 492/1471/368 490/1470/368 489/1469/368
f 496/1476/369 491/1475/369 489/1474/369 494/1473/369
f 495/1480/370 496/1479/370 494/1478/370 493/1477/370
f 494/1484/371 489/1483/371 490/1482/371 493/1481/371
f 495/1488/372 492/1487/372 491/1486/372 496/1485/372
o cube
v 0.25 3.111606875 -0.4887975
v 0.25 3.111606875 -0.7387975
v 0.25 2.861606875 -0.4887975
v 0.25 2.861606875 -0.7387975
v 0.0625 3.111606875 -0.7387975
v 0.0625 3.111606875 -0.4887975
v 0.0625 2.861606875 -0.7387975
v 0.0625 2.861606875 -0.4887975
vt 0.60546875 1
vt 0.6171875 1
vt 0.6171875 0.984375
vt 0.60546875 0.984375
vt 0.53125 0.8359375
vt 0.546875 0.8359375
vt 0.546875 0.8203125
vt 0.53125 0.8203125
vt 0.60546875 0.984375
vt 0.6171875 0.984375
vt 0.6171875 0.96875
vt 0.60546875 0.96875
vt 0.53125 0.8203125
vt 0.546875 0.8203125
vt 0.546875 0.8046875
vt 0.53125 0.8046875
vt 0.6171875 0.953125
vt 0.60546875 0.953125
vt 0.60546875 0.96875
vt 0.6171875 0.96875
vt 0.6171875 0.953125
vt 0.60546875 0.953125
vt 0.60546875 0.9375
vt 0.6171875 0.9375
vn 0 0 -1
vn 1 0 0
vn 0 0 1
vn -1 0 0
vn 0 1 0
vn 0 -1 0
usemtl m_91fe65ba-4f97-40fd-8230-0084d13434eb
f 500/1492/373 503/1491/373 501/1490/373 498/1489/373
f 499/1496/374 500/1495/374 498/1494/374 497/1493/374
f 504/1500/375 499/1499/375 497/1498/375 502/1497/375
f 503/1504/376 504/1503/376 502/1502/376 501/1501/376
f 502/1508/377 497/1507/377 498/1506/377 501/1505/377
f 503/1512/378 500/1511/378 499/1510/378 504/1509/378
o cube
v 0.26 2.640356875 -0.4312975
v 0.26 2.640356875 -0.7137975
v 0.26 2.5453568749999995 -0.4312975
v 0.26 2.5453568749999995 -0.7137975
v 0.12125 2.640356875 -0.7137975
v 0.12125 2.640356875 -0.4312975
v 0.12125 2.5453568749999995 -0.7137975
v 0.12125 2.5453568749999995 -0.4312975
vt 0.70703125 0.921875
vt 0.71484375 0.921875
vt 0.71484375 0.9140625
vt 0.70703125 0.9140625
vt 0.671875 0.796875
vt 0.69140625 0.796875
vt 0.69140625 0.7890625
vt 0.671875 0.7890625
vt 0.70703125 0.9140625
vt 0.71484375 0.9140625
vt 0.71484375 0.90625
vt 0.70703125 0.90625
vt 0.671875 0.7890625
vt 0.69140625 0.7890625
vt 0.69140625 0.78125
vt 0.671875 0.78125
vt 0.31640625 0.74609375
vt 0.30859375 0.74609375
vt 0.30859375 0.765625
vt 0.31640625 0.765625
vt 0.16015625 0.328125
vt 0.15234375 0.328125
vt 0.15234375 0.30859375
vt 0.16015625 0.30859375
vn 0 0 -1
vn 1 0 0
vn 0 0 1
vn -1 0 0
vn 0 1 0
vn 0 -1 0
usemtl m_91fe65ba-4f97-40fd-8230-0084d13434eb
f 508/1516/379 511/1515/379 509/1514/379 506/1513/379
f 507/1520/380 508/1519/380 506/1518/380 505/1517/380
f 512/1524/381 507/1523/381 505/1522/381 510/1521/381
f 511/1528/382 512/1527/382 510/1526/382 509/1525/382
f 510/1532/383 505/1531/383 506/1530/383 509/1529/383
f 511/1536/384 508/1535/384 507/1534/384 512/1533/384
o cube
v 0.032500000000000154 1.9753568750000001 -0.6212975000000001
v 0.032500000000000154 1.9753568750000001 -0.7512975
v -0.06250000000000049 1.975356875 -0.6212975000000001
v -0.06250000000000049 1.975356875 -0.7512975
v 0.032500000000000015 2.545356875 -0.7512975
v 0.032500000000000015 2.545356875 -0.6212975000000001
v -0.06250000000000061 2.545356875 -0.7512975
v -0.06250000000000061 2.545356875 -0.6212975000000001
vt 0.4921875 0.66015625
vt 0.52734375 0.66015625
vt 0.52734375 0.65234375
vt 0.4921875 0.65234375
vt 0.70703125 0.9375
vt 0.71484375 0.9375
vt 0.71484375 0.9296875
vt 0.70703125 0.9296875
vt 0.4921875 0.65234375
vt 0.52734375 0.65234375
vt 0.52734375 0.64453125
vt 0.4921875 0.64453125
vt 0.70703125 0.9296875
vt 0.71484375 0.9296875
vt 0.71484375 0.921875
vt 0.70703125 0.921875
vt 0.52734375 0.63671875
vt 0.4921875 0.63671875
vt 0.4921875 0.64453125
vt 0.52734375 0.64453125
vt 0.52734375 0.63671875
vt 0.4921875 0.63671875
vt 0.4921875 0.62890625
vt 0.52734375 0.62890625
vn 0 0 -1
vn 2.220446049250313e-16 -1 0
vn 0 0 1
vn -2.220446049250313e-16 1 0
vn 1 2.220446049250313e-16 0
vn -1 -2.220446049250313e-16 0
usemtl m_91fe65ba-4f97-40fd-8230-0084d13434eb
f 516/1540/385 519/1539/385 517/1538/385 514/1537/385
f 515/1544/386 516/1543/386 514/1542/386 513/1541/386
f 520/1548/387 515/1547/387 513/1546/387 518/1545/387
f 519/1552/388 520/1551/388 518/1550/388 517/1549/388
f 518/1556/389 513/1555/389 514/1554/389 517/1553/389
f 519/1560/390 516/1559/390 515/1558/390 520/1557/390
o cube
v -0.004999999999999907 1.850356875 -0.6087974999999999
v -0.004999999999999907 1.850356875 -0.7200475
v -0.06250000000000001 1.850356875 -0.6087974999999999
v -0.06250000000000001 1.850356875 -0.7200475
v -0.00500000000000006 2.545356875 -0.7200475
v -0.00500000000000006 2.545356875 -0.6087974999999999
v -0.06250000000000017 2.545356875 -0.7200475
v -0.06250000000000017 2.545356875 -0.6087974999999999
vt 0.640625 0.8125
vt 0.68359375 0.8125
vt 0.68359375 0.80859375
vt 0.640625 0.80859375
vt 0.4921875 0.2890625
vt 0.5 0.2890625
vt 0.5 0.28515625
vt 0.4921875 0.28515625
vt 0.640625 0.80859375
vt 0.68359375 0.80859375
vt 0.68359375 0.8046875
vt 0.640625 0.8046875
vt 0.5078125 0.2890625
vt 0.515625 0.2890625
vt 0.515625 0.28515625
vt 0.5078125 0.28515625
vt 0.5078125 0.89453125
vt 0.46484375 0.89453125
vt 0.46484375 0.90234375
vt 0.5078125 0.90234375
vt 0.51171875 0.71484375
vt 0.46875 0.71484375
vt 0.46875 0.70703125
vt 0.51171875 0.70703125
vn 0 0 -1
vn 2.220446049250313e-16 -1 0
vn 0 0 1
vn -2.220446049250313e-16 1 0
vn 1 2.220446049250313e-16 0
vn -1 -2.220446049250313e-16 0
usemtl m_91fe65ba-4f97-40fd-8230-0084d13434eb
f 524/1564/391 527/1563/391 525/1562/391 522/1561/391
f 523/1568/392 524/1567/392 522/1566/392 521/1565/392
f 528/1572/393 523/1571/393 521/1570/393 526/1569/393
f 527/1576/394 528/1575/394 526/1574/394 525/1573/394
f 526/1580/395 521/1579/395 522/1578/395 525/1577/395
f 527/1584/396 524/1583/396 523/1582/396 528/1581/396
o cube
v 0.1587500000000001 2.2603568750000003 -0.6212975
v 0.1587500000000001 2.2603568750000003 -0.7137975
v 0.12624999999999947 2.2603568750000003 -0.6212975
v 0.12624999999999947 2.2603568750000003 -0.7137975
v 0.15875 2.545356875 -0.7137975
v 0.15875 2.545356875 -0.6212975
v 0.1262499999999994 2.545356875 -0.7137975
v 0.1262499999999994 2.545356875 -0.6212975
vt 0.671875 0.828125
vt 0.69140625 0.828125
vt 0.69140625 0.8203125
vt 0.671875 0.8203125
vt 0.484375 0.2890625
vt 0.48828125 0.2890625
vt 0.48828125 0.28125
vt 0.484375 0.28125
vt 0.671875 0.8046875
vt 0.69140625 0.8046875
vt 0.69140625 0.796875
vt 0.671875 0.796875
vt 0.48828125 0.2890625
vt 0.4921875 0.2890625
vt 0.4921875 0.28125
vt 0.48828125 0.28125
vt 0.71875 0.98828125
vt 0.69921875 0.98828125
vt 0.69921875 0.9921875
vt 0.71875 0.9921875
vt 0.71875 0.98828125
vt 0.69921875 0.98828125
vt 0.69921875 0.984375
vt 0.71875 0.984375
vn 0 0 -1
vn 2.220446049250313e-16 -1 0
vn 0 0 1
vn -2.220446049250313e-16 1 0
vn 1 2.220446049250313e-16 0
vn -1 -2.220446049250313e-16 0
usemtl m_91fe65ba-4f97-40fd-8230-0084d13434eb
f 532/1588/397 535/1587/397 533/1586/397 530/1585/397
f 531/1592/398 532/1591/398 530/1590/398 529/1589/398
f 536/1596/399 531/1595/399 529/1594/399 534/1593/399
f 535/1600/400 536/1599/400 534/1598/400 533/1597/400
f 534/1604/401 529/1603/401 530/1602/401 533/1601/401
f 535/1608/402 532/1607/402 531/1606/402 536/1605/402
o cube
v 0.0712500000000001 2.4166068750000003 -0.6462975
v 0.0712500000000001 2.4166068750000003 -0.7575475
v -0.02375000000000054 2.4166068750000003 -0.6462975
v -0.02375000000000054 2.4166068750000003 -0.7575475
v 0.07125000000000002 2.701606875 -0.7575475
v 0.07125000000000002 2.701606875 -0.6462975
v -0.023750000000000604 2.701606875 -0.7575475
v -0.023750000000000604 2.701606875 -0.6462975
vt 0.671875 0.859375
vt 0.69140625 0.859375
vt 0.69140625 0.8515625
vt 0.671875 0.8515625
vt 0.70703125 0.953125
vt 0.71484375 0.953125
vt 0.71484375 0.9453125
vt 0.70703125 0.9453125
vt 0.671875 0.8515625
vt 0.69140625 0.8515625
vt 0.69140625 0.84375
vt 0.671875 0.84375
vt 0.70703125 0.9453125
vt 0.71484375 0.9453125
vt 0.71484375 0.9375
vt 0.70703125 0.9375
vt 0.69140625 0.8359375
vt 0.671875 0.8359375
vt 0.671875 0.84375
vt 0.69140625 0.84375
vt 0.69140625 0.8359375
vt 0.671875 0.8359375
vt 0.671875 0.828125
vt 0.69140625 0.828125
vn 0 0 -1
vn 2.220446049250313e-16 -1 0
vn 0 0 1
vn -2.220446049250313e-16 1 0
vn 1 2.220446049250313e-16 0
vn -1 -2.220446049250313e-16 0
usemtl m_91fe65ba-4f97-40fd-8230-0084d13434eb
f 540/1612/403 543/1611/403 541/1610/403 538/1609/403
f 539/1616/404 540/1615/404 538/1614/404 537/1613/404
f 544/1620/405 539/1619/405 537/1618/405 542/1617/405
f 543/1624/406 544/1623/406 542/1622/406 541/1621/406
f 542/1628/407 537/1627/407 538/1626/407 541/1625/407
f 543/1632/408 540/1631/408 539/1630/408 544/1629/408
o cube
v 0.14000000000000015 2.297856875 -0.6587975000000001
v 0.14000000000000015 2.297856875 -0.7575475
v 0.007499999999999889 2.297856875 -0.6587975000000001
v 0.007499999999999889 2.297856875 -0.7575475
v 0.14000000000000012 2.520356875 -0.7575475
v 0.14000000000000012 2.520356875 -0.6587975000000001
v 0.00749999999999984 2.520356875 -0.7575475
v 0.00749999999999984 2.520356875 -0.6587975000000001
vt 0.69140625 0.48046875
vt 0.70703125 0.48046875
vt 0.70703125 0.47265625
vt 0.69140625 0.47265625
vt 0.70703125 0.96875
vt 0.71484375 0.96875
vt 0.71484375 0.9609375
vt 0.70703125 0.9609375
vt 0.69140625 0.47265625
vt 0.70703125 0.47265625
vt 0.70703125 0.46484375
vt 0.69140625 0.46484375
vt 0.70703125 0.9609375
vt 0.71484375 0.9609375
vt 0.71484375 0.953125
vt 0.70703125 0.953125
vt 0.70703125 0.45703125
vt 0.69140625 0.45703125
vt 0.69140625 0.46484375
vt 0.70703125 0.46484375
vt 0.70703125 0.45703125
vt 0.69140625 0.45703125
vt 0.69140625 0.44921875
vt 0.70703125 0.44921875
vn 0 0 -1
vn 2.220446049250313e-16 -1 0
vn 0 0 1
vn -2.220446049250313e-16 1 0
vn 1 2.220446049250313e-16 0
vn -1 -2.220446049250313e-16 0
usemtl m_91fe65ba-4f97-40fd-8230-0084d13434eb
f 548/1636/409 551/1635/409 549/1634/409 546/1633/409
f 547/1640/410 548/1639/410 546/1638/410 545/1637/410
f 552/1644/411 547/1643/411 545/1642/411 550/1641/411
f 551/1648/412 552/1647/412 550/1646/412 549/1645/412
f 550/1652/413 545/1651/413 546/1650/413 549/1649/413
f 551/1656/414 548/1655/414 547/1654/414 552/1653/414
o cube
v 0.1275000000000001 2.2603568750000003 -0.6212975
v 0.1275000000000001 2.2603568750000003 -0.7325475
v 0.03249999999999945 2.2603568750000003 -0.6212975
v 0.03249999999999945 2.2603568750000003 -0.7325475
v 0.1275 2.545356875 -0.7325475
v 0.1275 2.545356875 -0.6212975
v 0.03249999999999939 2.545356875 -0.7325475
v 0.03249999999999939 2.545356875 -0.6212975
vt 0.671875 0.8828125
vt 0.69140625 0.8828125
vt 0.69140625 0.875
vt 0.671875 0.875
vt 0.70703125 0.984375
vt 0.71484375 0.984375
vt 0.71484375 0.9765625
vt 0.70703125 0.9765625
vt 0.671875 0.875
vt 0.69140625 0.875
vt 0.69140625 0.8671875
vt 0.671875 0.8671875
vt 0.70703125 0.9765625
vt 0.71484375 0.9765625
vt 0.71484375 0.96875
vt 0.70703125 0.96875
vt 0.15234375 0.3203125
vt 0.1328125 0.3203125
vt 0.1328125 0.328125
vt 0.15234375 0.328125
vt 0.69140625 0.8671875
vt 0.671875 0.8671875
vt 0.671875 0.859375
vt 0.69140625 0.859375
vn 0 0 -1
vn 2.220446049250313e-16 -1 0
vn 0 0 1
vn -2.220446049250313e-16 1 0
vn 1 2.220446049250313e-16 0
vn -1 -2.220446049250313e-16 0
usemtl m_91fe65ba-4f97-40fd-8230-0084d13434eb
f 556/1660/415 559/1659/415 557/1658/415 554/1657/415
f 555/1664/416 556/1663/416 554/1662/416 553/1661/416
f 560/1668/417 555/1667/417 553/1666/417 558/1665/417
f 559/1672/418 560/1671/418 558/1670/418 557/1669/418
f 558/1676/419 553/1675/419 554/1674/419 557/1673/419
f 559/1680/420 556/1679/420 555/1678/420 560/1677/420
o cube
v 0.1875 2.924106875 -0.1137975
v 0.1875 2.924106875 -0.5512975
v 0.1875 2.736606875 -0.1137975
v 0.1875 2.736606875 -0.5512975
v -0.3125 2.924106875 -0.5512975
v -0.3125 2.924106875 -0.1137975
v -0.3125 2.736606875 -0.5512975
v -0.3125 2.736606875 -0.1137975
vt 0.4609375 0.65234375
vt 0.4921875 0.65234375
vt 0.4921875 0.640625
vt 0.4609375 0.640625
vt 0.2734375 0.51171875
vt 0.30078125 0.51171875
vt 0.30078125 0.5
vt 0.2734375 0.5
vt 0.4609375 0.640625
vt 0.4921875 0.640625
vt 0.4921875 0.62890625
vt 0.4609375 0.62890625
vt 0.30078125 0.51171875
vt 0.328125 0.51171875
vt 0.328125 0.5
vt 0.30078125 0.5
vt 0.08984375 0.734375
vt 0.05859375 0.734375
vt 0.05859375 0.76171875
vt 0.08984375 0.76171875
vt 0.265625 0.76171875
vt 0.234375 0.76171875
vt 0.234375 0.734375
vt 0.265625 0.734375
vn 0 0 -1
vn 1 0 0
vn 0 0 1
vn -1 0 0
vn 0 1 0
vn 0 -1 0
usemtl m_91fe65ba-4f97-40fd-8230-0084d13434eb
f 564/1684/421 567/1683/421 565/1682/421 562/1681/421
f 563/1688/422 564/1687/422 562/1686/422 561/1685/422
f 568/1692/423 563/1691/423 561/1690/423 566/1689/423
f 567/1696/424 568/1695/424 566/1694/424 565/1693/424
f 566/1700/425 561/1699/425 562/1698/425 565/1697/425
f 567/1704/426 564/1703/426 563/1702/426 568/1701/426
o cube
v 0.16875 2.861606875 -0.051297499999999996
v 0.16875 2.861606875 -0.4887975
v 0.16875 2.674106875 -0.051297499999999996
v 0.16875 2.674106875 -0.4887975
v -0.29375 2.861606875 -0.4887975
v -0.29375 2.861606875 -0.051297499999999996
v -0.29375 2.674106875 -0.4887975
v -0.29375 2.674106875 -0.051297499999999996
vt 0.4921875 0.89453125
vt 0.51953125 0.89453125
vt 0.51953125 0.8828125
vt 0.4921875 0.8828125
vt 0.4921875 0.8828125
vt 0.51953125 0.8828125
vt 0.51953125 0.87109375
vt 0.4921875 0.87109375
vt 0.4921875 0.87109375
vt 0.51953125 0.87109375
vt 0.51953125 0.859375
vt 0.4921875 0.859375
vt 0.4921875 0.859375
vt 0.51953125 0.859375
vt 0.51953125 0.84765625
vt 0.4921875 0.84765625
vt 0.26171875 0.70703125
vt 0.234375 0.70703125
vt 0.234375 0.734375
vt 0.26171875 0.734375
vt 0.29296875 0.765625
vt 0.265625 0.765625
vt 0.265625 0.73828125
vt 0.29296875 0.73828125
vn 0 0 -1
vn 1 0 0
vn 0 0 1
vn -1 0 0
vn 0 1 0
vn 0 -1 0
usemtl m_91fe65ba-4f97-40fd-8230-0084d13434eb
f 572/1708/427 575/1707/427 573/1706/427 570/1705/427
f 571/1712/428 572/1711/428 570/1710/428 569/1709/428
f 576/1716/429 571/1715/429 569/1714/429 574/1713/429
f 575/1720/430 576/1719/430 574/1718/430 573/1717/430
f 574/1724/431 569/1723/431 570/1722/431 573/1721/431
f 575/1728/432 572/1727/432 571/1726/432 576/1725/432
o cube
v 0.21249999999999997 2.861606875 -0.0825475
v 0.21249999999999997 2.861606875 -0.4887975
v 0.21249999999999997 2.611606875 -0.0825475
v 0.21249999999999997 2.611606875 -0.4887975
v -0.33125 2.861606875 -0.4887975
v -0.33125 2.861606875 -0.0825475
v -0.33125 2.611606875 -0.4887975
v -0.33125 2.611606875 -0.0825475
vt 0.1953125 0.71484375
vt 0.23046875 0.71484375
vt 0.23046875 0.69921875
vt 0.1953125 0.69921875
vt 0.30078125 0.9609375
vt 0.328125 0.9609375
vt 0.328125 0.9453125
vt 0.30078125 0.9453125
vt 0.2890625 0.9296875
vt 0.32421875 0.9296875
vt 0.32421875 0.9140625
vt 0.2890625 0.9140625
vt 0.3046875 0.890625
vt 0.33203125 0.890625
vt 0.33203125 0.875
vt 0.3046875 0.875
vt 0.2578125 0.890625
vt 0.22265625 0.890625
vt 0.22265625 0.91796875
vt 0.2578125 0.91796875
vt 0.17578125 0.77734375
vt 0.140625 0.77734375
vt 0.140625 0.75
vt 0.17578125 0.75
vn 0 0 -1
vn 1 0 0
vn 0 0 1
vn -1 0 0
vn 0 1 0
vn 0 -1 0
usemtl m_91fe65ba-4f97-40fd-8230-0084d13434eb
f 580/1732/433 583/1731/433 581/1730/433 578/1729/433
f 579/1736/434 580/1735/434 578/1734/434 577/1733/434
f 584/1740/435 579/1739/435 577/1738/435 582/1737/435
f 583/1744/436 584/1743/436 582/1742/436 581/1741/436
f 582/1748/437 577/1747/437 578/1746/437 581/1745/437
f 583/1752/438 580/1751/438 579/1750/438 584/1749/438
o cube
v 0.26875 2.5625 -0.375
v 0.26875 2.5625 -0.5
v 0.26875 2.4375 -0.375
v 0.26875 2.4375 -0.5
v 0.14375 2.5625 -0.5
v 0.14375 2.5625 -0.375
v 0.14375 2.4375 -0.5
v 0.14375 2.4375 -0.375
vt 0.69921875 0.58984375
vt 0.70703125 0.58984375
vt 0.70703125 0.58203125
vt 0.69921875 0.58203125
vt 0.69921875 0.58203125
vt 0.70703125 0.58203125
vt 0.70703125 0.57421875
vt 0.69921875 0.57421875
vt 0.69921875 0.57421875
vt 0.70703125 0.57421875
vt 0.70703125 0.56640625
vt 0.69921875 0.56640625
vt 0.69921875 0.56640625
vt 0.70703125 0.56640625
vt 0.70703125 0.55859375
vt 0.69921875 0.55859375
vt 0.70703125 0.55078125
vt 0.69921875 0.55078125
vt 0.69921875 0.55859375
vt 0.70703125 0.55859375
vt 0.70703125 0.55078125
vt 0.69921875 0.55078125
vt 0.69921875 0.54296875
vt 0.70703125 0.54296875
vn 0 0 -1
vn 1 0 0
vn 0 0 1
vn -1 0 0
vn 0 1 0
vn 0 -1 0
usemtl m_91fe65ba-4f97-40fd-8230-0084d13434eb
f 588/1756/439 591/1755/439 589/1754/439 586/1753/439
f 587/1760/440 588/1759/440 586/1758/440 585/1757/440
f 592/1764/441 587/1763/441 585/1762/441 590/1761/441
f 591/1768/442 592/1767/442 590/1766/442 589/1765/442
f 590/1772/443 585/1771/443 586/1770/443 589/1769/443
f 591/1776/444 588/1775/444 587/1774/444 592/1773/444
o cube
v 0.26875 2.4375 -0.375
v 0.26875 2.4375 -0.5
v 0.26875 2.3125 -0.375
v 0.26875 2.3125 -0.5
v 0.14375 2.4375 -0.5
v 0.14375 2.4375 -0.375
v 0.14375 2.3125 -0.5
v 0.14375 2.3125 -0.375
vt 0.30859375 0.74609375
vt 0.31640625 0.74609375
vt 0.31640625 0.73828125
vt 0.30859375 0.73828125
vt 0.69921875 0.984375
vt 0.70703125 0.984375
vt 0.70703125 0.9765625
vt 0.69921875 0.9765625
vt 0.69921875 0.9765625
vt 0.70703125 0.9765625
vt 0.70703125 0.96875
vt 0.69921875 0.96875
vt 0.69921875 0.96875
vt 0.70703125 0.96875
vt 0.70703125 0.9609375
vt 0.69921875 0.9609375
vt 0.70703125 0.953125
vt 0.69921875 0.953125
vt 0.69921875 0.9609375
vt 0.70703125 0.9609375
vt 0.70703125 0.953125
vt 0.69921875 0.953125
vt 0.69921875 0.9453125
vt 0.70703125 0.9453125
vn 0 0 -1
vn 1 0 0
vn 0 0 1
vn -1 0 0
vn 0 1 0
vn 0 -1 0
usemtl m_91fe65ba-4f97-40fd-8230-0084d13434eb
f 596/1780/445 599/1779/445 597/1778/445 594/1777/445
f 595/1784/446 596/1783/446 594/1782/446 593/1781/446
f 600/1788/447 595/1787/447 593/1786/447 598/1785/447
f 599/1792/448 600/1791/448 598/1790/448 597/1789/448
f 598/1796/449 593/1795/449 594/1794/449 597/1793/449
f 599/1800/450 596/1799/450 595/1798/450 600/1797/450
o cube
v -0.2625 2.5625 -0.375
v -0.2625 2.5625 -0.5
v -0.2625 2.4375 -0.375
v -0.2625 2.4375 -0.5
v -0.3875 2.5625 -0.5
v -0.3875 2.5625 -0.375
v -0.3875 2.4375 -0.5
v -0.3875 2.4375 -0.375
vt 0.69921875 0.9453125
vt 0.70703125 0.9453125
vt 0.70703125 0.9375
vt 0.69921875 0.9375
vt 0.69921875 0.9375
vt 0.70703125 0.9375
vt 0.70703125 0.9296875
vt 0.69921875 0.9296875
vt 0.69921875 0.9296875
vt 0.70703125 0.9296875
vt 0.70703125 0.921875
vt 0.69921875 0.921875
vt 0.69921875 0.921875
vt 0.70703125 0.921875
vt 0.70703125 0.9140625
vt 0.69921875 0.9140625
vt 0.70703125 0.90625
vt 0.69921875 0.90625
vt 0.69921875 0.9140625
vt 0.70703125 0.9140625
vt 0.70703125 0.90625
vt 0.69921875 0.90625
vt 0.69921875 0.8984375
vt 0.70703125 0.8984375
vn 0 0 -1
vn 1 0 0
vn 0 0 1
vn -1 0 0
vn 0 1 0
vn 0 -1 0
usemtl m_91fe65ba-4f97-40fd-8230-0084d13434eb
f 604/1804/451 607/1803/451 605/1802/451 602/1801/451
f 603/1808/452 604/1807/452 602/1806/452 601/1805/452
f 608/1812/453 603/1811/453 601/1810/453 606/1809/453
f 607/1816/454 608/1815/454 606/1814/454 605/1813/454
f 606/1820/455 601/1819/455 602/1818/455 605/1817/455
f 607/1824/456 604/1823/456 603/1822/456 608/1821/456
o cube
v -0.2625 2.4375 -0.375
v -0.2625 2.4375 -0.5
v -0.2625 2.3125 -0.375
v -0.2625 2.3125 -0.5
v -0.3875 2.4375 -0.5
v -0.3875 2.4375 -0.375
v -0.3875 2.3125 -0.5
v -0.3875 2.3125 -0.375
vt 0.69921875 0.8984375
vt 0.70703125 0.8984375
vt 0.70703125 0.890625
vt 0.69921875 0.890625
vt 0.69921875 0.890625
vt 0.70703125 0.890625
vt 0.70703125 0.8828125
vt 0.69921875 0.8828125
vt 0.69921875 0.8828125
vt 0.70703125 0.8828125
vt 0.70703125 0.875
vt 0.69921875 0.875
vt 0.69921875 0.875
vt 0.70703125 0.875
vt 0.70703125 0.8671875
vt 0.69921875 0.8671875
vt 0.70703125 0.859375
vt 0.69921875 0.859375
vt 0.69921875 0.8671875
vt 0.70703125 0.8671875
vt 0.70703125 0.859375
vt 0.69921875 0.859375
vt 0.69921875 0.8515625
vt 0.70703125 0.8515625
vn 0 0 -1
vn 1 0 0
vn 0 0 1
vn -1 0 0
vn 0 1 0
vn 0 -1 0
usemtl m_91fe65ba-4f97-40fd-8230-0084d13434eb
f 612/1828/457 615/1827/457 613/1826/457 610/1825/457
f 611/1832/458 612/1831/458 610/1830/458 609/1829/458
f 616/1836/459 611/1835/459 609/1834/459 614/1833/459
f 615/1840/460 616/1839/460 614/1838/460 613/1837/460
f 614/1844/461 609/1843/461 610/1842/461 613/1841/461
f 615/1848/462 612/1847/462 611/1846/462 616/1845/462
o cube
v -0.1375 2.34375 -0.35624999999999996
v -0.1375 2.34375 -0.5
v -0.1375 2.21875 -0.35624999999999996
v -0.1375 2.21875 -0.5
v -0.2875 2.34375 -0.5
v -0.2875 2.34375 -0.35624999999999996
v -0.2875 2.21875 -0.5
v -0.2875 2.21875 -0.35624999999999996
vt 0.69921875 0.8515625
vt 0.70703125 0.8515625
vt 0.70703125 0.84375
vt 0.69921875 0.84375
vt 0.69921875 0.84375
vt 0.70703125 0.84375
vt 0.70703125 0.8359375
vt 0.69921875 0.8359375
vt 0.69921875 0.8359375
vt 0.70703125 0.8359375
vt 0.70703125 0.828125
vt 0.69921875 0.828125
vt 0.69921875 0.828125
vt 0.70703125 0.828125
vt 0.70703125 0.8203125
vt 0.69921875 0.8203125
vt 0.70703125 0.8125
vt 0.69921875 0.8125
vt 0.69921875 0.8203125
vt 0.70703125 0.8203125
vt 0.70703125 0.8125
vt 0.69921875 0.8125
vt 0.69921875 0.8046875
vt 0.70703125 0.8046875
vn 0 0 -1
vn 1 0 0
vn 0 0 1
vn -1 0 0
vn 0 1 0
vn 0 -1 0
usemtl m_91fe65ba-4f97-40fd-8230-0084d13434eb
f 620/1852/463 623/1851/463 621/1850/463 618/1849/463
f 619/1856/464 620/1855/464 618/1854/464 617/1853/464
f 624/1860/465 619/1859/465 617/1858/465 622/1857/465
f 623/1864/466 624/1863/466 622/1862/466 621/1861/466
f 622/1868/467 617/1867/467 618/1866/467 621/1865/467
f 623/1872/468 620/1871/468 619/1870/468 624/1869/468
o cube
v 0.13749999999999998 2.71875 -0.10625000000000001
v 0.13749999999999998 2.71875 -0.25
v 0.13749999999999998 2.5625 -0.10625000000000001
v 0.13749999999999998 2.5625 -0.25
v -0.2875 2.71875 -0.25
v -0.2875 2.71875 -0.10625000000000001
v -0.2875 2.5625 -0.25
v -0.2875 2.5625 -0.10625000000000001
vt 0.3046875 0.875
vt 0.33203125 0.875
vt 0.33203125 0.86328125
vt 0.3046875 0.86328125
vt 0.6953125 0.75
vt 0.703125 0.75
vt 0.703125 0.73828125
vt 0.6953125 0.73828125
vt 0.47265625 0.59765625
vt 0.5 0.59765625
vt 0.5 0.5859375
vt 0.47265625 0.5859375
vt 0.25390625 0.3046875
vt 0.26171875 0.3046875
vt 0.26171875 0.29296875
vt 0.25390625 0.29296875
vt 0.2578125 0.91796875
vt 0.23046875 0.91796875
vt 0.23046875 0.92578125
vt 0.2578125 0.92578125
vt 0.33203125 0.86328125
vt 0.3046875 0.86328125
vt 0.3046875 0.85546875
vt 0.33203125 0.85546875
vn 0 0 -1
vn 1 0 0
vn 0 0 1
vn -1 0 0
vn 0 1 0
vn 0 -1 0
usemtl m_91fe65ba-4f97-40fd-8230-0084d13434eb
f 628/1876/469 631/1875/469 629/1874/469 626/1873/469
f 627/1880/470 628/1879/470 626/1878/470 625/1877/470
f 632/1884/471 627/1883/471 625/1882/471 630/1881/471
f 631/1888/472 632/1887/472 630/1886/472 629/1885/472
f 630/1892/473 625/1891/473 626/1890/473 629/1889/473
f 631/1896/474 628/1895/474 627/1894/474 632/1893/474
o cube
v 0.16875 2.34375 -0.35624999999999996
v 0.16875 2.34375 -0.5
v 0.16875 2.21875 -0.35624999999999996
v 0.16875 2.21875 -0.5
v 0.018750000000000003 2.34375 -0.5
v 0.018750000000000003 2.34375 -0.35624999999999996
v 0.018750000000000003 2.21875 -0.5
v 0.018750000000000003 2.21875 -0.35624999999999996
vt 0.69921875 0.8046875
vt 0.70703125 0.8046875
vt 0.70703125 0.796875
vt 0.69921875 0.796875
vt 0.69921875 0.796875
vt 0.70703125 0.796875
vt 0.70703125 0.7890625
vt 0.69921875 0.7890625
vt 0.69921875 0.7890625
vt 0.70703125 0.7890625
vt 0.70703125 0.78125
vt 0.69921875 0.78125
vt 0.69921875 0.78125
vt 0.70703125 0.78125
vt 0.70703125 0.7734375
vt 0.69921875 0.7734375
vt 0.70703125 0.765625
vt 0.69921875 0.765625
vt 0.69921875 0.7734375
vt 0.70703125 0.7734375
vt 0.70703125 0.765625
vt 0.69921875 0.765625
vt 0.69921875 0.7578125
vt 0.70703125 0.7578125
vn 0 0 -1
vn 1 0 0
vn 0 0 1
vn -1 0 0
vn 0 1 0
vn 0 -1 0
usemtl m_91fe65ba-4f97-40fd-8230-0084d13434eb
f 636/1900/475 639/1899/475 637/1898/475 634/1897/475
f 635/1904/476 636/1903/476 634/1902/476 633/1901/476
f 640/1908/477 635/1907/477 633/1906/477 638/1905/477
f 639/1912/478 640/1911/478 638/1910/478 637/1909/478
f 638/1916/479 633/1915/479 634/1914/479 637/1913/479
f 639/1920/480 636/1919/480 635/1918/480 640/1917/480
o cube
v 0.18360749999999998 2.43534875 -0.292084375
v 0.18360749999999998 2.43534875 -0.380834375
v 0.18360749999999998 2.3090987499999995 -0.292084375
v 0.18360749999999998 2.3090987499999995 -0.380834375
v 0.0948575 2.43534875 -0.380834375
v 0.0948575 2.43534875 -0.292084375
v 0.0948575 2.3090987499999995 -0.380834375
v 0.0948575 2.3090987499999995 -0.292084375
vt 0.33203125 0.6328125
vt 0.3359375 0.6328125
vt 0.3359375 0.625
vt 0.33203125 0.625
vt 0.328125 0.56640625
vt 0.33203125 0.56640625
vt 0.33203125 0.55859375
vt 0.328125 0.55859375
vt 0.45703125 0.84375
vt 0.4609375 0.84375
vt 0.4609375 0.8359375
vt 0.45703125 0.8359375
vt 0.64453125 0.29296875
vt 0.6484375 0.29296875
vt 0.6484375 0.28515625
vt 0.64453125 0.28515625
vt 0.27734375 0.93359375
vt 0.2734375 0.93359375
vt 0.2734375 0.9375
vt 0.27734375 0.9375
vt 0.2890625 0.94140625
vt 0.28515625 0.94140625
vt 0.28515625 0.9375
vt 0.2890625 0.9375
vn 0 0 -1
vn 1 0 0
vn 0 0 1
vn -1 0 0
vn 0 1 0
vn 0 -1 0
usemtl m_91fe65ba-4f97-40fd-8230-0084d13434eb
f 644/1924/481 647/1923/481 645/1922/481 642/1921/481
f 643/1928/482 644/1927/482 642/1926/482 641/1925/482
f 648/1932/483 643/1931/483 641/1930/483 646/1929/483
f 647/1936/484 648/1935/484 646/1934/484 645/1933/484
f 646/1940/485 641/1939/485 642/1938/485 645/1937/485
f 647/1944/486 644/1943/486 643/1942/486 648/1941/486
o cube
v -0.19358000000000003 2.5990987500000005 -0.292084375
v -0.19358000000000003 2.5990987500000005 -0.380834375
v -0.19358000000000003 2.43534875 -0.292084375
v -0.19358000000000003 2.43534875 -0.380834375
v -0.28233 2.5990987500000005 -0.380834375
v -0.28233 2.5990987500000005 -0.292084375
v -0.28233 2.43534875 -0.380834375
v -0.28233 2.43534875 -0.292084375
vt 0.25390625 0.29296875
vt 0.2578125 0.29296875
vt 0.2578125 0.28125
vt 0.25390625 0.28125
vt 0.2578125 0.29296875
vt 0.26171875 0.29296875
vt 0.26171875 0.28125
vt 0.2578125 0.28125
vt 0.70703125 0.7421875
vt 0.7109375 0.7421875
vt 0.7109375 0.73046875
vt 0.70703125 0.73046875
vt 0.70703125 0.73046875
vt 0.7109375 0.73046875
vt 0.7109375 0.71875
vt 0.70703125 0.71875
vt 0.08984375 0.6640625
vt 0.0859375 0.6640625
vt 0.0859375 0.66796875
vt 0.08984375 0.66796875
vt 0.3359375 0.703125
vt 0.33203125 0.703125
vt 0.33203125 0.69921875
vt 0.3359375 0.69921875
vn 0 0 -1
vn 1 0 0
vn 0 0 1
vn -1 0 0
vn 0 1 0
vn 0 -1 0
usemtl m_91fe65ba-4f97-40fd-8230-0084d13434eb
f 652/1948/487 655/1947/487 653/1946/487 650/1945/487
f 651/1952/488 652/1951/488 650/1950/488 649/1949/488
f 656/1956/489 651/1955/489 649/1954/489 654/1953/489
f 655/1960/490 656/1959/490 654/1958/490 653/1957/490
f 654/1964/491 649/1963/491 650/1962/491 653/1961/491
f 655/1968/492 652/1967/492 651/1966/492 656/1965/492
o cube
v -0.19358000000000003 2.43534875 -0.292084375
v -0.19358000000000003 2.43534875 -0.380834375
v -0.19358000000000003 2.30284875 -0.292084375
v -0.19358000000000003 2.30284875 -0.380834375
v -0.28233 2.43534875 -0.380834375
v -0.28233 2.43534875 -0.292084375
v -0.28233 2.30284875 -0.380834375
v -0.28233 2.30284875 -0.292084375
vt 0.6484375 0.29296875
vt 0.65234375 0.29296875
vt 0.65234375 0.28515625
vt 0.6484375 0.28515625
vt 0.16015625 0.2890625
vt 0.1640625 0.2890625
vt 0.1640625 0.28125
vt 0.16015625 0.28125
vt 0.7109375 0.80078125
vt 0.71484375 0.80078125
vt 0.71484375 0.79296875
vt 0.7109375 0.79296875
vt 0.7109375 0.79296875
vt 0.71484375 0.79296875
vt 0.71484375 0.78515625
vt 0.7109375 0.78515625
vt 0.33984375 0.9296875
vt 0.3359375 0.9296875
vt 0.3359375 0.93359375
vt 0.33984375 0.93359375
vt 0.34375 0.60546875
vt 0.33984375 0.60546875
vt 0.33984375 0.6015625
vt 0.34375 0.6015625
vn 0 0 -1
vn 1 0 0
vn 0 0 1
vn -1 0 0
vn 0 1 0
vn 0 -1 0
usemtl m_91fe65ba-4f97-40fd-8230-0084d13434eb
f 660/1972/493 663/1971/493 661/1970/493 658/1969/493
f 659/1976/494 660/1975/494 658/1974/494 657/1973/494
f 664/1980/495 659/1979/495 657/1978/495 662/1977/495
f 663/1984/496 664/1983/496 662/1982/496 661/1981/496
f 662/1988/497 657/1987/497 658/1986/497 661/1985/497
f 663/1992/498 660/1991/498 659/1990/498 664/1989/498
o cube
v -0.12258 2.3687862499999994 -0.278771875
v -0.12258 2.3687862499999994 -0.38083437499999995
v -0.12258 2.28003625 -0.278771875
v -0.12258 2.28003625 -0.38083437499999995
v -0.21133 2.3687862499999994 -0.38083437499999995
v -0.21133 2.3687862499999994 -0.278771875
v -0.21133 2.28003625 -0.38083437499999995
v -0.21133 2.28003625 -0.278771875
vt 0.40234375 0.8046875
vt 0.40625 0.8046875
vt 0.40625 0.80078125
vt 0.40234375 0.80078125
vt 0.30078125 0.7421875
vt 0.30859375 0.7421875
vt 0.30859375 0.73828125
vt 0.30078125 0.73828125
vt 0.41796875 0.7421875
vt 0.421875 0.7421875
vt 0.421875 0.73828125
vt 0.41796875 0.73828125
vt 0.7109375 0.78515625
vt 0.71875 0.78515625
vt 0.71875 0.78125
vt 0.7109375 0.78125
vt 0.23828125 0.28125
vt 0.234375 0.28125
vt 0.234375 0.2890625
vt 0.23828125 0.2890625
vt 0.71484375 0.7421875
vt 0.7109375 0.7421875
vt 0.7109375 0.734375
vt 0.71484375 0.734375
vn 0 0 -1
vn 1 0 0
vn 0 0 1
vn -1 0 0
vn 0 1 0
vn 0 -1 0
usemtl m_91fe65ba-4f97-40fd-8230-0084d13434eb
f 668/1996/499 671/1995/499 669/1994/499 666/1993/499
f 667/2000/500 668/1999/500 666/1998/500 665/1997/500
f 672/2004/501 667/2003/501 665/2002/501 670/2001/501
f 671/2008/502 672/2007/502 670/2006/502 669/2005/502
f 670/2012/503 665/2011/503 666/2010/503 669/2009/503
f 671/2016/504 668/2015/504 667/2014/504 672/2013/504
o cube
v 0.112608125 2.3687862499999994 -0.278771875
v 0.112608125 2.3687862499999994 -0.38083437499999995
v 0.112608125 2.28003625 -0.278771875
v 0.112608125 2.28003625 -0.38083437499999995
v 0.023858125000000015 2.3687862499999994 -0.38083437499999995
v 0.023858125000000015 2.3687862499999994 -0.278771875
v 0.023858125000000015 2.28003625 -0.38083437499999995
v 0.023858125000000015 2.28003625 -0.278771875
vt 0.19140625 0.5703125
vt 0.1953125 0.5703125
vt 0.1953125 0.56640625
vt 0.19140625 0.56640625
vt 0.7109375 0.7578125
vt 0.71875 0.7578125
vt 0.71875 0.75390625
vt 0.7109375 0.75390625
vt 0.67578125 0.36328125
vt 0.6796875 0.36328125
vt 0.6796875 0.359375
vt 0.67578125 0.359375
vt 0.7109375 0.734375
vt 0.71875 0.734375
vt 0.71875 0.73046875
vt 0.7109375 0.73046875
vt 0.265625 0.28125
vt 0.26171875 0.28125
vt 0.26171875 0.2890625
vt 0.265625 0.2890625
vt 0.71484375 0.73046875
vt 0.7109375 0.73046875
vt 0.7109375 0.72265625
vt 0.71484375 0.72265625
vn 0 0 -1
vn 1 0 0
vn 0 0 1
vn -1 0 0
vn 0 1 0
vn 0 -1 0
usemtl m_91fe65ba-4f97-40fd-8230-0084d13434eb
f 676/2020/505 679/2019/505 677/2018/505 674/2017/505
f 675/2024/506 676/2023/506 674/2022/506 673/2021/506
f 680/2028/507 675/2027/507 673/2026/507 678/2025/507
f 679/2032/508 680/2031/508 678/2030/508 677/2029/508
f 678/2036/509 673/2035/509 674/2034/509 677/2033/509
f 679/2040/510 676/2039/510 675/2038/510 680/2037/510
o cube
v 0.06035812500000001 2.29334875 -0.278771875
v 0.06035812500000001 2.29334875 -0.38083437499999995
v 0.06035812500000001 2.2045987500000006 -0.278771875
v 0.06035812500000001 2.2045987500000006 -0.38083437499999995
v -0.160891875 2.29334875 -0.38083437499999995
v -0.160891875 2.29334875 -0.278771875
v -0.160891875 2.2045987500000006 -0.38083437499999995
v -0.160891875 2.2045987500000006 -0.278771875
vt 0.26171875 0.93359375
vt 0.27734375 0.93359375
vt 0.27734375 0.9296875
vt 0.26171875 0.9296875
vt 0.7109375 0.72265625
vt 0.71875 0.72265625
vt 0.71875 0.71875
vt 0.7109375 0.71875
vt 0.26953125 0.80859375
vt 0.28515625 0.80859375
vt 0.28515625 0.8046875
vt 0.26953125 0.8046875
vt 0.7109375 0.71875
vt 0.71875 0.71875
vt 0.71875 0.71484375
vt 0.7109375 0.71484375
vt 0.70703125 0.62890625
vt 0.69140625 0.62890625
vt 0.69140625 0.63671875
vt 0.70703125 0.63671875
vt 0.70703125 0.62890625
vt 0.69140625 0.62890625
vt 0.69140625 0.62109375
vt 0.70703125 0.62109375
vn 0 0 -1
vn 1 0 0
vn 0 0 1
vn -1 0 0
vn 0 1 0
vn 0 -1 0
usemtl m_91fe65ba-4f97-40fd-8230-0084d13434eb
f 684/2044/511 687/2043/511 685/2042/511 682/2041/511
f 683/2048/512 684/2047/512 682/2046/512 681/2045/512
f 688/2052/513 683/2051/513 681/2050/513 686/2049/513
f 687/2056/514 688/2055/514 686/2054/514 685/2053/514
f 686/2060/515 681/2059/515 682/2058/515 685/2057/515
f 687/2064/516 684/2063/516 683/2062/516 688/2061/516
o cube
v 0.18360749999999998 2.62409875 -0.292084375
v 0.18360749999999998 2.62409875 -0.380834375
v 0.18360749999999998 2.43534875 -0.292084375
v 0.18360749999999998 2.43534875 -0.380834375
v 0.0948575 2.62409875 -0.380834375
v 0.0948575 2.62409875 -0.292084375
v 0.0948575 2.43534875 -0.380834375
v 0.0948575 2.43534875 -0.292084375
vt 0.70703125 0.71875
vt 0.7109375 0.71875
vt 0.7109375 0.70703125
vt 0.70703125 0.70703125
vt 0.70703125 0.70703125
vt 0.7109375 0.70703125
vt 0.7109375 0.6953125
vt 0.70703125 0.6953125
vt 0.70703125 0.6953125
vt 0.7109375 0.6953125
vt 0.7109375 0.68359375
vt 0.70703125 0.68359375
vt 0.70703125 0.68359375
vt 0.7109375 0.68359375
vt 0.7109375 0.671875
vt 0.70703125 0.671875
vt 0.70703125 0.71484375
vt 0.703125 0.71484375
vt 0.703125 0.71875
vt 0.70703125 0.71875
vt 0.71875 0.60546875
vt 0.71484375 0.60546875
vt 0.71484375 0.6015625
vt 0.71875 0.6015625
vn 0 0 -1
vn 1 0 0
vn 0 0 1
vn -1 0 0
vn 0 1 0
vn 0 -1 0
usemtl m_91fe65ba-4f97-40fd-8230-0084d13434eb
f 692/2068/517 695/2067/517 693/2066/517 690/2065/517
f 691/2072/518 692/2071/518 690/2070/518 689/2069/518
f 696/2076/519 691/2075/519 689/2074/519 694/2073/519
f 695/2080/520 696/2079/520 694/2078/520 693/2077/520
f 694/2084/521 689/2083/521 690/2082/521 693/2081/521
f 695/2088/522 692/2087/522 691/2086/522 696/2085/522
o cube
v 0.06875 2.2375 -0.35624999999999996
v 0.06875 2.2375 -0.5
v 0.06875 2.1125 -0.35624999999999996
v 0.06875 2.1125 -0.5
v -0.18125 2.2375 -0.5
v -0.18125 2.2375 -0.35624999999999996
v -0.18125 2.1125 -0.5
v -0.18125 2.1125 -0.35624999999999996
vt 0.546875 0.8125
vt 0.5625 0.8125
vt 0.5625 0.8046875
vt 0.546875 0.8046875
vt 0.69921875 0.62109375
vt 0.70703125 0.62109375
vt 0.70703125 0.61328125
vt 0.69921875 0.61328125
vt 0.69140625 0.66015625
vt 0.70703125 0.66015625
vt 0.70703125 0.65234375
vt 0.69140625 0.65234375
vt 0.69921875 0.61328125
vt 0.70703125 0.61328125
vt 0.70703125 0.60546875
vt 0.69921875 0.60546875
vt 0.70703125 0.64453125
vt 0.69140625 0.64453125
vt 0.69140625 0.65234375
vt 0.70703125 0.65234375
vt 0.70703125 0.64453125
vt 0.69140625 0.64453125
vt 0.69140625 0.63671875
vt 0.70703125 0.63671875
vn 0 0 -1
vn 1 0 0
vn 0 0 1
vn -1 0 0
vn 0 1 0
vn 0 -1 0
usemtl m_91fe65ba-4f97-40fd-8230-0084d13434eb
f 700/2092/523 703/2091/523 701/2090/523 698/2089/523
f 699/2096/524 700/2095/524 698/2094/524 697/2093/524
f 704/2100/525 699/2099/525 697/2098/525 702/2097/525
f 703/2104/526 704/2103/526 702/2102/526 701/2101/526
f 702/2108/527 697/2107/527 698/2106/527 701/2105/527
f 703/2112/528 700/2111/528 699/2110/528 704/2109/528
o cube
v 0.10624999999999998 2.5874999999999995 -0.15625
v 0.10624999999999998 2.5874999999999995 -0.34375
v 0.10624999999999998 2.41875 -0.15625
v 0.10624999999999998 2.41875 -0.34375
v -0.23125 2.5874999999999995 -0.34375
v -0.23125 2.5874999999999995 -0.15625
v -0.23125 2.41875 -0.34375
v -0.23125 2.41875 -0.15625
vt 0.53125 0.5703125
vt 0.55078125 0.5703125
vt 0.55078125 0.55859375
vt 0.53125 0.55859375
vt 0.67578125 0.625
vt 0.6875 0.625
vt 0.6875 0.61328125
vt 0.67578125 0.61328125
vt 0.53125 0.55859375
vt 0.55078125 0.55859375
vt 0.55078125 0.546875
vt 0.53125 0.546875
vt 0.67578125 0.61328125
vt 0.6875 0.61328125
vt 0.6875 0.6015625
vt 0.67578125 0.6015625
vt 0.55078125 0.53515625
vt 0.53125 0.53515625
vt 0.53125 0.546875
vt 0.55078125 0.546875
vt 0.55078125 0.53515625
vt 0.53125 0.53515625
vt 0.53125 0.5234375
vt 0.55078125 0.5234375
vn 0 0 -1
vn 1 0 0
vn 0 0 1
vn -1 0 0
vn 0 1 0
vn 0 -1 0
usemtl m_91fe65ba-4f97-40fd-8230-0084d13434eb
f 708/2116/529 711/2115/529 709/2114/529 706/2113/529
f 707/2120/530 708/2119/530 706/2118/530 705/2117/530
f 712/2124/531 707/2123/531 705/2122/531 710/2121/531
f 711/2128/532 712/2127/532 710/2126/532 709/2125/532
f 710/2132/533 705/2131/533 706/2130/533 709/2129/533
f 711/2136/534 708/2135/534 707/2134/534 712/2133/534
o cube
v 0.13749999999999998 2.46875 -0.21250000000000002
v 0.13749999999999998 2.46875 -0.34375
v 0.13749999999999998 2.3125 -0.21250000000000002
v 0.13749999999999998 2.3125 -0.34375
v -0.2625 2.46875 -0.34375
v -0.2625 2.46875 -0.21250000000000002
v -0.2625 2.3125 -0.34375
v -0.2625 2.3125 -0.21250000000000002
vt 0.4921875 0.84765625
vt 0.515625 0.84765625
vt 0.515625 0.8359375
vt 0.4921875 0.8359375
vt 0.6953125 0.73828125
vt 0.703125 0.73828125
vt 0.703125 0.7265625
vt 0.6953125 0.7265625
vt 0.4921875 0.8359375
vt 0.515625 0.8359375
vt 0.515625 0.82421875
vt 0.4921875 0.82421875
vt 0.6953125 0.7265625
vt 0.703125 0.7265625
vt 0.703125 0.71484375
vt 0.6953125 0.71484375
vt 0.62890625 0.9296875
vt 0.60546875 0.9296875
vt 0.60546875 0.9375
vt 0.62890625 0.9375
vt 0.62890625 0.9296875
vt 0.60546875 0.9296875
vt 0.60546875 0.921875
vt 0.62890625 0.921875
vn 0 0 -1
vn 1 0 0
vn 0 0 1
vn -1 0 0
vn 0 1 0
vn 0 -1 0
usemtl m_91fe65ba-4f97-40fd-8230-0084d13434eb
f 716/2140/535 719/2139/535 717/2138/535 714/2137/535
f 715/2144/536 716/2143/536 714/2142/536 713/2141/536
f 720/2148/537 715/2147/537 713/2146/537 718/2145/537
f 719/2152/538 720/2151/538 718/2150/538 717/2149/538
f 718/2156/539 713/2155/539 714/2154/539 717/2153/539
f 719/2160/540 716/2159/540 715/2158/540 720/2157/540
o cube
v 0.10624999999999998 2.3812500000000005 -0.25625
v 0.10624999999999998 2.3812500000000005 -0.34375
v 0.10624999999999998 2.2625 -0.25625
v 0.10624999999999998 2.2625 -0.34375
v -0.2125 2.3812500000000005 -0.34375
v -0.2125 2.3812500000000005 -0.25625
v -0.2125 2.2625 -0.34375
v -0.2125 2.2625 -0.25625
vt 0.16015625 0.9453125
vt 0.1796875 0.9453125
vt 0.1796875 0.9375
vt 0.16015625 0.9375
vt 0.0546875 0.7421875
vt 0.05859375 0.7421875
vt 0.05859375 0.734375
vt 0.0546875 0.734375
vt 0.65234375 0.828125
vt 0.671875 0.828125
vt 0.671875 0.8203125
vt 0.65234375 0.8203125
vt 0.23046875 0.71484375
vt 0.234375 0.71484375
vt 0.234375 0.70703125
vt 0.23046875 0.70703125
vt 0.71484375 0.359375
vt 0.6953125 0.359375
vt 0.6953125 0.36328125
vt 0.71484375 0.36328125
vt 0.71484375 0.359375
vt 0.6953125 0.359375
vt 0.6953125 0.35546875
vt 0.71484375 0.35546875
vn 0 0 -1
vn 1 0 0
vn 0 0 1
vn -1 0 0
vn 0 1 0
vn 0 -1 0
usemtl m_91fe65ba-4f97-40fd-8230-0084d13434eb
f 724/2164/541 727/2163/541 725/2162/541 722/2161/541
f 723/2168/542 724/2167/542 722/2166/542 721/2165/542
f 728/2172/543 723/2171/543 721/2170/543 726/2169/543
f 727/2176/544 728/2175/544 726/2174/544 725/2173/544
f 726/2180/545 721/2179/545 722/2178/545 725/2177/545
f 727/2184/546 724/2183/546 723/2182/546 728/2181/546
o cube
v -0.1159633951451819 2.677660218736464 -0.036417366259833384
v -0.11499815414143984 2.7128151561472666 0.015626930658246163
v -0.09048037190331684 2.077497496736371 0.3685085702447862
v -0.08951513089957477 2.1126524341471735 0.4205528671628659
v -0.06060077620909348 2.713934197595517 0.013862156856147223
v -0.061566017212835555 2.6787792601847142 -0.038182140061932324
v -0.03511775296722841 2.1137714755954238 0.418788093360767
v -0.03608299397097048 2.078616538184621 0.3667437964426874
vt 0.27734375 0.9375
vt 0.28125 0.9375
vt 0.28125 0.890625
vt 0.27734375 0.890625
vt 0.12890625 0.67578125
vt 0.1328125 0.67578125
vt 0.1328125 0.62890625
vt 0.12890625 0.62890625
vt 0.125 0.609375
vt 0.12890625 0.609375
vt 0.12890625 0.5625
vt 0.125 0.5625
vt 0.515625 0.84765625
vt 0.51953125 0.84765625
vt 0.51953125 0.80078125
vt 0.515625 0.80078125
vt 0.62109375 0.2734375
vt 0.6171875 0.2734375
vt 0.6171875 0.27734375
vt 0.62109375 0.27734375
vt 0.7265625 0.3828125
vt 0.72265625 0.3828125
vt 0.72265625 0.37890625
vt 0.7265625 0.37890625
vn 0.015367020955097684 0.5596805955948689 0.8285659210838558
vn -0.9992629700545831 -0.020556444514355184 0.032418347684940146
vn -0.015367020955097684 -0.5596805955948689 -0.8285659210838558
vn 0.9992629700545831 0.020556444514355184 -0.032418347684940146
vn -0.03517628952375475 0.828453416616469 -0.5589522029224326
vn 0.03517628952375475 -0.828453416616469 0.5589522029224326
usemtl m_91fe65ba-4f97-40fd-8230-0084d13434eb
f 732/2188/547 735/2187/547 733/2186/547 730/2185/547
f 731/2192/548 732/2191/548 730/2190/548 729/2189/548
f 736/2196/549 731/2195/549 729/2194/549 734/2193/549
f 735/2200/550 736/2199/550 734/2198/550 733/2197/550
f 734/2204/551 729/2203/551 730/2202/551 733/2201/551
f 735/2208/552 732/2207/552 731/2206/552 736/2205/552
o cube
v -0.04865399298152211 2.891013110584698 -0.15145808438440178
v -0.04807484837927686 2.9121060730311794 -0.12023150623355394
v -0.024496676151083554 2.322072726723338 0.23240234097257856
v -0.02391753154883831 2.3431656891698194 0.26362891912342634
v 0.006322529553069493 2.9132251144794297 -0.12199628003565288
v 0.00574338495082425 2.892132152032948 -0.15322285818650072
v 0.030479846383508043 2.3442847306180696 0.26186414532132746
v 0.0299007017812628 2.323191768171588 0.23063756717047967
vt 0.33984375 0.80078125
vt 0.34375 0.80078125
vt 0.34375 0.7578125
vt 0.33984375 0.7578125
vt 0.640625 0.359375
vt 0.64453125 0.359375
vt 0.64453125 0.31640625
vt 0.640625 0.31640625
vt 0.64453125 1
vt 0.6484375 1
vt 0.6484375 0.95703125
vt 0.64453125 0.95703125
vt 0.64453125 0.95703125
vt 0.6484375 0.95703125
vt 0.6484375 0.9140625
vt 0.64453125 0.9140625
vt 0.625 0.2734375
vt 0.62109375 0.2734375
vt 0.62109375 0.27734375
vt 0.625 0.27734375
vt 0.7265625 0.37890625
vt 0.72265625 0.37890625
vt 0.72265625 0.375
vt 0.7265625 0.375
vn 0.015367020955097684 0.5596805955948689 0.8285659210838558
vn -0.9992629700545831 -0.020556444514355184 0.032418347684940146
vn -0.015367020955097684 -0.5596805955948689 -0.8285659210838558
vn 0.9992629700545831 0.020556444514355184 -0.032418347684940146
vn -0.03517628952375475 0.828453416616469 -0.5589522029224326
vn 0.03517628952375475 -0.828453416616469 0.5589522029224326
usemtl m_91fe65ba-4f97-40fd-8230-0084d13434eb
f 740/2212/553 743/2211/553 741/2210/553 738/2209/553
f 739/2216/554 740/2215/554 738/2214/554 737/2213/554
f 744/2220/555 739/2219/555 737/2218/555 742/2217/555
f 743/2224/556 744/2223/556 742/2222/556 741/2221/556
f 742/2228/557 737/2227/557 738/2226/557 741/2225/557
f 743/2232/558 740/2231/558 739/2230/558 744/2229/558
o cube
v -0.08897937524038285 2.865960958814087 -0.11862619554384013
v -0.08801413423664078 2.9011158962248897 -0.06658189862576058
v -0.06349635199851777 2.2657982368139935 0.28629974096077965
v -0.06253111099477571 2.300953174224796 0.33834403787885925
v -0.03361675630429442 2.90223493767314 -0.06834667242785952
v -0.03458199730803649 2.8670800002623373 -0.12039096934593907
v -0.00813373306242935 2.3020722156730464 0.33657926407676036
v -0.009098974066171418 2.2669172782622438 0.28453496715868076
vt 0.55078125 0.5703125
vt 0.5546875 0.5703125
vt 0.5546875 0.5234375
vt 0.55078125 0.5234375
vt 0.5546875 0.5703125
vt 0.55859375 0.5703125
vt 0.55859375 0.5234375
vt 0.5546875 0.5234375
vt 0.5625 0.3984375
vt 0.56640625 0.3984375
vt 0.56640625 0.3515625
vt 0.5625 0.3515625
vt 0.56640625 0.3984375
vt 0.5703125 0.3984375
vt 0.5703125 0.3515625
vt 0.56640625 0.3515625
vt 0.62890625 0.2734375
vt 0.625 0.2734375
vt 0.625 0.27734375
vt 0.62890625 0.27734375
vt 0.7265625 0.375
vt 0.72265625 0.375
vt 0.72265625 0.37109375
vt 0.7265625 0.37109375
vn 0.015367020955097684 0.5596805955948689 0.8285659210838558
vn -0.9992629700545831 -0.020556444514355184 0.032418347684940146
vn -0.015367020955097684 -0.5596805955948689 -0.8285659210838558
vn 0.9992629700545831 0.020556444514355184 -0.032418347684940146
vn -0.03517628952375475 0.828453416616469 -0.5589522029224326
vn 0.03517628952375475 -0.828453416616469 0.5589522029224326
usemtl m_91fe65ba-4f97-40fd-8230-0084d13434eb
f 748/2236/559 751/2235/559 749/2234/559 746/2233/559
f 747/2240/560 748/2239/560 746/2238/560 745/2237/560
f 752/2244/561 747/2243/561 745/2242/561 750/2241/561
f 751/2248/562 752/2247/562 750/2246/562 749/2245/562
f 750/2252/563 745/2251/563 746/2250/563 749/2249/563
f 751/2256/564 748/2255/564 747/2254/564 752/2253/564
o cube
v 0.06226312433897134 2.676547121790965 0.015326994824037099
v 0.09876346007179944 2.705756084471927 0.05727901678654801
v 0.16804609688117544 2.0485079322909368 0.360560872910376
v 0.20454643261400351 2.0777168949718985 0.4025128948728869
v 0.14234749921222262 2.695990028527472 0.02615833090487385
v 0.10584716347939453 2.6667810658465103 -0.01579369105763706
v 0.24813047175442676 2.0679508390274437 0.3713922089912127
v 0.21163013602159864 2.0387418763464815 0.3294401870287018
vt 0.60546875 0.765625
vt 0.609375 0.765625
vt 0.609375 0.71875
vt 0.60546875 0.71875
vt 0.609375 0.765625
vt 0.61328125 0.765625
vt 0.61328125 0.71875
vt 0.609375 0.71875
vt 0.5703125 0.390625
vt 0.57421875 0.390625
vt 0.57421875 0.34375
vt 0.5703125 0.34375
vt 0.57421875 0.390625
vt 0.578125 0.390625
vt 0.578125 0.34375
vt 0.57421875 0.34375
vt 0.6328125 0.2734375
vt 0.62890625 0.2734375
vt 0.62890625 0.27734375
vt 0.6328125 0.27734375
vt 0.7265625 0.37109375
vt 0.72265625 0.37109375
vt 0.72265625 0.3671875
vt 0.7265625 0.3671875
vn 0.5810998723634331 0.4650183113386976 0.6678928869653487
vn -0.8006252884578319 0.17939942033441894 0.5716773525910294
vn -0.5810998723634331 -0.4650183113386976 -0.6678928869653487
vn 0.8006252884578319 -0.17939942033441894 -0.5716773525910294
vn -0.14602084036539273 0.8669335719092787 -0.4765543999121235
vn 0.14602084036539273 -0.8669335719092787 0.4765543999121235
usemtl m_91fe65ba-4f97-40fd-8230-0084d13434eb
f 756/2260/565 759/2259/565 757/2258/565 754/2257/565
f 755/2264/566 756/2263/566 754/2262/566 753/2261/566
f 760/2268/567 755/2267/567 753/2266/567 758/2265/567
f 759/2272/568 760/2271/568 758/2270/568 757/2269/568
f 758/2276/569 753/2275/569 754/2274/569 757/2273/569
f 759/2280/570 756/2279/570 755/2278/570 760/2277/570
o cube
v 0.10235704041489702 2.8816346825007386 -0.12472995517153218
v 0.12425724185459389 2.899160060109316 -0.0995587419940257
v 0.20263685253583033 2.2862680519920415 0.20254377896811845
v 0.2245370539755272 2.303793429600619 0.22771499214562502
v 0.16784128099501708 2.8893940041648607 -0.13067942787569986
v 0.1459410795553202 2.871868626556284 -0.15585064105320634
v 0.26812109311595045 2.2940273736561636 0.19659430626395086
v 0.24622089167625355 2.2765019960475863 0.1714230930864443
vt 0.64453125 0.9140625
vt 0.6484375 0.9140625
vt 0.6484375 0.87109375
vt 0.64453125 0.87109375
vt 0.11328125 0.35546875
vt 0.1171875 0.35546875
vt 0.1171875 0.3125
vt 0.11328125 0.3125
vt 0.1171875 0.35546875
vt 0.12109375 0.35546875
vt 0.12109375 0.3125
vt 0.1171875 0.3125
vt 0.12109375 0.35546875
vt 0.125 0.35546875
vt 0.125 0.3125
vt 0.12109375 0.3125
vt 0.63671875 0.2734375
vt 0.6328125 0.2734375
vt 0.6328125 0.27734375
vt 0.63671875 0.27734375
vt 0.7265625 0.3671875
vt 0.72265625 0.3671875
vt 0.72265625 0.36328125
vt 0.7265625 0.36328125
vn 0.5810998723634331 0.4650183113386976 0.6678928869653487
vn -0.8006252884578319 0.17939942033441894 0.5716773525910294
vn -0.5810998723634331 -0.4650183113386976 -0.6678928869653487
vn 0.8006252884578319 -0.17939942033441894 -0.5716773525910294
vn -0.14602084036539273 0.8669335719092787 -0.4765543999121235
vn 0.14602084036539273 -0.8669335719092787 0.4765543999121235
usemtl m_91fe65ba-4f97-40fd-8230-0084d13434eb
f 764/2284/571 767/2283/571 765/2282/571 762/2281/571
f 763/2288/572 764/2287/572 762/2286/572 761/2285/572
f 768/2292/573 763/2291/573 761/2290/573 766/2289/573
f 767/2296/574 768/2295/574 766/2294/574 765/2293/574
f 766/2300/575 761/2299/575 762/2298/575 765/2297/575
f 767/2304/576 764/2303/576 763/2302/576 768/2301/576
o cube
v 0.08163408402856154 2.8623162667721043 -0.0744404176925928
v 0.11813441976138964 2.891525229453066 -0.03248839573008189
v 0.18741705657076568 2.234277077272076 0.2707934603937462
v 0.22391739230359378 2.263486039953038 0.3127454823562571
v 0.16171845890181283 2.8817591735086117 -0.06360908161175605
v 0.12521812316898473 2.8525502108276495 -0.10556110357426696
v 0.267501431444017 2.253719984008583 0.28162479647458294
v 0.2310010957111889 2.224511021327621 0.23967277451207203
vt 0.578125 0.390625
vt 0.58203125 0.390625
vt 0.58203125 0.34375
vt 0.578125 0.34375
vt 0.58203125 0.390625
vt 0.5859375 0.390625
vt 0.5859375 0.34375
vt 0.58203125 0.34375
vt 0.5859375 0.390625
vt 0.58984375 0.390625
vt 0.58984375 0.34375
vt 0.5859375 0.34375
vt 0.58984375 0.390625
vt 0.59375 0.390625
vt 0.59375 0.34375
vt 0.58984375 0.34375
vt 0.640625 0.2734375
vt 0.63671875 0.2734375
vt 0.63671875 0.27734375
vt 0.640625 0.27734375
vt 0.7265625 0.36328125
vt 0.72265625 0.36328125
vt 0.72265625 0.359375
vt 0.7265625 0.359375
vn 0.5810998723634331 0.4650183113386976 0.6678928869653487
vn -0.8006252884578319 0.17939942033441894 0.5716773525910294
vn -0.5810998723634331 -0.4650183113386976 -0.6678928869653487
vn 0.8006252884578319 -0.17939942033441894 -0.5716773525910294
vn -0.14602084036539273 0.8669335719092787 -0.4765543999121235
vn 0.14602084036539273 -0.8669335719092787 0.4765543999121235
usemtl m_91fe65ba-4f97-40fd-8230-0084d13434eb
f 772/2308/577 775/2307/577 773/2306/577 770/2305/577
f 771/2312/578 772/2311/578 770/2310/578 769/2309/578
f 776/2316/579 771/2315/579 769/2314/579 774/2313/579
f 775/2320/580 776/2319/580 774/2318/580 773/2317/580
f 774/2324/581 769/2323/581 770/2322/581 773/2321/581
f 775/2328/582 772/2327/582 771/2326/582 776/2325/582
o cube
v -0.246425407750126 2.6266265948125964 -0.07489057943036759
v -0.2786671353964151 2.6525234319666238 -0.027612307676312287
v -0.3099338853545165 1.9763365834562543 0.23799800426803358
v -0.34217561300080557 2.0022334206102816 0.2852762760220889
v -0.23219279141889876 2.6610000285603315 -0.0005619090046284914
v -0.19995106377260968 2.6351031914063046 -0.04784018075868379
v -0.29570126902328925 2.0107100172039893 0.3123266746937727
v -0.2634595413770002 1.9848131800499622 0.2650484029397174
vt 0.59375 0.390625
vt 0.59765625 0.390625
vt 0.59765625 0.34375
vt 0.59375 0.34375
vt 0.59765625 0.390625
vt 0.6015625 0.390625
vt 0.6015625 0.34375
vt 0.59765625 0.34375
vt 0.6015625 0.390625
vt 0.60546875 0.390625
vt 0.60546875 0.34375
vt 0.6015625 0.34375
vt 0.60546875 0.390625
vt 0.609375 0.390625
vt 0.609375 0.34375
vt 0.60546875 0.34375
vt 0.7265625 0.35546875
vt 0.72265625 0.35546875
vt 0.72265625 0.359375
vt 0.7265625 0.359375
vt 0.6484375 0.27734375
vt 0.64453125 0.27734375
vt 0.64453125 0.2734375
vt 0.6484375 0.2734375
vn -0.5133011366573392 0.4122879546909811 0.7526889035471502
vn -0.8537192923539166 -0.15571245177878973 -0.4969074382858101
vn 0.5133011366573392 -0.4122879546909811 -0.7526889035471502
vn 0.8537192923539166 0.15571245177878973 0.4969074382858101
vn 0.08766591680357592 0.8976481909845112 -0.43190555941458214
vn -0.08766591680357592 -0.8976481909845112 0.43190555941458214
usemtl m_91fe65ba-4f97-40fd-8230-0084d13434eb
f 780/2332/583 783/2331/583 781/2330/583 778/2329/583
f 779/2336/584 780/2335/584 778/2334/584 777/2333/584
f 784/2340/585 779/2339/585 777/2338/585 782/2337/585
f 783/2344/586 784/2343/586 782/2342/586 781/2341/586
f 782/2348/587 777/2347/587 778/2346/587 781/2345/587
f 783/2352/588 780/2351/588 779/2350/588 784/2349/588
o cube
v -0.17404824863041166 2.8629795583126496 -0.12161533078072079
v -0.1933932852181851 2.8785176606050658 -0.0932483677282876
v -0.23425281699526734 2.2465196631540363 0.17499581214724325
v -0.25359785358304077 2.2620577654464524 0.20336277519967644
v -0.1469189412406688 2.886994257198774 -0.06619796905660391
v -0.12757390465289534 2.8714561549063573 -0.0945649321090371
v -0.20712350960552448 2.2705343620401606 0.23041317387136023
v -0.18777847301775102 2.254996259747744 0.20204621081892704
vt 0.125 0.35546875
vt 0.12890625 0.35546875
vt 0.12890625 0.3125
vt 0.125 0.3125
vt 0.12890625 0.35546875
vt 0.1328125 0.35546875
vt 0.1328125 0.3125
vt 0.12890625 0.3125
vt 0.171875 0.35546875
vt 0.17578125 0.35546875
vt 0.17578125 0.3125
vt 0.171875 0.3125
vt 0.18359375 0.35546875
vt 0.1875 0.35546875
vt 0.1875 0.3125
vt 0.18359375 0.3125
vt 0.7265625 0.3515625
vt 0.72265625 0.3515625
vt 0.72265625 0.35546875
vt 0.7265625 0.35546875
vt 0.65234375 0.27734375
vt 0.6484375 0.27734375
vt 0.6484375 0.2734375
vt 0.65234375 0.2734375
vn -0.5133011366573392 0.4122879546909811 0.7526889035471502
vn -0.8537192923539166 -0.15571245177878973 -0.4969074382858101
vn 0.5133011366573392 -0.4122879546909811 -0.7526889035471502
vn 0.8537192923539166 0.15571245177878973 0.4969074382858101
vn 0.08766591680357592 0.8976481909845112 -0.43190555941458214
vn -0.08766591680357592 -0.8976481909845112 0.43190555941458214
usemtl m_91fe65ba-4f97-40fd-8230-0084d13434eb
f 788/2356/589 791/2355/589 789/2354/589 786/2353/589
f 787/2360/590 788/2359/590 786/2358/590 785/2357/590
f 792/2364/591 787/2363/591 785/2362/591 790/2361/591
f 791/2368/592 792/2367/592 790/2366/592 789/2365/592
f 790/2372/593 785/2371/593 786/2370/593 789/2369/593
f 791/2376/594 788/2375/594 787/2374/594 792/2373/594
o cube
v -0.2195499987665244 2.82780835062749 -0.11669023463769101
v -0.25179172641281344 2.853705187781517 -0.06941196288363577
v -0.2830584763709149 2.1775183392711472 0.1961983490607103
v -0.315300204017204 2.2034151764251746 0.24347662081476557
v -0.20531738243529715 2.862181784375225 -0.042361564211952085
v -0.17307565478900808 2.8362849472211975 -0.08963983596600733
v -0.26882586003968767 2.2118917730188823 0.27052701948644936
v -0.2365841323933986 2.185994935864855 0.2232487477323941
vt 0.609375 0.390625
vt 0.61328125 0.390625
vt 0.61328125 0.34375
vt 0.609375 0.34375
vt 0.61328125 0.765625
vt 0.6171875 0.765625
vt 0.6171875 0.71875
vt 0.61328125 0.71875
vt 0.61328125 0.65625
vt 0.6171875 0.65625
vt 0.6171875 0.609375
vt 0.61328125 0.609375
vt 0.61328125 0.609375
vt 0.6171875 0.609375
vt 0.6171875 0.5625
vt 0.61328125 0.5625
vt 0.7265625 0.34765625
vt 0.72265625 0.34765625
vt 0.72265625 0.3515625
vt 0.7265625 0.3515625
vt 0.7265625 0.34765625
vt 0.72265625 0.34765625
vt 0.72265625 0.34375
vt 0.7265625 0.34375
vn -0.5133011366573392 0.4122879546909811 0.7526889035471502
vn -0.8537192923539166 -0.15571245177878973 -0.4969074382858101
vn 0.5133011366573392 -0.4122879546909811 -0.7526889035471502
vn 0.8537192923539166 0.15571245177878973 0.4969074382858101
vn 0.08766591680357592 0.8976481909845112 -0.43190555941458214
vn -0.08766591680357592 -0.8976481909845112 0.43190555941458214
usemtl m_91fe65ba-4f97-40fd-8230-0084d13434eb
f 796/2380/595 799/2379/595 797/2378/595 794/2377/595
f 795/2384/596 796/2383/596 794/2382/596 793/2381/596
f 800/2388/597 795/2387/597 793/2386/597 798/2385/597
f 799/2392/598 800/2391/598 798/2390/598 797/2389/598
f 798/2396/599 793/2395/599 794/2394/599 797/2393/599
f 799/2400/600 796/2399/600 795/2398/600 800/2397/600
o cube
v 0.21799810449916518 2.859710937448151 -0.21307197562402497
v 0.24961373907295853 2.8744744642130584 -0.19882986959267507
v 0.4013768530687263 2.240823127181833 0.021396946361009583
v 0.43299248764251963 2.255586653946741 0.03563905239235951
v 0.27543359948919344 2.8643761113788946 -0.2456785567073943
v 0.2438179649154001 2.8496125846139866 -0.2599206627387442
v 0.4588123480587546 2.2454883011125766 -0.011209634722359835
v 0.42719671348496124 2.230724774347669 -0.025451740753709762
vt 0.1875 0.35546875
vt 0.19140625 0.35546875
vt 0.19140625 0.3125
vt 0.1875 0.3125
vt 0.19140625 0.35546875
vt 0.1953125 0.35546875
vt 0.1953125 0.3125
vt 0.19140625 0.3125
vt 0.1953125 0.35546875
vt 0.19921875 0.35546875
vt 0.19921875 0.3125
vt 0.1953125 0.3125
vt 0.19921875 0.35546875
vt 0.203125 0.35546875
vt 0.203125 0.3125
vt 0.19921875 0.3125
vt 0.7265625 0.33203125
vt 0.72265625 0.33203125
vt 0.72265625 0.3359375
vt 0.7265625 0.3359375
vt 0.7265625 0.33203125
vt 0.72265625 0.33203125
vt 0.72265625 0.328125
vt 0.7265625 0.328125
vn 0.8388891429198898 0.391735370213142 0.37789999419834003
vn -0.4743028319859462 0.18550361119015663 0.8605958597422616
vn -0.8388891429198898 -0.391735370213142 -0.37789999419834003
vn 0.4743028319859462 -0.18550361119015663 -0.8605958597422616
vn -0.2670240241275009 0.9011835606353368 -0.3414181608810115
vn 0.2670240241275009 -0.9011835606353368 0.3414181608810115
usemtl m_91fe65ba-4f97-40fd-8230-0084d13434eb
f 804/2404/601 807/2403/601 805/2402/601 802/2401/601
f 803/2408/602 804/2407/602 802/2406/602 801/2405/602
f 808/2412/603 803/2411/603 801/2410/603 806/2409/603
f 807/2416/604 808/2415/604 806/2414/604 805/2413/604
f 806/2420/605 801/2419/605 802/2418/605 805/2417/605
f 807/2424/606 804/2423/606 803/2422/606 808/2421/606
o cube
v 0.22490573558129526 2.6487496698358566 -0.07620705277489875
v 0.2775984598709508 2.6733555477773696 -0.05247020938931557
v 0.4183479520601616 1.9958985041280948 0.1711290661483389
v 0.47104067634981717 2.020504382069608 0.1948659095339221
v 0.30341832028718574 2.6632571949432053 -0.09931889650403503
v 0.2507255959975302 2.6386513170016928 -0.12305573988961821
v 0.4968605367660521 2.0104060292354435 0.14801722241920276
v 0.4441678124763966 1.9858001512939305 0.12428037903361955
vt 0.61328125 0.5625
vt 0.6171875 0.5625
vt 0.6171875 0.515625
vt 0.61328125 0.515625
vt 0.61328125 0.421875
vt 0.6171875 0.421875
vt 0.6171875 0.375
vt 0.61328125 0.375
vt 0.6171875 1
vt 0.62109375 1
vt 0.62109375 0.953125
vt 0.6171875 0.953125
vt 0.6171875 0.921875
vt 0.62109375 0.921875
vt 0.62109375 0.875
vt 0.6171875 0.875
vt 0.7265625 0.33984375
vt 0.72265625 0.33984375
vt 0.72265625 0.34375
vt 0.7265625 0.34375
vt 0.7265625 0.33984375
vt 0.72265625 0.33984375
vt 0.72265625 0.3359375
vt 0.7265625 0.3359375
vn 0.8388891429198898 0.391735370213142 0.37789999419834003
vn -0.4743028319859462 0.18550361119015663 0.8605958597422616
vn -0.8388891429198898 -0.391735370213142 -0.37789999419834003
vn 0.4743028319859462 -0.18550361119015663 -0.8605958597422616
vn -0.2670240241275009 0.9011835606353368 -0.3414181608810115
vn 0.2670240241275009 -0.9011835606353368 0.3414181608810115
usemtl m_91fe65ba-4f97-40fd-8230-0084d13434eb
f 812/2428/607 815/2427/607 813/2426/607 810/2425/607
f 811/2432/608 812/2431/608 810/2430/608 809/2429/608
f 816/2436/609 811/2435/609 809/2434/609 814/2433/609
f 815/2440/610 816/2439/610 814/2438/610 813/2437/610
f 814/2444/611 809/2443/611 810/2442/611 813/2441/611
f 815/2448/612 812/2447/612 811/2446/612 816/2445/612
o cube
v 0.2187386861769899 2.838436721313597 -0.15941995838199802
v 0.27143141046664543 2.86304259925511 -0.13568311499641483
v 0.41218090265585633 2.185585555605835 0.08791616054123969
v 0.4648736269455118 2.210191433547348 0.11165300392682287
v 0.2972512708828804 2.8529442464209462 -0.1825318021111343
v 0.24455854659322487 2.828338368479433 -0.20626864549671747
v 0.4906934873617468 2.2000930807131835 0.06480431681210352
v 0.43800076307209124 2.175487202771671 0.04106747342652034
vt 0.6171875 0.765625
vt 0.62109375 0.765625
vt 0.62109375 0.71875
vt 0.6171875 0.71875
vt 0.6171875 0.71875
vt 0.62109375 0.71875
vt 0.62109375 0.671875
vt 0.6171875 0.671875
vt 0.6171875 0.671875
vt 0.62109375 0.671875
vt 0.62109375 0.625
vt 0.6171875 0.625
vt 0.6171875 0.625
vt 0.62109375 0.625
vt 0.62109375 0.578125
vt 0.6171875 0.578125
vt 0.7265625 0.32421875
vt 0.72265625 0.32421875
vt 0.72265625 0.328125
vt 0.7265625 0.328125
vt 0.6796875 0.27734375
vt 0.67578125 0.27734375
vt 0.67578125 0.2734375
vt 0.6796875 0.2734375
vn 0.8388891429198898 0.391735370213142 0.37789999419834003
vn -0.4743028319859462 0.18550361119015663 0.8605958597422616
vn -0.8388891429198898 -0.391735370213142 -0.37789999419834003
vn 0.4743028319859462 -0.18550361119015663 -0.8605958597422616
vn -0.2670240241275009 0.9011835606353368 -0.3414181608810115
vn 0.2670240241275009 -0.9011835606353368 0.3414181608810115
usemtl m_91fe65ba-4f97-40fd-8230-0084d13434eb
f 820/2452/613 823/2451/613 821/2450/613 818/2449/613
f 819/2456/614 820/2455/614 818/2454/614 817/2453/614
f 824/2460/615 819/2459/615 817/2458/615 822/2457/615
f 823/2464/616 824/2463/616 822/2462/616 821/2461/616
f 822/2468/617 817/2467/617 818/2466/617 821/2465/617
f 823/2472/618 820/2471/618 819/2470/618 824/2469/618
o cube
v -0.3431515065684298 2.801018277924883 -0.35706756967978504
v -0.3798683849094398 2.8083596323720923 -0.36134810890071456
v -0.4949875452462494 2.166325688802326 -0.14320617257518456
v -0.5317044235872594 2.1736670432495346 -0.14748671179611397
v -0.3822804424476477 2.8262424814170313 -0.30998832799465637
v -0.3455635641066377 2.8189011269698225 -0.30570778877372695
v -0.5341164811254673 2.191549892294474 -0.09612693089005586
v -0.4973996027844573 2.184208537847265 -0.09184639166912642
vt 0.203125 0.35546875
vt 0.20703125 0.35546875
vt 0.20703125 0.3125
vt 0.203125 0.3125
vt 0.20703125 0.35546875
vt 0.2109375 0.35546875
vt 0.2109375 0.3125
vt 0.20703125 0.3125
vt 0.2109375 0.35546875
vt 0.21484375 0.35546875
vt 0.21484375 0.3125
vt 0.2109375 0.3125
vt 0.64453125 0.78125
vt 0.6484375 0.78125
vt 0.6484375 0.73828125
vt 0.64453125 0.73828125
vt 0.6875 0.2734375
vt 0.68359375 0.2734375
vt 0.68359375 0.27734375
vt 0.6875 0.27734375
vt 0.69140625 0.27734375
vt 0.6875 0.27734375
vt 0.6875 0.2734375
vt 0.69140625 0.2734375
vn -0.9742455281196692 0.1947954745528053 -0.11357981349066497
vn 0.04430874926673571 -0.328502393477641 -0.943463254301872
vn 0.9742455281196692 -0.1947954745528053 0.11357981349066497
vn -0.04430874926673571 0.328502393477641 0.943463254301872
vn 0.22109361292729487 0.9241974359265496 -0.31141084398194496
vn -0.22109361292729487 -0.9241974359265496 0.31141084398194496
usemtl m_91fe65ba-4f97-40fd-8230-0084d13434eb
f 828/2476/619 831/2475/619 829/2474/619 826/2473/619
f 827/2480/620 828/2479/620 826/2478/620 825/2477/620
f 832/2484/621 827/2483/621 825/2482/621 830/2481/621
f 831/2488/622 832/2487/622 830/2486/622 829/2485/622
f 830/2492/623 825/2491/623 826/2490/623 829/2489/623
f 831/2496/624 828/2495/624 827/2494/624 832/2493/624
o cube
v -0.3618675026770859 2.754878667480595 -0.3862656436780829
v -0.42306229991210254 2.767114258225943 -0.3933998757129653
v -0.522036006892103 2.085355387491555 -0.16066795039091267
v -0.5832308041271197 2.0975909782369033 -0.16780218242579506
v -0.4254743574503104 2.7849971072708826 -0.3420400948069071
v -0.3642795602152938 2.7727615165255344 -0.3349058627720247
v -0.5856428616653275 2.1154738272818427 -0.11644240151973692
v -0.5244480644303109 2.1032382365364946 -0.10930816948485456
vt 0.53515625 0.3828125
vt 0.5390625 0.3828125
vt 0.5390625 0.3359375
vt 0.53515625 0.3359375
vt 0.5390625 0.3828125
vt 0.54296875 0.3828125
vt 0.54296875 0.3359375
vt 0.5390625 0.3359375
vt 0.54296875 0.3828125
vt 0.546875 0.3828125
vt 0.546875 0.3359375
vt 0.54296875 0.3359375
vt 0.546875 0.3828125
vt 0.55078125 0.3828125
vt 0.55078125 0.3359375
vt 0.546875 0.3359375
vt 0.69921875 0.2734375
vt 0.6953125 0.2734375
vt 0.6953125 0.27734375
vt 0.69921875 0.27734375
vt 0.703125 0.27734375
vt 0.69921875 0.27734375
vt 0.69921875 0.2734375
vt 0.703125 0.2734375
vn -0.9742455281196692 0.1947954745528053 -0.11357981349066497
vn 0.04430874926673571 -0.328502393477641 -0.943463254301872
vn 0.9742455281196692 -0.1947954745528053 0.11357981349066497
vn -0.04430874926673571 0.328502393477641 0.943463254301872
vn 0.22109361292729487 0.9241974359265496 -0.31141084398194496
vn -0.22109361292729487 -0.9241974359265496 0.31141084398194496
usemtl m_91fe65ba-4f97-40fd-8230-0084d13434eb
f 836/2500/625 839/2499/625 837/2498/625 834/2497/625
f 835/2504/626 836/2503/626 834/2502/626 833/2501/626
f 840/2508/627 835/2507/627 833/2506/627 838/2505/627
f 839/2512/628 840/2511/628 838/2510/628 837/2509/628
f 838/2516/629 833/2515/629 834/2514/629 837/2513/629
f 839/2520/630 836/2519/630 835/2518/630 840/2517/630
o cube
v -0.36810609743402667 2.5507687982306493 -0.3509975438358951
v -0.4293008946690433 2.563004388975997 -0.3581317758707775
v -0.5282746016490437 1.881245518241609 -0.12539985054872496
v -0.5894693988840604 1.8934811089869572 -0.13253408258360735
v -0.4317129522072512 2.580887238020936 -0.3067719949647194
v -0.37051815497223456 2.5686516472755883 -0.299637762929837
v -0.5918814564222683 1.9113639580318962 -0.08117430167754924
v -0.5306866591872517 1.8991283672865482 -0.07404006964266685
vt 0.6171875 0.578125
vt 0.62109375 0.578125
vt 0.62109375 0.53125
vt 0.6171875 0.53125
vt 0.6171875 0.53125
vt 0.62109375 0.53125
vt 0.62109375 0.484375
vt 0.6171875 0.484375
vt 0.6171875 0.484375
vt 0.62109375 0.484375
vt 0.62109375 0.4375
vt 0.6171875 0.4375
vt 0.53125 0.3828125
vt 0.53515625 0.3828125
vt 0.53515625 0.3359375
vt 0.53125 0.3359375
vt 0.7265625 0.3203125
vt 0.72265625 0.3203125
vt 0.72265625 0.32421875
vt 0.7265625 0.32421875
vt 0.68359375 0.27734375
vt 0.6796875 0.27734375
vt 0.6796875 0.2734375
vt 0.68359375 0.2734375
vn -0.9742455281196692 0.1947954745528053 -0.11357981349066497
vn 0.04430874926673571 -0.328502393477641 -0.943463254301872
vn 0.9742455281196692 -0.1947954745528053 0.11357981349066497
vn -0.04430874926673571 0.328502393477641 0.943463254301872
vn 0.22109361292729487 0.9241974359265496 -0.31141084398194496
vn -0.22109361292729487 -0.9241974359265496 0.31141084398194496
usemtl m_91fe65ba-4f97-40fd-8230-0084d13434eb
f 844/2524/631 847/2523/631 845/2522/631 842/2521/631
f 843/2528/632 844/2527/632 842/2526/632 841/2525/632
f 848/2532/633 843/2531/633 841/2530/633 846/2529/633
f 847/2536/634 848/2535/634 846/2534/634 845/2533/634
f 846/2540/635 841/2539/635 842/2538/635 845/2537/635
f 847/2544/636 844/2543/636 843/2542/636 848/2541/636
o cube
v 0.311191141595785 2.5826755026067376 -0.32175395221982017
v 0.3712407068850099 2.5974052846566744 -0.3328216252176306
v 0.5130096010579098 1.9205988759579515 -0.10789993361846414
v 0.5730591663471347 1.9353286580078886 -0.11896760661627451
v 0.36624288731293886 2.5793700025363187 -0.3839410129742752
v 0.30619332202371397 2.5646402204863814 -0.3728733399764649
v 0.5680613467750637 1.9172933758875326 -0.17008699437291916
v 0.5080117814858389 1.9025635938375955 -0.1590193213751088
vt 0.55078125 0.3828125
vt 0.5546875 0.3828125
vt 0.5546875 0.3359375
vt 0.55078125 0.3359375
vt 0.5546875 0.3828125
vt 0.55859375 0.3828125
vt 0.55859375 0.3359375
vt 0.5546875 0.3359375
vt 0.6171875 0.4375
vt 0.62109375 0.4375
vt 0.62109375 0.390625
vt 0.6171875 0.390625
vt 0.6171875 0.390625
vt 0.62109375 0.390625
vt 0.62109375 0.34375
vt 0.6171875 0.34375
vt 0.70703125 0.2734375
vt 0.703125 0.2734375
vt 0.703125 0.27734375
vt 0.70703125 0.27734375
vt 0.7109375 0.27734375
vt 0.70703125 0.27734375
vt 0.70703125 0.2734375
vt 0.7109375 0.2734375
vn 0.9560129797289543 0.2345039928348195 -0.1762017591691207
vn 0.09180839627225734 0.331302541820546 0.9390473066662625
vn -0.9560129797289543 -0.2345039928348195 0.1762017591691207
vn -0.09180839627225734 -0.331302541820546 -0.9390473066662625
vn -0.27858643356000334 0.9139182146821301 -0.29520009469603126
vn 0.27858643356000334 -0.9139182146821301 0.29520009469603126
usemtl m_91fe65ba-4f97-40fd-8230-0084d13434eb
f 852/2548/637 855/2547/637 853/2546/637 850/2545/637
f 851/2552/638 852/2551/638 850/2550/638 849/2549/638
f 856/2556/639 851/2555/639 849/2554/639 854/2553/639
f 855/2560/640 856/2559/640 854/2558/640 853/2557/640
f 854/2564/641 849/2563/641 850/2562/641 853/2561/641
f 855/2568/642 852/2567/642 851/2566/642 856/2565/642
o cube
v 0.275635926220143 2.831680198383377 -0.3258609032817339
v 0.31166566539367796 2.8405180676133392 -0.33250150708042014
v 0.4669551594674751 2.204046864450424 -0.12313223824923458
v 0.5029848986410101 2.2128847336803865 -0.1297728420479208
v 0.30666784582160694 2.8224827854929835 -0.38362089483706474
v 0.270638106648072 2.813644916263021 -0.3769802910383785
v 0.49798707906893913 2.1948494515600303 -0.18089222980456546
v 0.46195733989540416 2.186011582330068 -0.1742516260058792
vt 0.23828125 0.35546875
vt 0.2421875 0.35546875
vt 0.2421875 0.3125
vt 0.23828125 0.3125
vt 0.2421875 0.35546875
vt 0.24609375 0.35546875
vt 0.24609375 0.3125
vt 0.2421875 0.3125
vt 0.24609375 0.35546875
vt 0.25 0.35546875
vt 0.25 0.3125
vt 0.24609375 0.3125
vt 0.25 0.35546875
vt 0.25390625 0.35546875
vt 0.25390625 0.3125
vt 0.25 0.3125
vt 0.71875 0.2734375
vt 0.71484375 0.2734375
vt 0.71484375 0.27734375
vt 0.71875 0.27734375
vt 0.72265625 0.27734375
vt 0.71875 0.27734375
vt 0.71875 0.2734375
vt 0.72265625 0.2734375
vn 0.9560129797289543 0.2345039928348195 -0.1762017591691207
vn 0.09180839627225734 0.331302541820546 0.9390473066662625
vn -0.9560129797289543 -0.2345039928348195 0.1762017591691207
vn -0.09180839627225734 -0.331302541820546 -0.9390473066662625
vn -0.27858643356000334 0.9139182146821301 -0.29520009469603126
vn 0.27858643356000334 -0.9139182146821301 0.29520009469603126
usemtl m_91fe65ba-4f97-40fd-8230-0084d13434eb
f 860/2572/643 863/2571/643 861/2570/643 858/2569/643
f 859/2576/644 860/2575/644 858/2574/644 857/2573/644
f 864/2580/645 859/2579/645 857/2578/645 862/2577/645
f 863/2584/646 864/2583/646 862/2582/646 861/2581/646
f 862/2588/647 857/2587/647 858/2586/647 861/2585/647
f 863/2592/648 860/2591/648 859/2590/648 864/2589/648
o cube
v 0.29430058889887967 2.7863095681387966 -0.3562716902790891
v 0.35435015418810456 2.8010393501887343 -0.36733936327689953
v 0.4961190483610046 2.1242329414900105 -0.14241767167773298
v 0.5561686136502295 2.1389627235399478 -0.15348534467554337
v 0.34935233461603354 2.783004068068378 -0.41845875103354413
v 0.28930276932680865 2.768274286018441 -0.4073910780357338
v 0.5511707940781585 2.1209274414195916 -0.204604732432188
v 0.4911212287889336 2.1061976593696548 -0.19353705943437763
vt 0.62109375 1
vt 0.625 1
vt 0.625 0.953125
vt 0.62109375 0.953125
vt 0.62109375 0.921875
vt 0.625 0.921875
vt 0.625 0.875
vt 0.62109375 0.875
vt 0.62109375 0.765625
vt 0.625 0.765625
vt 0.625 0.71875
vt 0.62109375 0.71875
vt 0.62109375 0.71875
vt 0.625 0.71875
vt 0.625 0.671875
vt 0.62109375 0.671875
vt 0.7265625 0.2734375
vt 0.72265625 0.2734375
vt 0.72265625 0.27734375
vt 0.7265625 0.27734375
vt 0.00390625 0.2734375
vt 0 0.2734375
vt 0 0.26953125
vt 0.00390625 0.26953125
vn 0.9560129797289543 0.2345039928348195 -0.1762017591691207
vn 0.09180839627225734 0.331302541820546 0.9390473066662625
vn -0.9560129797289543 -0.2345039928348195 0.1762017591691207
vn -0.09180839627225734 -0.331302541820546 -0.9390473066662625
vn -0.27858643356000334 0.9139182146821301 -0.29520009469603126
vn 0.27858643356000334 -0.9139182146821301 0.29520009469603126
usemtl m_91fe65ba-4f97-40fd-8230-0084d13434eb
f 868/2596/649 871/2595/649 869/2594/649 866/2593/649
f 867/2600/650 868/2599/650 866/2598/650 865/2597/650
f 872/2604/651 867/2603/651 865/2602/651 870/2601/651
f 871/2608/652 872/2607/652 870/2606/652 869/2605/652
f 870/2612/653 865/2611/653 866/2610/653 869/2609/653
f 871/2616/654 868/2615/654 867/2614/654 872/2613/654
o cube
v -0.3169024693217967 2.5941145004802624 -0.22056132568285636
v -0.3720908828260055 2.615949283198729 -0.1999970013619401
v -0.44566106785554943 1.960654347902469 0.10648477168874204
v -0.5008494813597582 1.9824891306209356 0.12704909600965825
v -0.3479636957361384 2.6343743538505793 -0.15481031061283934
v -0.2927752822319296 2.612539571132113 -0.1753746349337556
v -0.47672229426989104 2.000914201272786 0.172235786758759
v -0.42153388076568227 1.9790794185543195 0.1516714624378428
vt 0.62109375 0.671875
vt 0.625 0.671875
vt 0.625 0.625
vt 0.62109375 0.625
vt 0.62109375 0.625
vt 0.625 0.625
vt 0.625 0.578125
vt 0.62109375 0.578125
vt 0.62109375 0.578125
vt 0.625 0.578125
vt 0.625 0.53125
vt 0.62109375 0.53125
vt 0.45703125 0.37890625
vt 0.4609375 0.37890625
vt 0.4609375 0.33203125
vt 0.45703125 0.33203125
vt 0.0078125 0.26953125
vt 0.00390625 0.26953125
vt 0.00390625 0.2734375
vt 0.0078125 0.2734375
vt 0.01171875 0.2734375
vt 0.0078125 0.2734375
vt 0.0078125 0.26953125
vt 0.01171875 0.26953125
vn -0.8786215085247174 0.3476184313387677 0.3273922279946862
vn -0.44320894768986746 -0.3384628363141286 -0.83006550170564
vn 0.8786215085247174 -0.3476184313387677 -0.3273922279946862
vn 0.44320894768986746 0.3384628363141286 0.83006550170564
vn 0.17773596553705834 0.8744165681343015 -0.45144832697313203
vn -0.17773596553705834 -0.8744165681343015 0.45144832697313203
usemtl m_91fe65ba-4f97-40fd-8230-0084d13434eb
f 876/2620/655 879/2619/655 877/2618/655 874/2617/655
f 875/2624/656 876/2623/656 874/2622/656 873/2621/656
f 880/2628/657 875/2627/657 873/2626/657 878/2625/657
f 879/2632/658 880/2631/658 878/2630/658 877/2629/658
f 878/2636/659 873/2635/659 874/2634/659 877/2633/659
f 879/2640/660 876/2639/660 875/2638/660 880/2637/660
o cube
v -0.26314760701722983 2.837072354461383 -0.2575244813078268
v -0.29626065511975513 2.8501732240924627 -0.24518588671527708
v -0.3852077813498046 2.2365667762951515 0.052507657240971506
v -0.41832082945232996 2.2496676459262313 0.06484625183352122
v -0.272133468029888 2.868598294744313 -0.19999919596617632
v -0.23902041992736273 2.8554974251132332 -0.21233779055872604
v -0.3941936423624628 2.2680927165780815 0.11003294258262197
v -0.36108059425993744 2.254991846947002 0.09769434799007223
vt 0.64453125 0.73828125
vt 0.6484375 0.73828125
vt 0.6484375 0.6953125
vt 0.64453125 0.6953125
vt 0.64453125 0.6953125
vt 0.6484375 0.6953125
vt 0.6484375 0.65234375
vt 0.64453125 0.65234375
vt 0.328125 0.35546875
vt 0.33203125 0.35546875
vt 0.33203125 0.3125
vt 0.328125 0.3125
vt 0.33203125 0.35546875
vt 0.3359375 0.35546875
vt 0.3359375 0.3125
vt 0.33203125 0.3125
vt 0.015625 0.26953125
vt 0.01171875 0.26953125
vt 0.01171875 0.2734375
vt 0.015625 0.2734375
vt 0.01953125 0.2734375
vt 0.015625 0.2734375
vt 0.015625 0.26953125
vt 0.01953125 0.26953125
vn -0.8786215085247174 0.3476184313387677 0.3273922279946862
vn -0.44320894768986746 -0.3384628363141286 -0.83006550170564
vn 0.8786215085247174 -0.3476184313387677 -0.3273922279946862
vn 0.44320894768986746 0.3384628363141286 0.83006550170564
vn 0.17773596553705834 0.8744165681343015 -0.45144832697313203
vn -0.17773596553705834 -0.8744165681343015 0.45144832697313203
usemtl m_91fe65ba-4f97-40fd-8230-0084d13434eb
f 884/2644/661 887/2643/661 885/2642/661 882/2641/661
f 883/2648/662 884/2647/662 882/2646/662 881/2645/662
f 888/2652/663 883/2651/663 881/2650/663 886/2649/663
f 887/2656/664 888/2655/664 886/2654/664 885/2653/664
f 886/2660/665 881/2659/665 882/2658/665 885/2657/665
f 887/2664/666 884/2663/666 883/2662/666 888/2661/666
o cube
v -0.2994430886037627 2.7943116053228607 -0.27115665050476756
v -0.3546315021079714 2.816146388041327 -0.2505923261838513
v -0.4282016871375154 2.1608514527450673 0.05588944686683095
v -0.48339010064172416 2.1826862354635335 0.07645377118774713
v -0.3305043150181043 2.834571458693177 -0.20540563543475054
v -0.27531590151389557 2.812736675974711 -0.2259699597556668
v -0.459262913551857 2.2011113061153837 0.12164046193684788
v -0.4040745000476482 2.1792765233969176 0.1010761376159317
vt 0.62109375 0.53125
vt 0.625 0.53125
vt 0.625 0.484375
vt 0.62109375 0.484375
vt 0.484375 0.37890625
vt 0.48828125 0.37890625
vt 0.48828125 0.33203125
vt 0.484375 0.33203125
vt 0.48828125 0.37890625
vt 0.4921875 0.37890625
vt 0.4921875 0.33203125
vt 0.48828125 0.33203125
vt 0.5078125 0.37890625
vt 0.51171875 0.37890625
vt 0.51171875 0.33203125
vt 0.5078125 0.33203125
vt 0.0234375 0.26953125
vt 0.01953125 0.26953125
vt 0.01953125 0.2734375
vt 0.0234375 0.2734375
vt 0.02734375 0.2734375
vt 0.0234375 0.2734375
vt 0.0234375 0.26953125
vt 0.02734375 0.26953125
vn -0.8786215085247174 0.3476184313387677 0.3273922279946862
vn -0.44320894768986746 -0.3384628363141286 -0.83006550170564
vn 0.8786215085247174 -0.3476184313387677 -0.3273922279946862
vn 0.44320894768986746 0.3384628363141286 0.83006550170564
vn 0.17773596553705834 0.8744165681343015 -0.45144832697313203
vn -0.17773596553705834 -0.8744165681343015 0.45144832697313203
usemtl m_91fe65ba-4f97-40fd-8230-0084d13434eb
f 892/2668/667 895/2667/667 893/2666/667 890/2665/667
f 891/2672/668 892/2671/668 890/2670/668 889/2669/668
f 896/2676/669 891/2675/669 889/2674/669 894/2673/669
f 895/2680/670 896/2679/670 894/2678/670 893/2677/670
f 894/2684/671 889/2683/671 890/2682/671 893/2681/671
f 895/2688/672 892/2687/672 891/2686/672 896/2685/672
o cube
v -0.02369211763137724 2.475234429779218 -0.037234212656392485
v 0.0082863188465436 2.5053143626817906 0.007687801916133941
v 0.08209087101100011 1.8471952493747426 0.30799967704305753
v 0.11406930748892095 1.8772751822773157 0.35292169161558395
v 0.054461562110208195 2.4977917707206263 -0.020145611923659712
v 0.022483125632287354 2.4677118378180527 -0.06506762649618614
v 0.16024455075258556 1.869752590316151 0.3250882777757904
v 0.12826611427466472 1.8396726574135778 0.2801662632032639
vt 0.51171875 0.37890625
vt 0.515625 0.37890625
vt 0.515625 0.33203125
vt 0.51171875 0.33203125
vt 0.515625 0.37890625
vt 0.51953125 0.37890625
vt 0.51953125 0.33203125
vt 0.515625 0.33203125
vt 0.62109375 0.484375
vt 0.625 0.484375
vt 0.625 0.4375
vt 0.62109375 0.4375
vt 0.51953125 0.37890625
vt 0.5234375 0.37890625
vt 0.5234375 0.33203125
vt 0.51953125 0.33203125
vt 0.03125 0.26953125
vt 0.02734375 0.26953125
vt 0.02734375 0.2734375
vt 0.03125 0.2734375
vt 0.03515625 0.2734375
vt 0.03125 0.2734375
vt 0.03125 0.26953125
vt 0.03515625 0.26953125
vn 0.5091094364644115 0.47888450392156123 0.715176351403407
vn -0.8482249049582478 0.1381876824094561 0.5112911841982755
vn -0.5091094364644115 -0.47888450392156123 -0.715176351403407
vn 0.8482249049582478 -0.1381876824094561 -0.5112911841982755
vn -0.14602086258977118 0.866933559353947 -0.47655441594264547
vn 0.14602086258977118 -0.866933559353947 0.47655441594264547
usemtl m_91fe65ba-4f97-40fd-8230-0084d13434eb
f 900/2692/673 903/2691/673 901/2690/673 898/2689/673
f 899/2696/674 900/2695/674 898/2694/674 897/2693/674
f 904/2700/675 899/2699/675 897/2698/675 902/2697/675
f 903/2704/676 904/2703/676 902/2702/676 901/2701/676
f 902/2708/677 897/2707/677 898/2706/677 901/2705/677
f 903/2712/678 900/2711/678 899/2710/678 904/2709/678
o cube
v 0.01818085453162302 2.683776710326929 -0.1715515619916369
v 0.03736791641837553 2.701824670068473 -0.1445983532481211
v 0.11846068191514834 2.0884100884406065 0.1557221831569745
v 0.13764774380190087 2.1064580481821498 0.1826753919004904
v 0.08354315968204012 2.6943020781073086 -0.17243176708791474
v 0.06435609779528761 2.6762541183657644 -0.19938497583143067
v 0.18382298706556546 2.0989354562209854 0.1548419780606968
v 0.16463592517881295 2.0808874964794413 0.1278887693171809
vt 0.64453125 0.65234375
vt 0.6484375 0.65234375
vt 0.6484375 0.609375
vt 0.64453125 0.609375
vt 0.64453125 0.609375
vt 0.6484375 0.609375
vt 0.6484375 0.56640625
vt 0.64453125 0.56640625
vt 0.64453125 0.56640625
vt 0.6484375 0.56640625
vt 0.6484375 0.5234375
vt 0.64453125 0.5234375
vt 0.4609375 0.35546875
vt 0.46484375 0.35546875
vt 0.46484375 0.3125
vt 0.4609375 0.3125
vt 0.0390625 0.26953125
vt 0.03515625 0.26953125
vt 0.03515625 0.2734375
vt 0.0390625 0.2734375
vt 0.04296875 0.2734375
vt 0.0390625 0.2734375
vt 0.0390625 0.26953125
vt 0.04296875 0.26953125
vn 0.5091094364644115 0.47888450392156123 0.715176351403407
vn -0.8482249049582478 0.1381876824094561 0.5112911841982755
vn -0.5091094364644115 -0.47888450392156123 -0.715176351403407
vn 0.8482249049582478 -0.1381876824094561 -0.5112911841982755
vn -0.14602086258977118 0.866933559353947 -0.47655441594264547
vn 0.14602086258977118 -0.866933559353947 0.47655441594264547
usemtl m_91fe65ba-4f97-40fd-8230-0084d13434eb
f 908/2716/679 911/2715/679 909/2714/679 906/2713/679
f 907/2720/680 908/2719/680 906/2718/680 905/2717/680
f 912/2724/681 907/2723/681 905/2722/681 910/2721/681
f 911/2728/682 912/2727/682 910/2726/682 909/2725/682
f 910/2732/683 905/2731/683 906/2730/683 909/2729/683
f 911/2736/684 908/2735/684 907/2734/684 912/2733/684
o cube
v -0.005439714809067547 2.662906747590189 -0.12319669618799078
v 0.026538721668853293 2.692986680492762 -0.07827468161546436
v 0.10034327383330982 2.0348675671857137 0.22203719351145926
v 0.13232171031123066 2.0649475000882864 0.26695920808398577
v 0.07271396493251789 2.6854640885315972 -0.10610809545525801
v 0.04073552845459705 2.655384155629024 -0.15103011002778444
v 0.17849695357489526 2.057424908127122 0.23912579424419214
v 0.14651851709697442 2.0273449752245485 0.19420377967166566
vt 0.5234375 0.37890625
vt 0.52734375 0.37890625
vt 0.52734375 0.33203125
vt 0.5234375 0.33203125
vt 0.62109375 0.4375
vt 0.625 0.4375
vt 0.625 0.390625
vt 0.62109375 0.390625
vt 0.62109375 0.390625
vt 0.625 0.390625
vt 0.625 0.34375
vt 0.62109375 0.34375
vt 0.625 1
vt 0.62890625 1
vt 0.62890625 0.953125
vt 0.625 0.953125
vt 0.046875 0.26953125
vt 0.04296875 0.26953125
vt 0.04296875 0.2734375
vt 0.046875 0.2734375
vt 0.05078125 0.2734375
vt 0.046875 0.2734375
vt 0.046875 0.26953125
vt 0.05078125 0.26953125
vn 0.5091094364644115 0.47888450392156123 0.715176351403407
vn -0.8482249049582478 0.1381876824094561 0.5112911841982755
vn -0.5091094364644115 -0.47888450392156123 -0.715176351403407
vn 0.8482249049582478 -0.1381876824094561 -0.5112911841982755
vn -0.14602086258977118 0.866933559353947 -0.47655441594264547
vn 0.14602086258977118 -0.866933559353947 0.47655441594264547
usemtl m_91fe65ba-4f97-40fd-8230-0084d13434eb
f 916/2740/685 919/2739/685 917/2738/685 914/2737/685
f 915/2744/686 916/2743/686 914/2742/686 913/2741/686
f 920/2748/687 915/2747/687 913/2746/687 918/2745/687
f 919/2752/688 920/2751/688 918/2750/688 917/2749/688
f 918/2756/689 913/2755/689 914/2754/689 917/2753/689
f 919/2760/690 916/2759/690 915/2758/690 920/2757/690
o cube
v -0.11641911914055633 2.4636615507000448 -0.06502482272949128
v -0.14899223532571618 2.4919591284034084 -0.019377814565097906
v -0.17372153839311674 1.8322674343368703 0.285499918160535
v -0.2062946545782766 1.8605650120402335 0.3311469263249283
v -0.10264608904447359 2.5024892282806412 0.007166358575219689
v -0.07007297285931374 2.474191650577278 -0.03848064958917363
v -0.159948508297034 1.8710951119174668 0.35769109946524597
v -0.12737539211187415 1.8427975342141034 0.31204409130085264
vt 0.625 0.921875
vt 0.62890625 0.921875
vt 0.62890625 0.875
vt 0.625 0.875
vt 0.1328125 0.375
vt 0.13671875 0.375
vt 0.13671875 0.328125
vt 0.1328125 0.328125
vt 0.13671875 0.375
vt 0.140625 0.375
vt 0.140625 0.328125
vt 0.13671875 0.328125
vt 0.140625 0.375
vt 0.14453125 0.375
vt 0.14453125 0.328125
vt 0.140625 0.328125
vt 0.0546875 0.26953125
vt 0.05078125 0.26953125
vt 0.05078125 0.2734375
vt 0.0546875 0.2734375
vt 0.05859375 0.2734375
vt 0.0546875 0.2734375
vt 0.0546875 0.26953125
vt 0.05859375 0.26953125
vn -0.5185769740920975 0.4505086997550365 0.7267185379405912
vn -0.8513643404131818 -0.19343467053470703 -0.4876082321987164
vn 0.5185769740920975 -0.4505086997550365 -0.7267185379405912
vn 0.8513643404131818 0.19343467053470703 0.4876082321987164
vn 0.07909918971969349 0.8715646503158304 -0.48385780814773727
vn -0.07909918971969349 -0.8715646503158304 0.48385780814773727
usemtl m_91fe65ba-4f97-40fd-8230-0084d13434eb
f 924/2764/691 927/2763/691 925/2762/691 922/2761/691
f 923/2768/692 924/2767/692 922/2766/692 921/2765/692
f 928/2772/693 923/2771/693 921/2770/693 926/2769/693
f 927/2776/694 928/2775/694 926/2774/694 925/2773/694
f 926/2780/695 921/2779/695 922/2778/695 925/2777/695
f 927/2784/696 924/2783/696 923/2782/696 928/2781/696
o cube
v -0.17473996492704458 2.668432030962096 -0.19901030054797497
v -0.19428383463814047 2.685410577584114 -0.17162209564933906
v -0.229061333467044 2.0698850073576995 0.13327904919748332
v -0.2486052031781399 2.086863553979718 0.16066725409611932
v -0.1479376883568979 2.6959406774613472 -0.14507792250902135
v -0.12839381864580202 2.678962130839329 -0.17246612740765732
v -0.20225905689689733 2.0973936538569506 0.1872114272364369
v -0.18271518718580143 2.080415107234933 0.1598232223378009
vt 0.46484375 0.35546875
vt 0.46875 0.35546875
vt 0.46875 0.3125
vt 0.46484375 0.3125
vt 0.64453125 0.5234375
vt 0.6484375 0.5234375
vt 0.6484375 0.48046875
vt 0.64453125 0.48046875
vt 0.5 0.35546875
vt 0.50390625 0.35546875
vt 0.50390625 0.3125
vt 0.5 0.3125
vt 0.50390625 0.35546875
vt 0.5078125 0.35546875
vt 0.5078125 0.3125
vt 0.50390625 0.3125
vt 0.0625 0.26953125
vt 0.05859375 0.26953125
vt 0.05859375 0.2734375
vt 0.0625 0.2734375
vt 0.06640625 0.2734375
vt 0.0625 0.2734375
vt 0.0625 0.26953125
vt 0.06640625 0.26953125
vn -0.5185769740920975 0.4505086997550365 0.7267185379405912
vn -0.8513643404131818 -0.19343467053470703 -0.4876082321987164
vn 0.5185769740920975 -0.4505086997550365 -0.7267185379405912
vn 0.8513643404131818 0.19343467053470703 0.4876082321987164
vn 0.07909918971969349 0.8715646503158304 -0.48385780814773727
vn -0.07909918971969349 -0.8715646503158304 0.48385780814773727
usemtl m_91fe65ba-4f97-40fd-8230-0084d13434eb
f 932/2788/697 935/2787/697 933/2786/697 930/2785/697
f 931/2792/698 932/2791/698 930/2790/698 929/2789/698
f 936/2796/699 931/2795/699 929/2794/699 934/2793/699
f 935/2800/700 936/2799/700 934/2798/700 933/2797/700
f 934/2804/701 929/2803/701 930/2802/701 933/2801/701
f 935/2808/702 932/2807/702 931/2806/702 936/2805/702
o cube
v -0.14858475712183544 2.6493445305726326 -0.1512269130472077
v -0.1811578733069953 2.677642108275996 -0.10557990488281443
v -0.2058871763743958 2.0179504142094578 0.1992978278428186
v -0.23846029255955564 2.046247991912821 0.24494483600721195
v -0.13481172702575273 2.6881722081532287 -0.07903573174249673
v -0.10223861084059287 2.659874630449866 -0.12468273990689005
v -0.19211414627831308 2.056778091790054 0.27148900914752955
v -0.15954103009315324 2.0284805140866906 0.2258420009831362
vt 0.14453125 0.375
vt 0.1484375 0.375
vt 0.1484375 0.328125
vt 0.14453125 0.328125
vt 0.1484375 0.375
vt 0.15234375 0.375
vt 0.15234375 0.328125
vt 0.1484375 0.328125
vt 0.15234375 0.375
vt 0.15625 0.375
vt 0.15625 0.328125
vt 0.15234375 0.328125
vt 0.15625 0.375
vt 0.16015625 0.375
vt 0.16015625 0.328125
vt 0.15625 0.328125
vt 0.0703125 0.26953125
vt 0.06640625 0.26953125
vt 0.06640625 0.2734375
vt 0.0703125 0.2734375
vt 0.07421875 0.2734375
vt 0.0703125 0.2734375
vt 0.0703125 0.26953125
vt 0.07421875 0.26953125
vn -0.5185769740920975 0.4505086997550365 0.7267185379405912
vn -0.8513643404131818 -0.19343467053470703 -0.4876082321987164
vn 0.5185769740920975 -0.4505086997550365 -0.7267185379405912
vn 0.8513643404131818 0.19343467053470703 0.4876082321987164
vn 0.07909918971969349 0.8715646503158304 -0.48385780814773727
vn -0.07909918971969349 -0.8715646503158304 0.48385780814773727
usemtl m_91fe65ba-4f97-40fd-8230-0084d13434eb
f 940/2812/703 943/2811/703 941/2810/703 938/2809/703
f 939/2816/704 940/2815/704 938/2814/704 937/2813/704
f 944/2820/705 939/2819/705 937/2818/705 942/2817/705
f 943/2824/706 944/2823/706 942/2822/706 941/2821/706
f 942/2828/707 937/2827/707 938/2826/707 941/2825/707
f 943/2832/708 940/2831/708 939/2830/708 944/2829/708
o cube
v 0.09170119841724655 2.4884123989792784 -0.08808398955394581
v 0.14308301546170882 2.517683393785061 -0.06690551235327691
v 0.2910467818895577 1.8858173956459874 0.261129829923584
v 0.34242859893401995 1.91508839045177 0.2823083071242529
v 0.17057933231993794 2.5012680590429834 -0.1109274472356443
v 0.11919751527547567 2.4719970642372004 -0.1321059244363132
v 0.369924915792249 1.898673055709692 0.23828637224188542
v 0.31854309874778675 1.8694020609039095 0.21710789504121653
vt 0.16015625 0.375
vt 0.1640625 0.375
vt 0.1640625 0.328125
vt 0.16015625 0.328125
vt 0.625 0.765625
vt 0.62890625 0.765625
vt 0.62890625 0.71875
vt 0.625 0.71875
vt 0.625 0.71875
vt 0.62890625 0.71875
vt 0.62890625 0.671875
vt 0.625 0.671875
vt 0.625 0.671875
vt 0.62890625 0.671875
vt 0.62890625 0.625
vt 0.625 0.625
vt 0.078125 0.26953125
vt 0.07421875 0.26953125
vt 0.07421875 0.2734375
vt 0.078125 0.2734375
vt 0.08203125 0.2734375
vt 0.078125 0.2734375
vt 0.078125 0.26953125
vt 0.08203125 0.26953125
vn 0.8180189778222858 0.46600588745524407 0.3371697862793065
vn -0.5050988171431288 0.3015446106466636 0.8086692974946954
vn -0.8180189778222858 -0.46600588745524407 -0.3371697862793065
vn 0.5050988171431288 -0.3015446106466636 -0.8086692974946954
vn -0.275172921711412 0.8318108923589558 -0.48204823670438085
vn 0.275172921711412 -0.8318108923589558 0.48204823670438085
usemtl m_91fe65ba-4f97-40fd-8230-0084d13434eb
f 948/2836/709 951/2835/709 949/2834/709 946/2833/709
f 947/2840/710 948/2839/710 946/2838/710 945/2837/710
f 952/2844/711 947/2843/711 945/2842/711 950/2841/711
f 951/2848/712 952/2847/712 950/2846/712 949/2845/712
f 950/2852/713 945/2851/713 946/2850/713 949/2849/713
f 951/2856/714 948/2855/714 947/2854/714 952/2853/714
o cube
v 0.08464541182620211 2.6759347342440276 -0.25562493547071763
v 0.11547450205287951 2.6934973311274972 -0.24291784915031633
v 0.27362041581151436 2.104688603916515 0.07542169108601582
v 0.30444950603819176 2.1222512007999845 0.08812877740641711
v 0.14297081891110858 2.6770819963854198 -0.2869397840326837
v 0.11214172868443117 2.65951939950195 -0.299646870353085
v 0.33194582289642083 2.1058358660579066 0.044106842524049616
v 0.3011167326697434 2.0882732691744375 0.03139975620364832
vt 0.64453125 0.48046875
vt 0.6484375 0.48046875
vt 0.6484375 0.4375
vt 0.64453125 0.4375
vt 0.55859375 0.35546875
vt 0.5625 0.35546875
vt 0.5625 0.3125
vt 0.55859375 0.3125
vt 0.64453125 0.4375
vt 0.6484375 0.4375
vt 0.6484375 0.39453125
vt 0.64453125 0.39453125
vt 0.64453125 0.39453125
vt 0.6484375 0.39453125
vt 0.6484375 0.3515625
vt 0.64453125 0.3515625
vt 0.0859375 0.26953125
vt 0.08203125 0.26953125
vt 0.08203125 0.2734375
vt 0.0859375 0.2734375
vt 0.08984375 0.2734375
vt 0.0859375 0.2734375
vt 0.0859375 0.26953125
vt 0.08984375 0.26953125
vn 0.8180189778222858 0.46600588745524407 0.3371697862793065
vn -0.5050988171431288 0.3015446106466636 0.8086692974946954
vn -0.8180189778222858 -0.46600588745524407 -0.3371697862793065
vn 0.5050988171431288 -0.3015446106466636 -0.8086692974946954
vn -0.275172921711412 0.8318108923589558 -0.48204823670438085
vn 0.275172921711412 -0.8318108923589558 0.48204823670438085
usemtl m_91fe65ba-4f97-40fd-8230-0084d13434eb
f 956/2860/715 959/2859/715 957/2858/715 954/2857/715
f 955/2864/716 956/2863/716 954/2862/716 953/2861/716
f 960/2868/717 955/2867/717 953/2866/717 958/2865/717
f 959/2872/718 960/2871/718 958/2870/718 957/2869/718
f 958/2876/719 953/2875/719 954/2874/719 957/2873/719
f 959/2880/720 956/2879/720 955/2878/720 960/2877/720
o cube
v 0.08414134175422489 2.6630672407702356 -0.19935902027719743
v 0.13552315879868715 2.692338235576018 -0.17818054307652853
v 0.28348692522653607 2.0604722374369446 0.1498547992003325
v 0.3348687422709983 2.0897432322427267 0.1710332764010014
v 0.1630194756569162 2.6759229008339407 -0.22220247795889592
v 0.11163765861245395 2.6466519060281577 -0.24338095515956482
v 0.36236505912922734 2.073327897500649 0.1270113415186339
v 0.31098324208476513 2.0440569026948667 0.10583286431796501
vt 0.3359375 0.375
vt 0.33984375 0.375
vt 0.33984375 0.328125
vt 0.3359375 0.328125
vt 0.33984375 0.375
vt 0.34375 0.375
vt 0.34375 0.328125
vt 0.33984375 0.328125
vt 0.34375 0.375
vt 0.34765625 0.375
vt 0.34765625 0.328125
vt 0.34375 0.328125
vt 0.34765625 0.375
vt 0.3515625 0.375
vt 0.3515625 0.328125
vt 0.34765625 0.328125
vt 0.09375 0.26953125
vt 0.08984375 0.26953125
vt 0.08984375 0.2734375
vt 0.09375 0.2734375
vt 0.09765625 0.2734375
vt 0.09375 0.2734375
vt 0.09375 0.26953125
vt 0.09765625 0.26953125
vn 0.8180189778222858 0.46600588745524407 0.3371697862793065
vn -0.5050988171431288 0.3015446106466636 0.8086692974946954
vn -0.8180189778222858 -0.46600588745524407 -0.3371697862793065
vn 0.5050988171431288 -0.3015446106466636 -0.8086692974946954
vn -0.275172921711412 0.8318108923589558 -0.48204823670438085
vn 0.275172921711412 -0.8318108923589558 0.48204823670438085
usemtl m_91fe65ba-4f97-40fd-8230-0084d13434eb
f 964/2884/721 967/2883/721 965/2882/721 962/2881/721
f 963/2888/722 964/2887/722 962/2886/722 961/2885/722
f 968/2892/723 963/2891/723 961/2890/723 966/2889/723
f 967/2896/724 968/2895/724 966/2894/724 965/2893/724
f 966/2900/725 961/2899/725 962/2898/725 965/2897/725
f 967/2904/726 964/2903/726 963/2902/726 968/2901/726
o cube
v -0.20576810280773064 2.4040545481605773 -0.10905145608581224
v -0.2568288937041674 2.4312181339567696 -0.08454950930656113
v -0.35714486388934674 1.7942446227979292 0.25154058839089416
v -0.4082056547857835 1.8214082085941214 0.2760425351701452
v -0.22723586071278606 2.448807888333831 -0.042379681875379216
v -0.1761750698163493 2.4216443025376386 -0.06688162865463032
v -0.3786126217944022 1.8389979629711828 0.31821236260132724
v -0.32755183089796547 1.8118343771749905 0.29371041582207613
vt 0.3515625 0.375
vt 0.35546875 0.375
vt 0.35546875 0.328125
vt 0.3515625 0.328125
vt 0.35546875 0.375
vt 0.359375 0.375
vt 0.359375 0.328125
vt 0.35546875 0.328125
vt 0.359375 0.375
vt 0.36328125 0.375
vt 0.36328125 0.328125
vt 0.359375 0.328125
vt 0.36328125 0.375
vt 0.3671875 0.375
vt 0.3671875 0.328125
vt 0.36328125 0.328125
vt 0.1015625 0.26953125
vt 0.09765625 0.26953125
vt 0.09765625 0.2734375
vt 0.1015625 0.2734375
vt 0.10546875 0.2734375
vt 0.1015625 0.2734375
vt 0.1015625 0.26953125
vt 0.10546875 0.26953125
vn -0.8129081137741189 0.4324550972528123 0.3900807447442963
vn -0.5436148425512071 -0.32311833528470896 -0.7746466577484633
vn 0.8129081137741189 -0.4324550972528123 -0.3900807447442963
vn 0.5436148425512071 0.32311833528470896 0.7746466577484633
vn 0.2089576548447811 0.8417702360281568 -0.4977545260656806
vn -0.2089576548447811 -0.8417702360281568 0.4977545260656806
usemtl m_91fe65ba-4f97-40fd-8230-0084d13434eb
f 972/2908/727 975/2907/727 973/2906/727 970/2905/727
f 971/2912/728 972/2911/728 970/2910/728 969/2909/728
f 976/2916/729 971/2915/729 969/2914/729 974/2913/729
f 975/2920/730 976/2919/730 974/2918/730 973/2917/730
f 974/2924/731 969/2923/731 970/2922/731 973/2921/731
f 975/2928/732 972/2927/732 971/2926/732 976/2925/732
o cube
v -0.2172918076828389 2.5914849711689403 -0.2764474526422044
v -0.24792828222070096 2.6077831226466555 -0.26174628457465376
v -0.3607934771474923 2.013399261576603 0.06538546813340163
v -0.3914299516853544 2.029697413054319 0.08008663620095224
v -0.21833524922931963 2.625372877023717 -0.21957645714347185
v -0.18769877469145757 2.6090747255460016 -0.23427762521102247
v -0.36183691869397305 2.04728716743138 0.12225646363213416
v -0.331200444156111 2.0309890159536645 0.10755529556458354
vt 0.6484375 1
vt 0.65234375 1
vt 0.65234375 0.95703125
vt 0.6484375 0.95703125
vt 0.0390625 0.3515625
vt 0.04296875 0.3515625
vt 0.04296875 0.30859375
vt 0.0390625 0.30859375
vt 0.04296875 0.3515625
vt 0.046875 0.3515625
vt 0.046875 0.30859375
vt 0.04296875 0.30859375
vt 0.6484375 0.95703125
vt 0.65234375 0.95703125
vt 0.65234375 0.9140625
vt 0.6484375 0.9140625
vt 0.109375 0.26953125
vt 0.10546875 0.26953125
vt 0.10546875 0.2734375
vt 0.109375 0.2734375
vt 0.11328125 0.2734375
vt 0.109375 0.2734375
vt 0.109375 0.26953125
vt 0.11328125 0.26953125
vn -0.8129081137741189 0.4324550972528123 0.3900807447442963
vn -0.5436148425512071 -0.32311833528470896 -0.7746466577484633
vn 0.8129081137741189 -0.4324550972528123 -0.3900807447442963
vn 0.5436148425512071 0.32311833528470896 0.7746466577484633
vn 0.2089576548447811 0.8417702360281568 -0.4977545260656806
vn -0.2089576548447811 -0.8417702360281568 0.4977545260656806
usemtl m_91fe65ba-4f97-40fd-8230-0084d13434eb
f 980/2932/733 983/2931/733 981/2930/733 978/2929/733
f 979/2936/734 980/2935/734 978/2934/734 977/2933/734
f 984/2940/735 979/2939/735 977/2938/735 982/2937/735
f 983/2944/736 984/2943/736 982/2942/736 981/2941/736
f 982/2948/737 977/2947/737 978/2946/737 981/2945/737
f 983/2952/738 980/2951/738 979/2950/738 984/2949/738
o cube
v -0.21261518594725706 2.5787240528479147 -0.22034961079203697
v -0.2636759768436938 2.605887638644107 -0.19584766401278586
v -0.36399194702887316 1.9689141274852666 0.14024243368466954
v -0.41505273792530994 1.9960777132814589 0.1647443804639206
v -0.2340829438523125 2.6234773930211683 -0.15367783658160394
v -0.18302215295587573 2.596313807224976 -0.17817978336085505
v -0.38545970493392867 2.0136674676585202 0.2069142078951025
v -0.3343989140374919 1.986503881862328 0.18241226111585146
vt 0.3671875 0.375
vt 0.37109375 0.375
vt 0.37109375 0.328125
vt 0.3671875 0.328125
vt 0.37109375 0.375
vt 0.375 0.375
vt 0.375 0.328125
vt 0.37109375 0.328125
vt 0.375 0.375
vt 0.37890625 0.375
vt 0.37890625 0.328125
vt 0.375 0.328125
vt 0.625 0.625
vt 0.62890625 0.625
vt 0.62890625 0.578125
vt 0.625 0.578125
vt 0.1171875 0.26953125
vt 0.11328125 0.26953125
vt 0.11328125 0.2734375
vt 0.1171875 0.2734375
vt 0.12109375 0.2734375
vt 0.1171875 0.2734375
vt 0.1171875 0.26953125
vt 0.12109375 0.26953125
vn -0.8129081137741189 0.4324550972528123 0.3900807447442963
vn -0.5436148425512071 -0.32311833528470896 -0.7746466577484633
vn 0.8129081137741189 -0.4324550972528123 -0.3900807447442963
vn 0.5436148425512071 0.32311833528470896 0.7746466577484633
vn 0.2089576548447811 0.8417702360281568 -0.4977545260656806
vn -0.2089576548447811 -0.8417702360281568 0.4977545260656806
usemtl m_91fe65ba-4f97-40fd-8230-0084d13434eb
f 988/2956/739 991/2955/739 989/2954/739 986/2953/739
f 987/2960/740 988/2959/740 986/2958/740 985/2957/740
f 992/2964/741 987/2963/741 985/2962/741 990/2961/741
f 991/2968/742 992/2967/742 990/2966/742 989/2965/742
f 990/2972/743 985/2971/743 986/2970/743 989/2969/743
f 991/2976/744 988/2975/744 987/2974/744 992/2973/744
o cube
v 0.25908654846097773 1.937721221674646 0.04602314148383568
v 0.34389324421456624 1.9769366955708771 0.053706465143054105
v 0.6538890119138571 1.008229509633576 0.4323879103208741
v 0.7386957076674456 1.047444983529807 0.44007123398009257
v 0.36176205785285664 1.9531045250396994 -0.021886495157048658
v 0.27695536209926813 1.9138890511434683 -0.02956981881626708
v 0.7565645213057359 1.0236128129986293 0.3644782736799898
v 0.6717578255521475 0.9843973391023983 0.35679495002077133
vt 0.12890625 0.82421875
vt 0.1328125 0.82421875
vt 0.1328125 0.7578125
vt 0.12890625 0.7578125
vt 0.24609375 0.70703125
vt 0.25390625 0.70703125
vt 0.25390625 0.640625
vt 0.24609375 0.640625
vt 0.171875 0.53515625
vt 0.17578125 0.53515625
vt 0.17578125 0.46875
vt 0.171875 0.46875
vt 0.25390625 0.70703125
vt 0.26171875 0.70703125
vt 0.26171875 0.640625
vt 0.25390625 0.640625
vt 0.51953125 0.28125
vt 0.515625 0.28125
vt 0.515625 0.2890625
vt 0.51953125 0.2890625
vt 0.5234375 0.2890625
vt 0.51953125 0.2890625
vt 0.51953125 0.28125
vt 0.5234375 0.28125
vn 0.9046047547049436 0.41829838822646415 0.08195545236499688
vn -0.21992386016357468 0.2933190219221878 0.9303748960012646
vn -0.9046047547049436 -0.41829838822646415 -0.08195545236499688
vn 0.21992386016357468 -0.2933190219221878 -0.9303748960012646
vn -0.3651352263148019 0.8596455140264233 -0.35733157811518007
vn 0.3651352263148019 -0.8596455140264233 0.35733157811518007
usemtl m_91fe65ba-4f97-40fd-8230-0084d13434eb
f 996/2980/745 999/2979/745 997/2978/745 994/2977/745
f 995/2984/746 996/2983/746 994/2982/746 993/2981/746
f 1000/2988/747 995/2987/747 993/2986/747 998/2985/747
f 999/2992/748 1000/2991/748 998/2990/748 997/2989/748
f 998/2996/749 993/2995/749 994/2994/749 997/2993/749
f 999/3000/750 996/2999/750 995/2998/750 1000/2997/750
o cube
v 0.2629803770835949 2.0493558483708556 -0.10917044156989653
v 0.313864394535748 2.0728851327085946 -0.10456044737436543
v 0.5619348436288389 1.3455210837617217 0.18339478801190728
v 0.6128188610809919 1.3690503680994603 0.18800478220743838
v 0.3317332081740384 2.049052962177417 -0.18015340767446808
v 0.2808491907218853 2.0255236778396783 -0.18476340186999918
v 0.6306876747192824 1.3452181975682826 0.11241182190733567
v 0.5798036572671292 1.321688913230544 0.10780182771180458
vt 0.5703125 1
vt 0.57421875 1
vt 0.57421875 0.94921875
vt 0.5703125 0.94921875
vt 0.5703125 0.94921875
vt 0.57421875 0.94921875
vt 0.57421875 0.8984375
vt 0.5703125 0.8984375
vt 0.5703125 0.8984375
vt 0.57421875 0.8984375
vt 0.57421875 0.84765625
vt 0.5703125 0.84765625
vt 0.5703125 0.84765625
vt 0.57421875 0.84765625
vt 0.57421875 0.796875
vt 0.5703125 0.796875
vt 0.125 0.26953125
vt 0.12109375 0.26953125
vt 0.12109375 0.2734375
vt 0.125 0.2734375
vt 0.12890625 0.2734375
vt 0.125 0.2734375
vt 0.125 0.26953125
vt 0.12890625 0.26953125
vn 0.9046047547049436 0.41829838822646415 0.08195545236499688
vn -0.21992386016357468 0.2933190219221878 0.9303748960012646
vn -0.9046047547049436 -0.41829838822646415 -0.08195545236499688
vn 0.21992386016357468 -0.2933190219221878 -0.9303748960012646
vn -0.3651352263148019 0.8596455140264233 -0.35733157811518007
vn 0.3651352263148019 -0.8596455140264233 0.35733157811518007
usemtl m_91fe65ba-4f97-40fd-8230-0084d13434eb
f 1004/3004/751 1007/3003/751 1005/3002/751 1002/3001/751
f 1003/3008/752 1004/3007/752 1002/3006/752 1001/3005/752
f 1008/3012/753 1003/3011/753 1001/3010/753 1006/3009/753
f 1007/3016/754 1008/3015/754 1006/3014/754 1005/3013/754
f 1006/3020/755 1001/3019/755 1002/3018/755 1005/3017/755
f 1007/3024/756 1004/3023/756 1003/3022/756 1008/3021/756
o cube
v 0.29814580727663426 2.000312399542927 -0.018218832752895486
v 0.38295250303022277 2.039527873439158 -0.010535509093677065
v 0.6062286544797483 1.2749864970831324 0.2832796862817878
v 0.6910353502333368 1.3142019709793633 0.29096300994100627
v 0.4008213166685132 2.0156957029079803 -0.08612846939377983
v 0.31601462091492466 1.9764802290117491 -0.09381179305299825
v 0.7089041638716271 1.2903698004481856 0.2153700496409035
v 0.6240974681180387 1.2511543265519547 0.20768672598168503
vt 0.09765625 0.87890625
vt 0.1015625 0.87890625
vt 0.1015625 0.82421875
vt 0.09765625 0.82421875
vt 0.12109375 0.82421875
vt 0.12890625 0.82421875
vt 0.12890625 0.76953125
vt 0.12109375 0.76953125
vt 0.0859375 0.81640625
vt 0.08984375 0.81640625
vt 0.08984375 0.76171875
vt 0.0859375 0.76171875
vt 0.328125 1
vt 0.3359375 1
vt 0.3359375 0.9453125
vt 0.328125 0.9453125
vt 0.52734375 0.28125
vt 0.5234375 0.28125
vt 0.5234375 0.2890625
vt 0.52734375 0.2890625
vt 0.53515625 0.2890625
vt 0.53125 0.2890625
vt 0.53125 0.28125
vt 0.53515625 0.28125
vn 0.9046047547049436 0.41829838822646415 0.08195545236499688
vn -0.21992386016357468 0.2933190219221878 0.9303748960012646
vn -0.9046047547049436 -0.41829838822646415 -0.08195545236499688
vn 0.21992386016357468 -0.2933190219221878 -0.9303748960012646
vn -0.3651352263148019 0.8596455140264233 -0.35733157811518007
vn 0.3651352263148019 -0.8596455140264233 0.35733157811518007
usemtl m_91fe65ba-4f97-40fd-8230-0084d13434eb
f 1012/3028/757 1015/3027/757 1013/3026/757 1010/3025/757
f 1011/3032/758 1012/3031/758 1010/3030/758 1009/3029/758
f 1016/3036/759 1011/3035/759 1009/3034/759 1014/3033/759
f 1015/3040/760 1016/3039/760 1014/3038/760 1013/3037/760
f 1014/3044/761 1009/3043/761 1010/3042/761 1013/3041/761
f 1015/3048/762 1012/3047/762 1011/3046/762 1016/3045/762
o cube
v -0.33945536209926813 1.9138890511434683 -0.02956981881626697
v -0.42426205785285664 1.9531045250396994 -0.021886495157048547
v -0.7342578255521475 0.9843973391023983 0.35679495002077144
v -0.8190645213057359 1.0236128129986293 0.3644782736799899
v -0.40639324421456624 1.9769366955708771 0.053706465143054105
v -0.32158654846097773 1.937721221674646 0.04602314148383568
v -0.8011957076674456 1.047444983529807 0.44007123398009257
v -0.7163890119138571 1.008229509633576 0.4323879103208741
vt 0.25390625 0.51953125
vt 0.2578125 0.51953125
vt 0.2578125 0.453125
vt 0.25390625 0.453125
vt 0.30078125 0.80859375
vt 0.30859375 0.80859375
vt 0.30859375 0.7421875
vt 0.30078125 0.7421875
vt 0.45703125 0.5
vt 0.4609375 0.5
vt 0.4609375 0.43359375
vt 0.45703125 0.43359375
vt 0.1953125 0.69921875
vt 0.203125 0.69921875
vt 0.203125 0.6328125
vt 0.1953125 0.6328125
vt 0.5390625 0.28125
vt 0.53515625 0.28125
vt 0.53515625 0.2890625
vt 0.5390625 0.2890625
vt 0.54296875 0.2890625
vt 0.5390625 0.2890625
vt 0.5390625 0.28125
vt 0.54296875 0.28125
vn -0.9046047547049436 0.41829838822646415 0.08195545236499688
vn -0.21992386016357468 -0.2933190219221878 -0.9303748960012646
vn 0.9046047547049436 -0.41829838822646415 -0.08195545236499688
vn 0.21992386016357468 0.2933190219221878 0.9303748960012646
vn 0.3651352263148019 0.8596455140264233 -0.35733157811518007
vn -0.3651352263148019 -0.8596455140264233 0.35733157811518007
usemtl m_91fe65ba-4f97-40fd-8230-0084d13434eb
f 1020/3052/763 1023/3051/763 1021/3050/763 1018/3049/763
f 1019/3056/764 1020/3055/764 1018/3054/764 1017/3053/764
f 1024/3060/765 1019/3059/765 1017/3058/765 1022/3057/765
f 1023/3064/766 1024/3063/766 1022/3062/766 1021/3061/766
f 1022/3068/767 1017/3067/767 1018/3066/767 1021/3065/767
f 1023/3072/768 1020/3071/768 1019/3070/768 1024/3069/768
o cube
v -0.3433491907218853 2.0255236778396783 -0.1847634018699993
v -0.3942332081740384 2.049052962177417 -0.1801534076744682
v -0.6423036572671292 1.321688913230544 0.10780182771180447
v -0.6931876747192824 1.3452181975682826 0.11241182190733556
v -0.376364394535748 2.0728851327085946 -0.10456044737436543
v -0.3254803770835949 2.0493558483708556 -0.10917044156989653
v -0.6753188610809919 1.3690503680994603 0.18800478220743838
v -0.6244348436288389 1.3455210837617217 0.18339478801190728
vt 0.5703125 0.796875
vt 0.57421875 0.796875
vt 0.57421875 0.74609375
vt 0.5703125 0.74609375
vt 0.5703125 0.74609375
vt 0.57421875 0.74609375
vt 0.57421875 0.6953125
vt 0.5703125 0.6953125
vt 0.5703125 0.6953125
vt 0.57421875 0.6953125
vt 0.57421875 0.64453125
vt 0.5703125 0.64453125
vt 0.5703125 0.64453125
vt 0.57421875 0.64453125
vt 0.57421875 0.59375
vt 0.5703125 0.59375
vt 0.1328125 0.26953125
vt 0.12890625 0.26953125
vt 0.12890625 0.2734375
vt 0.1328125 0.2734375
vt 0.13671875 0.2734375
vt 0.1328125 0.2734375
vt 0.1328125 0.26953125
vt 0.13671875 0.26953125
vn -0.9046047547049436 0.41829838822646415 0.08195545236499688
vn -0.21992386016357468 -0.2933190219221878 -0.9303748960012646
vn 0.9046047547049436 -0.41829838822646415 -0.08195545236499688
vn 0.21992386016357468 0.2933190219221878 0.9303748960012646
vn 0.3651352263148019 0.8596455140264233 -0.35733157811518007
vn -0.3651352263148019 -0.8596455140264233 0.35733157811518007
usemtl m_91fe65ba-4f97-40fd-8230-0084d13434eb
f 1028/3076/769 1031/3075/769 1029/3074/769 1026/3073/769
f 1027/3080/770 1028/3079/770 1026/3078/770 1025/3077/770
f 1032/3084/771 1027/3083/771 1025/3082/771 1030/3081/771
f 1031/3088/772 1032/3087/772 1030/3086/772 1029/3085/772
f 1030/3092/773 1025/3091/773 1026/3090/773 1029/3089/773
f 1031/3096/774 1028/3095/774 1027/3094/774 1032/3093/774
o cube
v -0.37851462091492466 1.9764802290117491 -0.09381179305299814
v -0.4633213166685132 2.0156957029079803 -0.08612846939377972
v -0.6865974681180387 1.2511543265519547 0.20768672598168514
v -0.7714041638716271 1.2903698004481856 0.21537004964090362
v -0.44545250303022277 2.039527873439158 -0.010535509093677065
v -0.36064580727663426 2.000312399542927 -0.018218832752895486
v -0.7535353502333368 1.3142019709793633 0.29096300994100627
v -0.6687286544797483 1.2749864970831324 0.2832796862817878
vt 0.33203125 0.7578125
vt 0.3359375 0.7578125
vt 0.3359375 0.703125
vt 0.33203125 0.703125
vt 0.3984375 0.7265625
vt 0.40625 0.7265625
vt 0.40625 0.671875
vt 0.3984375 0.671875
vt 0.09375 0.6640625
vt 0.09765625 0.6640625
vt 0.09765625 0.609375
vt 0.09375 0.609375
vt 0.3984375 0.671875
vt 0.40625 0.671875
vt 0.40625 0.6171875
vt 0.3984375 0.6171875
vt 0.546875 0.28125
vt 0.54296875 0.28125
vt 0.54296875 0.2890625
vt 0.546875 0.2890625
vt 0.55078125 0.2890625
vt 0.546875 0.2890625
vt 0.546875 0.28125
vt 0.55078125 0.28125
vn -0.9046047547049436 0.41829838822646415 0.08195545236499688
vn -0.21992386016357468 -0.2933190219221878 -0.9303748960012646
vn 0.9046047547049436 -0.41829838822646415 -0.08195545236499688
vn 0.21992386016357468 0.2933190219221878 0.9303748960012646
vn 0.3651352263148019 0.8596455140264233 -0.35733157811518007
vn -0.3651352263148019 -0.8596455140264233 0.35733157811518007
usemtl m_91fe65ba-4f97-40fd-8230-0084d13434eb
f 1036/3100/775 1039/3099/775 1037/3098/775 1034/3097/775
f 1035/3104/776 1036/3103/776 1034/3102/776 1033/3101/776
f 1040/3108/777 1035/3107/777 1033/3106/777 1038/3105/777
f 1039/3112/778 1040/3111/778 1038/3110/778 1037/3109/778
f 1038/3116/779 1033/3115/779 1034/3114/779 1037/3113/779
f 1039/3120/780 1036/3119/780 1035/3118/780 1040/3117/780
o cube
v -0.28504503335801123 1.958797269727862 0.08773925236805447
v -0.32023127200773044 2.013906518229615 0.15492527650445553
v -0.4994053666054755 1.0871024118085866 0.6904823856405369
v -0.5345916052551948 1.1422116603103394 0.757668409776938
v -0.24666384989358892 2.019362005718392 0.18897868396596373
v -0.21147761124386966 1.9642527572166393 0.12179265982956267
v -0.4610241831410532 1.1476671477991165 0.7917218172384464
v -0.42583794449133394 1.0925578992973635 0.7245357931020453
vt 0.5 0.52734375
vt 0.50390625 0.52734375
vt 0.50390625 0.4609375
vt 0.5 0.4609375
vt 0.203125 0.69921875
vt 0.2109375 0.69921875
vt 0.2109375 0.6328125
vt 0.203125 0.6328125
vt 0.50390625 0.52734375
vt 0.5078125 0.52734375
vt 0.5078125 0.4609375
vt 0.50390625 0.4609375
vt 0.2109375 0.69921875
vt 0.21875 0.69921875
vt 0.21875 0.6328125
vt 0.2109375 0.6328125
vt 0.5546875 0.28125
vt 0.55078125 0.28125
vt 0.55078125 0.2890625
vt 0.5546875 0.2890625
vt 0.71484375 0.4296875
vt 0.7109375 0.4296875
vt 0.7109375 0.421875
vt 0.71484375 0.421875
vn -0.37531987893033825 0.5878319840186979 0.7166509241216099
vn -0.9054451952509729 -0.06714446140033231 -0.4191188610647189
vn 0.37531987893033825 -0.5878319840186979 -0.7166509241216099
vn 0.9054451952509729 0.06714446140033231 0.4191188610647189
vn 0.19825233132713468 0.8061917761103129 -0.5574502966681921
vn -0.19825233132713468 -0.8061917761103129 0.5574502966681921
usemtl m_91fe65ba-4f97-40fd-8230-0084d13434eb
f 1044/3124/781 1047/3123/781 1045/3122/781 1042/3121/781
f 1043/3128/782 1044/3127/782 1042/3126/782 1041/3125/782
f 1048/3132/783 1043/3131/783 1041/3130/783 1046/3129/783
f 1047/3136/784 1048/3135/784 1046/3134/784 1045/3133/784
f 1046/3140/785 1041/3139/785 1042/3138/785 1045/3137/785
f 1047/3144/786 1044/3143/786 1043/3142/786 1048/3141/786
o cube
v -0.3712442635845631 2.094215983637573 -0.016154754347394662
v -0.39235600677439464 2.1272815327386247 0.024156860134445957
v -0.5335633598586547 1.4341464669472543 0.44025767604968735
v -0.5546751030484862 1.4672120160483062 0.4805692905315279
v -0.3187885846602531 2.1327370202274016 0.05821026759595416
v -0.2976768414704216 2.09967147112635 0.01789865311411354
v -0.48110768093434464 1.4726675035370833 0.5146226979930364
v -0.4599959377445131 1.4396019544360317 0.4743110835111958
vt 0.5703125 0.59375
vt 0.57421875 0.59375
vt 0.57421875 0.54296875
vt 0.5703125 0.54296875
vt 0.5703125 0.54296875
vt 0.57421875 0.54296875
vt 0.57421875 0.4921875
vt 0.5703125 0.4921875
vt 0.484375 0.4296875
vt 0.48828125 0.4296875
vt 0.48828125 0.37890625
vt 0.484375 0.37890625
vt 0.48828125 0.4296875
vt 0.4921875 0.4296875
vt 0.4921875 0.37890625
vt 0.48828125 0.37890625
vt 0.140625 0.26953125
vt 0.13671875 0.26953125
vt 0.13671875 0.2734375
vt 0.140625 0.2734375
vt 0.14453125 0.2734375
vt 0.140625 0.2734375
vt 0.140625 0.26953125
vt 0.14453125 0.26953125
vn -0.37531987893033825 0.5878319840186979 0.7166509241216099
vn -0.9054451952509729 -0.06714446140033231 -0.4191188610647189
vn 0.37531987893033825 -0.5878319840186979 -0.7166509241216099
vn 0.9054451952509729 0.06714446140033231 0.4191188610647189
vn 0.19825233132713468 0.8061917761103129 -0.5574502966681921
vn -0.19825233132713468 -0.8061917761103129 0.5574502966681921
usemtl m_91fe65ba-4f97-40fd-8230-0084d13434eb
f 1052/3148/787 1055/3147/787 1053/3146/787 1050/3145/787
f 1051/3152/788 1052/3151/788 1050/3150/788 1049/3149/788
f 1056/3156/789 1051/3155/789 1049/3154/789 1054/3153/789
f 1055/3160/790 1056/3159/790 1054/3158/790 1053/3157/790
f 1054/3164/791 1049/3163/791 1050/3162/791 1053/3161/791
f 1055/3168/792 1052/3167/792 1051/3166/792 1056/3165/792
o cube
v -0.3390382656024453 2.038892581765792 0.07225428025489666
v -0.3742245042521645 2.094001830267545 0.13944030439129773
v -0.5063136701597152 1.3586682706727156 0.5426029680686837
v -0.5414999088094343 1.4137775191744684 0.6097889922050848
v -0.300657082138023 2.099457317756322 0.17349371185280593
v -0.26547084348830374 2.044348069254569 0.10630768771640486
v -0.46793248669529286 1.4192330066632455 0.6438423996665932
v -0.4327462480455736 1.3641237581614925 0.5766563755301921
vt 0.53125 0.4921875
vt 0.53515625 0.4921875
vt 0.53515625 0.4375
vt 0.53125 0.4375
vt 0.33984375 0.6015625
vt 0.34765625 0.6015625
vt 0.34765625 0.546875
vt 0.33984375 0.546875
vt 0.52734375 0.46875
vt 0.53125 0.46875
vt 0.53125 0.4140625
vt 0.52734375 0.4140625
vt 0.34765625 0.6015625
vt 0.35546875 0.6015625
vt 0.35546875 0.546875
vt 0.34765625 0.546875
vt 0.71484375 0.4140625
vt 0.7109375 0.4140625
vt 0.7109375 0.421875
vt 0.71484375 0.421875
vt 0.71484375 0.4140625
vt 0.7109375 0.4140625
vt 0.7109375 0.40625
vt 0.71484375 0.40625
vn -0.37531987893033825 0.5878319840186979 0.7166509241216099
vn -0.9054451952509729 -0.06714446140033231 -0.4191188610647189
vn 0.37531987893033825 -0.5878319840186979 -0.7166509241216099
vn 0.9054451952509729 0.06714446140033231 0.4191188610647189
vn 0.19825233132713468 0.8061917761103129 -0.5574502966681921
vn -0.19825233132713468 -0.8061917761103129 0.5574502966681921
usemtl m_91fe65ba-4f97-40fd-8230-0084d13434eb
f 1060/3172/793 1063/3171/793 1061/3170/793 1058/3169/793
f 1059/3176/794 1060/3175/794 1058/3174/794 1057/3173/794
f 1064/3180/795 1059/3179/795 1057/3178/795 1062/3177/795
f 1063/3184/796 1064/3183/796 1062/3182/796 1061/3181/796
f 1062/3188/797 1057/3187/797 1058/3186/797 1061/3185/797
f 1063/3192/798 1060/3191/798 1059/3190/798 1064/3189/798
o cube
v 0.17509654205395364 1.9951513208025542 0.030289193422061267
v 0.20057877574217792 2.0479294552727403 0.10346150231077744
v 0.3297221305069401 1.1024027634483404 0.6203675807889755
v 0.3552043641951644 1.1551808979185267 0.6935398896776914
v 0.2779016413006234 2.04494595453863 0.07868579474872894
v 0.2524194076123991 1.992167820068444 0.005513485860012768
v 0.4325272297536099 1.1521973971844166 0.6687641821156431
v 0.40704499606538563 1.0994192627142303 0.595591873226927
vt 0.484375 0.49609375
vt 0.48828125 0.49609375
vt 0.48828125 0.4296875
vt 0.484375 0.4296875
vt 0.21875 0.69921875
vt 0.2265625 0.69921875
vt 0.2265625 0.6328125
vt 0.21875 0.6328125
vt 0.48828125 0.49609375
vt 0.4921875 0.49609375
vt 0.4921875 0.4296875
vt 0.48828125 0.4296875
vt 0.28125 0.69921875
vt 0.2890625 0.69921875
vt 0.2890625 0.6328125
vt 0.28125 0.6328125
vt 0.6171875 0.28125
vt 0.61328125 0.28125
vt 0.61328125 0.2890625
vt 0.6171875 0.2890625
vt 0.65625 0.2890625
vt 0.65234375 0.2890625
vt 0.65234375 0.28125
vt 0.65625 0.28125
vn 0.2718104926743921 0.5629667676819865 0.7805046281463041
vn -0.9516660376424055 0.03672000903519999 0.30493178537905624
vn -0.2718104926743921 -0.5629667676819865 -0.7805046281463041
vn 0.9516660376424055 -0.03672000903519999 -0.30493178537905624
vn -0.1430063245807967 0.8256634056455155 -0.5457372368711344
vn 0.1430063245807967 -0.8256634056455155 0.5457372368711344
usemtl m_91fe65ba-4f97-40fd-8230-0084d13434eb
f 1068/3196/799 1071/3195/799 1069/3194/799 1066/3193/799
f 1067/3200/800 1068/3199/800 1066/3198/800 1065/3197/800
f 1072/3204/801 1067/3203/801 1065/3202/801 1070/3201/801
f 1071/3208/802 1072/3207/802 1070/3206/802 1069/3205/802
f 1070/3212/803 1065/3211/803 1066/3210/803 1069/3209/803
f 1071/3216/804 1068/3215/804 1067/3214/804 1072/3213/804
o cube
v 0.05677605760735305 2.144243086453917 0.012002357302021038
v 0.07206539782028759 2.1759099671360285 0.05590574263525072
v 0.17386248585788042 1.4682311730816506 0.45882471999026253
v 0.189151826070815 1.4998980537637625 0.5027281053234922
v 0.14938826337873312 2.1729264664019183 0.031130035073202444
v 0.13409892316579855 2.1412595857198067 -0.012773350260027239
v 0.2664746916292605 1.4969145530296524 0.47795239776144377
v 0.2511853514163259 1.4652476723475405 0.43404901242821414
vt 0.5078125 0.4296875
vt 0.51171875 0.4296875
vt 0.51171875 0.37890625
vt 0.5078125 0.37890625
vt 0.5703125 0.4921875
vt 0.57421875 0.4921875
vt 0.57421875 0.44140625
vt 0.5703125 0.44140625
vt 0.51171875 0.4296875
vt 0.515625 0.4296875
vt 0.515625 0.37890625
vt 0.51171875 0.37890625
vt 0.515625 0.4296875
vt 0.51953125 0.4296875
vt 0.51953125 0.37890625
vt 0.515625 0.37890625
vt 0.1484375 0.26953125
vt 0.14453125 0.26953125
vt 0.14453125 0.2734375
vt 0.1484375 0.2734375
vt 0.15234375 0.2734375
vt 0.1484375 0.2734375
vt 0.1484375 0.26953125
vt 0.15234375 0.26953125
vn 0.2718104926743921 0.5629667676819865 0.7805046281463041
vn -0.9516660376424055 0.03672000903519999 0.30493178537905624
vn -0.2718104926743921 -0.5629667676819865 -0.7805046281463041
vn 0.9516660376424055 -0.03672000903519999 -0.30493178537905624
vn -0.1430063245807967 0.8256634056455155 -0.5457372368711344
vn 0.1430063245807967 -0.8256634056455155 0.5457372368711344
usemtl m_91fe65ba-4f97-40fd-8230-0084d13434eb
f 1076/3220/805 1079/3219/805 1077/3218/805 1074/3217/805
f 1075/3224/806 1076/3223/806 1074/3222/806 1073/3221/806
f 1080/3228/807 1075/3227/807 1073/3226/807 1078/3225/807
f 1079/3232/808 1080/3231/808 1078/3230/808 1077/3229/808
f 1078/3236/809 1073/3235/809 1074/3234/809 1077/3233/809
f 1079/3240/810 1076/3239/810 1075/3238/810 1080/3237/810
o cube
v 0.13386468509846805 2.080258164789271 0.05533059071979751
v 0.1593469187866923 2.1330362992594574 0.12850289960851347
v 0.2545262714635153 1.3836046662758674 0.5157963843298172
v 0.2800085051517396 1.4363828007460537 0.5889686932185332
v 0.23666978434513777 2.1300527985253472 0.10372719204646519
v 0.21118755065691353 2.077274664055161 0.030554883157749235
v 0.35733137071018506 1.4333993000119436 0.5641929856564849
v 0.33184913702196084 1.3806211655417573 0.49102067676776884
vt 0.53515625 1
vt 0.5390625 1
vt 0.5390625 0.9453125
vt 0.53515625 0.9453125
vt 0.35546875 0.6015625
vt 0.36328125 0.6015625
vt 0.36328125 0.546875
vt 0.35546875 0.546875
vt 0.53515625 0.9453125
vt 0.5390625 0.9453125
vt 0.5390625 0.890625
vt 0.53515625 0.890625
vt 0.36328125 0.6015625
vt 0.37109375 0.6015625
vt 0.37109375 0.546875
vt 0.36328125 0.546875
vt 0.71484375 0.33984375
vt 0.7109375 0.33984375
vt 0.7109375 0.34765625
vt 0.71484375 0.34765625
vt 0.66015625 0.2890625
vt 0.65625 0.2890625
vt 0.65625 0.28125
vt 0.66015625 0.28125
vn 0.2718104926743921 0.5629667676819865 0.7805046281463041
vn -0.9516660376424055 0.03672000903519999 0.30493178537905624
vn -0.2718104926743921 -0.5629667676819865 -0.7805046281463041
vn 0.9516660376424055 -0.03672000903519999 -0.30493178537905624
vn -0.1430063245807967 0.8256634056455155 -0.5457372368711344
vn 0.1430063245807967 -0.8256634056455155 0.5457372368711344
usemtl m_91fe65ba-4f97-40fd-8230-0084d13434eb
f 1084/3244/811 1087/3243/811 1085/3242/811 1082/3241/811
f 1083/3248/812 1084/3247/812 1082/3246/812 1081/3245/812
f 1088/3252/813 1083/3251/813 1081/3250/813 1086/3249/813
f 1087/3256/814 1088/3255/814 1086/3254/814 1085/3253/814
f 1086/3260/815 1081/3259/815 1082/3258/815 1085/3257/815
f 1087/3264/816 1084/3263/816 1083/3262/816 1088/3261/816
o cube
v -0.05869961705209425 2.0349481247245844 0.16589511343130114
v -0.05908238155639408 2.0951773598574808 0.23773768595373035
v -0.0859415392695085 1.2065484584683712 0.8602390002197532
v -0.08632430377380833 1.2667776936012678 0.9320815727421825
v 0.02214114899765663 2.0938216650890253 0.2393069775231904
v 0.022523913501956462 2.0335924299561285 0.1674644050007612
v -0.0051007732197576195 1.265421998832812 0.9336508643116423
v -0.0047180087154577895 1.2051927636999153 0.8618082917892131
vt 0.5078125 1
vt 0.51171875 1
vt 0.51171875 0.93359375
vt 0.5078125 0.93359375
vt 0.2890625 0.69921875
vt 0.296875 0.69921875
vt 0.296875 0.6328125
vt 0.2890625 0.6328125
vt 0.1328125 0.4921875
vt 0.13671875 0.4921875
vt 0.13671875 0.42578125
vt 0.1328125 0.42578125
vt 0.296875 0.69921875
vt 0.3046875 0.69921875
vt 0.3046875 0.6328125
vt 0.296875 0.6328125
vt 0.6640625 0.28125
vt 0.66015625 0.28125
vt 0.66015625 0.2890625
vt 0.6640625 0.2890625
vt 0.71484375 0.33984375
vt 0.7109375 0.33984375
vt 0.7109375 0.33203125
vt 0.71484375 0.33203125
vn -0.004082821379198183 0.6424451747508968 0.7663207735725787
vn -0.9996742222037007 0.016685474073301697 -0.0193143577779686
vn 0.004082821379198183 -0.6424451747508968 -0.7663207735725787
vn 0.9996742222037007 -0.016685474073301697 0.0193143577779686
vn 0.02519484135714614 0.766149980352567 -0.6421677565673549
vn -0.02519484135714614 -0.766149980352567 0.6421677565673549
usemtl m_91fe65ba-4f97-40fd-8230-0084d13434eb
f 1092/3268/817 1095/3267/817 1093/3266/817 1090/3265/817
f 1091/3272/818 1092/3271/818 1090/3270/818 1089/3269/818
f 1096/3276/819 1091/3275/819 1089/3274/819 1094/3273/819
f 1095/3280/820 1096/3279/820 1094/3278/820 1093/3277/820
f 1094/3284/821 1089/3283/821 1090/3282/821 1093/3281/821
f 1095/3288/822 1092/3287/822 1091/3286/822 1096/3285/822
o cube
v -0.16753684664815857 2.1758394316638747 0.09613411370514813
v -0.16776650535073845 2.2119769727436127 0.13923965721860565
v -0.18816512300932195 1.5485541352502104 0.6219089643946696
v -0.18839478171190185 1.5846916763299483 0.6650145079081273
v -0.08654297479668781 2.210621277975157 0.1408089487880657
v -0.08631331609410792 2.174483736895419 0.09770340527460819
v -0.1071712511578512 1.5833359815614925 0.6665837994775872
v -0.1069415924552713 1.5471984404817545 0.6234782559641296
vt 0.51953125 0.4296875
vt 0.5234375 0.4296875
vt 0.5234375 0.37890625
vt 0.51953125 0.37890625
vt 0.5234375 0.4296875
vt 0.52734375 0.4296875
vt 0.52734375 0.37890625
vt 0.5234375 0.37890625
vt 0.5703125 0.44140625
vt 0.57421875 0.44140625
vt 0.57421875 0.390625
vt 0.5703125 0.390625
vt 0.57421875 1
vt 0.578125 1
vt 0.578125 0.94921875
vt 0.57421875 0.94921875
vt 0.15625 0.26953125
vt 0.15234375 0.26953125
vt 0.15234375 0.2734375
vt 0.15625 0.2734375
vt 0.16015625 0.2734375
vt 0.15625 0.2734375
vt 0.15625 0.26953125
vt 0.16015625 0.26953125
vn -0.004082821379198183 0.6424451747508968 0.7663207735725787
vn -0.9996742222037007 0.016685474073301697 -0.0193143577779686
vn 0.004082821379198183 -0.6424451747508968 -0.7663207735725787
vn 0.9996742222037007 -0.016685474073301697 0.0193143577779686
vn 0.02519484135714614 0.766149980352567 -0.6421677565673549
vn -0.02519484135714614 -0.766149980352567 0.6421677565673549
usemtl m_91fe65ba-4f97-40fd-8230-0084d13434eb
f 1100/3292/823 1103/3291/823 1101/3290/823 1098/3289/823
f 1099/3296/824 1100/3295/824 1098/3294/824 1097/3293/824
f 1104/3300/825 1099/3299/825 1097/3298/825 1102/3297/825
f 1103/3304/826 1104/3303/826 1102/3302/826 1101/3301/826
f 1102/3308/827 1097/3307/827 1098/3306/827 1101/3305/827
f 1103/3312/828 1100/3311/828 1099/3310/828 1104/3309/828
o cube
v -0.10733830928003754 2.1198043132800226 0.16789945427040065
v -0.10772107378433737 2.1800335484129194 0.23974202679282985
v -0.1285964566751296 1.4733652673575444 0.709728498874106
v -0.12897922117942942 1.533594502490441 0.7815710713965354
v -0.02649754323028671 2.178677853644464 0.24131131836228992
v -0.02611477872598688 2.118448618511567 0.1694687458398607
v -0.04775569062537876 1.532238807721985 0.7831403629659952
v -0.047372926121078934 1.4720095725890887 0.711297790443566
vt 0.53515625 0.7890625
vt 0.5390625 0.7890625
vt 0.5390625 0.734375
vt 0.53515625 0.734375
vt 0.37109375 0.6015625
vt 0.37890625 0.6015625
vt 0.37890625 0.546875
vt 0.37109375 0.546875
vt 0.53515625 0.734375
vt 0.5390625 0.734375
vt 0.5390625 0.6796875
vt 0.53515625 0.6796875
vt 0.37890625 0.6015625
vt 0.38671875 0.6015625
vt 0.38671875 0.546875
vt 0.37890625 0.546875
vt 0.66796875 0.28125
vt 0.6640625 0.28125
vt 0.6640625 0.2890625
vt 0.66796875 0.2890625
vt 0.671875 0.2890625
vt 0.66796875 0.2890625
vt 0.66796875 0.28125
vt 0.671875 0.28125
vn -0.004082821379198183 0.6424451747508968 0.7663207735725787
vn -0.9996742222037007 0.016685474073301697 -0.0193143577779686
vn 0.004082821379198183 -0.6424451747508968 -0.7663207735725787
vn 0.9996742222037007 -0.016685474073301697 0.0193143577779686
vn 0.02519484135714614 0.766149980352567 -0.6421677565673549
vn -0.02519484135714614 -0.766149980352567 0.6421677565673549
usemtl m_91fe65ba-4f97-40fd-8230-0084d13434eb
f 1108/3316/829 1111/3315/829 1109/3314/829 1106/3313/829
f 1107/3320/830 1108/3319/830 1106/3318/830 1105/3317/830
f 1112/3324/831 1107/3323/831 1105/3322/831 1110/3321/831
f 1111/3328/832 1112/3327/832 1110/3326/832 1109/3325/832
f 1110/3332/833 1105/3331/833 1106/3330/833 1109/3329/833
f 1111/3336/834 1108/3335/834 1107/3334/834 1112/3333/834
o cube
v -0.21445536209926808 1.7263890511434683 0.09543018118373303
v -0.29926205785285653 1.7656045250396994 0.10311350484295145
v -0.6092578255521475 0.7968973391023983 0.48179495002077144
v -0.6940645213057359 0.8361128129986293 0.48947827367998986
v -0.28139324421456613 1.7894366955708771 0.1787064651430541
v -0.19658654846097767 1.750221221674646 0.17102314148383568
v -0.6761957076674454 0.859944983529807 0.5650712339800925
v -0.591389011913857 0.820729509633576 0.5573879103208741
vt 0.13671875 0.4921875
vt 0.140625 0.4921875
vt 0.140625 0.42578125
vt 0.13671875 0.42578125
vt 0.3046875 0.69921875
vt 0.3125 0.69921875
vt 0.3125 0.6328125
vt 0.3046875 0.6328125
vt 0.140625 0.4921875
vt 0.14453125 0.4921875
vt 0.14453125 0.42578125
vt 0.140625 0.42578125
vt 0.0390625 0.69140625
vt 0.046875 0.69140625
vt 0.046875 0.625
vt 0.0390625 0.625
vt 0.71484375 0.32421875
vt 0.7109375 0.32421875
vt 0.7109375 0.33203125
vt 0.71484375 0.33203125
vt 0.67578125 0.2890625
vt 0.671875 0.2890625
vt 0.671875 0.28125
vt 0.67578125 0.28125
vn -0.9046047547049436 0.41829838822646415 0.08195545236499688
vn -0.21992386016357468 -0.2933190219221878 -0.9303748960012646
vn 0.9046047547049436 -0.41829838822646415 -0.08195545236499688
vn 0.21992386016357468 0.2933190219221878 0.9303748960012646
vn 0.3651352263148019 0.8596455140264233 -0.35733157811518007
vn -0.3651352263148019 -0.8596455140264233 0.35733157811518007
usemtl m_91fe65ba-4f97-40fd-8230-0084d13434eb
f 1116/3340/835 1119/3339/835 1117/3338/835 1114/3337/835
f 1115/3344/836 1116/3343/836 1114/3342/836 1113/3341/836
f 1120/3348/837 1115/3347/837 1113/3346/837 1118/3345/837
f 1119/3352/838 1120/3351/838 1118/3350/838 1117/3349/838
f 1118/3356/839 1113/3355/839 1114/3354/839 1117/3353/839
f 1119/3360/840 1116/3359/840 1115/3358/840 1120/3357/840
o cube
v -0.2183491907218852 1.8380236778396781 -0.05976340186999929
v -0.2692332081740383 1.8615529621774167 -0.05515340767446819
v -0.5173036572671292 1.134188913230544 0.23280182771180447
v -0.5681876747192822 1.1577181975682826 0.23741182190733556
v -0.2513643945357479 1.8853851327085946 0.02043955262563457
v -0.20048037708359479 1.8618558483708558 0.015829558430103474
v -0.5503188610809919 1.1815503680994603 0.3130047822074383
v -0.4994348436288388 1.1580210837617217 0.3083947880119073
vt 0.57421875 0.94921875
vt 0.578125 0.94921875
vt 0.578125 0.8984375
vt 0.57421875 0.8984375
vt 0.57421875 0.8984375
vt 0.578125 0.8984375
vt 0.578125 0.84765625
vt 0.57421875 0.84765625
vt 0.1328125 0.42578125
vt 0.13671875 0.42578125
vt 0.13671875 0.375
vt 0.1328125 0.375
vt 0.13671875 0.42578125
vt 0.140625 0.42578125
vt 0.140625 0.375
vt 0.13671875 0.375
vt 0.1640625 0.26953125
vt 0.16015625 0.26953125
vt 0.16015625 0.2734375
vt 0.1640625 0.2734375
vt 0.16796875 0.2734375
vt 0.1640625 0.2734375
vt 0.1640625 0.26953125
vt 0.16796875 0.26953125
vn -0.9046047547049436 0.41829838822646415 0.08195545236499688
vn -0.21992386016357468 -0.2933190219221878 -0.9303748960012646
vn 0.9046047547049436 -0.41829838822646415 -0.08195545236499688
vn 0.21992386016357468 0.2933190219221878 0.9303748960012646
vn 0.3651352263148019 0.8596455140264233 -0.35733157811518007
vn -0.3651352263148019 -0.8596455140264233 0.35733157811518007
usemtl m_91fe65ba-4f97-40fd-8230-0084d13434eb
f 1124/3364/841 1127/3363/841 1125/3362/841 1122/3361/841
f 1123/3368/842 1124/3367/842 1122/3366/842 1121/3365/842
f 1128/3372/843 1123/3371/843 1121/3370/843 1126/3369/843
f 1127/3376/844 1128/3375/844 1126/3374/844 1125/3373/844
f 1126/3380/845 1121/3379/845 1122/3378/845 1125/3377/845
f 1127/3384/846 1124/3383/846 1123/3382/846 1128/3381/846
o cube
v -0.2535146209149246 1.7889802290117491 0.031188206947001862
v -0.33832131666851306 1.8281957029079803 0.038871530606220284
v -0.5615974681180387 1.0636543265519547 0.33268672598168514
v -0.6464041638716271 1.1028698004481856 0.3403700496409036
v -0.32045250303022266 1.852027873439158 0.11446449090632294
v -0.2356458072766342 1.8128123995429268 0.10678116724710451
v -0.6285353502333366 1.1267019709793633 0.41596300994100627
v -0.5437286544797482 1.0874864970831324 0.4082796862817878
vt 0.2734375 0.46484375
vt 0.27734375 0.46484375
vt 0.27734375 0.41015625
vt 0.2734375 0.41015625
vt 0.3984375 0.6171875
vt 0.40625 0.6171875
vt 0.40625 0.5625
vt 0.3984375 0.5625
vt 0.27734375 0.46484375
vt 0.28125 0.46484375
vt 0.28125 0.41015625
vt 0.27734375 0.41015625
vt 0.38671875 0.6015625
vt 0.39453125 0.6015625
vt 0.39453125 0.546875
vt 0.38671875 0.546875
vt 0.6796875 0.28125
vt 0.67578125 0.28125
vt 0.67578125 0.2890625
vt 0.6796875 0.2890625
vt 0.71484375 0.32421875
vt 0.7109375 0.32421875
vt 0.7109375 0.31640625
vt 0.71484375 0.31640625
vn -0.9046047547049436 0.41829838822646415 0.08195545236499688
vn -0.21992386016357468 -0.2933190219221878 -0.9303748960012646
vn 0.9046047547049436 -0.41829838822646415 -0.08195545236499688
vn 0.21992386016357468 0.2933190219221878 0.9303748960012646
vn 0.3651352263148019 0.8596455140264233 -0.35733157811518007
vn -0.3651352263148019 -0.8596455140264233 0.35733157811518007
usemtl m_91fe65ba-4f97-40fd-8230-0084d13434eb
f 1132/3388/847 1135/3387/847 1133/3386/847 1130/3385/847
f 1131/3392/848 1132/3391/848 1130/3390/848 1129/3389/848
f 1136/3396/849 1131/3395/849 1129/3394/849 1134/3393/849
f 1135/3400/850 1136/3399/850 1134/3398/850 1133/3397/850
f 1134/3404/851 1129/3403/851 1130/3402/851 1133/3401/851
f 1135/3408/852 1132/3407/852 1131/3406/852 1136/3405/852
o cube
v 0.13408654846097767 1.750221221674646 0.17102314148383568
v 0.21889324421456613 1.7894366955708771 0.1787064651430541
v 0.528889011913857 0.820729509633576 0.5573879103208741
v 0.6136957076674454 0.859944983529807 0.5650712339800925
v 0.23676205785285653 1.7656045250396994 0.10311350484295145
v 0.15195536209926808 1.7263890511434683 0.09543018118373303
v 0.6315645213057359 0.8361128129986293 0.48947827367998986
v 0.5467578255521475 0.7968973391023983 0.48179495002077144
vt 0.14453125 0.4921875
vt 0.1484375 0.4921875
vt 0.1484375 0.42578125
vt 0.14453125 0.42578125
vt 0.046875 0.69140625
vt 0.0546875 0.69140625
vt 0.0546875 0.625
vt 0.046875 0.625
vt 0.1484375 0.4921875
vt 0.15234375 0.4921875
vt 0.15234375 0.42578125
vt 0.1484375 0.42578125
vt 0.30859375 0.83203125
vt 0.31640625 0.83203125
vt 0.31640625 0.765625
vt 0.30859375 0.765625
vt 0.68359375 0.28125
vt 0.6796875 0.28125
vt 0.6796875 0.2890625
vt 0.68359375 0.2890625
vt 0.6875 0.2890625
vt 0.68359375 0.2890625
vt 0.68359375 0.28125
vt 0.6875 0.28125
vn 0.9046047547049436 0.41829838822646415 0.08195545236499688
vn -0.21992386016357468 0.2933190219221878 0.9303748960012646
vn -0.9046047547049436 -0.41829838822646415 -0.08195545236499688
vn 0.21992386016357468 -0.2933190219221878 -0.9303748960012646
vn -0.3651352263148019 0.8596455140264233 -0.35733157811518007
vn 0.3651352263148019 -0.8596455140264233 0.35733157811518007
usemtl m_91fe65ba-4f97-40fd-8230-0084d13434eb
f 1140/3412/853 1143/3411/853 1141/3410/853 1138/3409/853
f 1139/3416/854 1140/3415/854 1138/3414/854 1137/3413/854
f 1144/3420/855 1139/3419/855 1137/3418/855 1142/3417/855
f 1143/3424/856 1144/3423/856 1142/3422/856 1141/3421/856
f 1142/3428/857 1137/3427/857 1138/3426/857 1141/3425/857
f 1143/3432/858 1140/3431/858 1139/3430/858 1144/3429/858
o cube
v 0.13798037708359479 1.8618558483708558 0.015829558430103474
v 0.18886439453574788 1.8853851327085946 0.02043955262563457
v 0.4369348436288388 1.1580210837617217 0.3083947880119073
v 0.4878188610809919 1.1815503680994603 0.3130047822074383
v 0.20673320817403829 1.8615529621774167 -0.05515340767446819
v 0.1558491907218852 1.8380236778396781 -0.05976340186999929
v 0.5056876747192822 1.1577181975682826 0.23741182190733556
v 0.4548036572671292 1.134188913230544 0.23280182771180447
vt 0.140625 0.42578125
vt 0.14453125 0.42578125
vt 0.14453125 0.375
vt 0.140625 0.375
vt 0.14453125 0.42578125
vt 0.1484375 0.42578125
vt 0.1484375 0.375
vt 0.14453125 0.375
vt 0.1484375 0.42578125
vt 0.15234375 0.42578125
vt 0.15234375 0.375
vt 0.1484375 0.375
vt 0.15234375 0.42578125
vt 0.15625 0.42578125
vt 0.15625 0.375
vt 0.15234375 0.375
vt 0.171875 0.26953125
vt 0.16796875 0.26953125
vt 0.16796875 0.2734375
vt 0.171875 0.2734375
vt 0.17578125 0.2734375
vt 0.171875 0.2734375
vt 0.171875 0.26953125
vt 0.17578125 0.26953125
vn 0.9046047547049436 0.41829838822646415 0.08195545236499688
vn -0.21992386016357468 0.2933190219221878 0.9303748960012646
vn -0.9046047547049436 -0.41829838822646415 -0.08195545236499688
vn 0.21992386016357468 -0.2933190219221878 -0.9303748960012646
vn -0.3651352263148019 0.8596455140264233 -0.35733157811518007
vn 0.3651352263148019 -0.8596455140264233 0.35733157811518007
usemtl m_91fe65ba-4f97-40fd-8230-0084d13434eb
f 1148/3436/859 1151/3435/859 1149/3434/859 1146/3433/859
f 1147/3440/860 1148/3439/860 1146/3438/860 1145/3437/860
f 1152/3444/861 1147/3443/861 1145/3442/861 1150/3441/861
f 1151/3448/862 1152/3447/862 1150/3446/862 1149/3445/862
f 1150/3452/863 1145/3451/863 1146/3450/863 1149/3449/863
f 1151/3456/864 1148/3455/864 1147/3454/864 1152/3453/864
o cube
v 0.1731458072766342 1.8128123995429268 0.10678116724710451
v 0.25795250303022266 1.852027873439158 0.11446449090632294
v 0.4812286544797482 1.0874864970831324 0.4082796862817878
v 0.5660353502333366 1.1267019709793633 0.41596300994100627
v 0.27582131666851306 1.8281957029079803 0.03887153060622017
v 0.1910146209149246 1.7889802290117491 0.03118820694700175
v 0.5839041638716271 1.1028698004481856 0.3403700496409035
v 0.4990974681180386 1.0636543265519547 0.332686725981685
vt 0.28125 0.46484375
vt 0.28515625 0.46484375
vt 0.28515625 0.41015625
vt 0.28125 0.41015625
vt 0.40234375 0.93359375
vt 0.41015625 0.93359375
vt 0.41015625 0.87890625
vt 0.40234375 0.87890625
vt 0.28515625 0.46484375
vt 0.2890625 0.46484375
vt 0.2890625 0.41015625
vt 0.28515625 0.41015625
vt 0.0859375 0.59765625
vt 0.09375 0.59765625
vt 0.09375 0.54296875
vt 0.0859375 0.54296875
vt 0.71484375 0.30859375
vt 0.7109375 0.30859375
vt 0.7109375 0.31640625
vt 0.71484375 0.31640625
vt 0.69140625 0.2890625
vt 0.6875 0.2890625
vt 0.6875 0.28125
vt 0.69140625 0.28125
vn 0.9046047547049436 0.41829838822646415 0.08195545236499688
vn -0.21992386016357468 0.2933190219221878 0.9303748960012646
vn -0.9046047547049436 -0.41829838822646415 -0.08195545236499688
vn 0.21992386016357468 -0.2933190219221878 -0.9303748960012646
vn -0.3651352263148019 0.8596455140264233 -0.35733157811518007
vn 0.3651352263148019 -0.8596455140264233 0.35733157811518007
usemtl m_91fe65ba-4f97-40fd-8230-0084d13434eb
f 1156/3460/865 1159/3459/865 1157/3458/865 1154/3457/865
f 1155/3464/866 1156/3463/866 1154/3462/866 1153/3461/866
f 1160/3468/867 1155/3467/867 1153/3466/867 1158/3465/867
f 1159/3472/868 1160/3471/868 1158/3470/868 1157/3469/868
f 1158/3476/869 1153/3475/869 1154/3474/869 1157/3473/869
f 1159/3480/870 1156/3479/870 1155/3478/870 1160/3477/870
o cube
v 0.050096542053953586 1.7451513208025542 0.15528919342206127
v 0.07557877574217786 1.7979294552727403 0.22846150231077744
v 0.2047221305069401 0.8524027634483404 0.7453675807889752
v 0.23020436419516438 0.9051808979185267 0.8185398896776914
v 0.15290164130062323 1.7949459545386302 0.20368579474872917
v 0.12741940761239895 1.742167820068444 0.130513485860013
v 0.3075272297536097 0.9021973971844166 0.7937641821156431
v 0.28204499606538547 0.8494192627142303 0.720591873226927
vt 0.15234375 0.4921875
vt 0.15625 0.4921875
vt 0.15625 0.42578125
vt 0.15234375 0.42578125
vt 0.3125 0.69921875
vt 0.3203125 0.69921875
vt 0.3203125 0.6328125
vt 0.3125 0.6328125
vt 0.15625 0.4921875
vt 0.16015625 0.4921875
vt 0.16015625 0.42578125
vt 0.15625 0.42578125
vt 0.31640625 0.83203125
vt 0.32421875 0.83203125
vt 0.32421875 0.765625
vt 0.31640625 0.765625
vt 0.71484375 0.30078125
vt 0.7109375 0.30078125
vt 0.7109375 0.30859375
vt 0.71484375 0.30859375
vt 0.71484375 0.30078125
vt 0.7109375 0.30078125
vt 0.7109375 0.29296875
vt 0.71484375 0.29296875
vn 0.2718104926743921 0.5629667676819865 0.7805046281463041
vn -0.9516660376424055 0.03672000903519999 0.30493178537905624
vn -0.2718104926743921 -0.5629667676819865 -0.7805046281463041
vn 0.9516660376424055 -0.03672000903519999 -0.30493178537905624
vn -0.1430063245807967 0.8256634056455155 -0.5457372368711344
vn 0.1430063245807967 -0.8256634056455155 0.5457372368711344
usemtl m_91fe65ba-4f97-40fd-8230-0084d13434eb
f 1164/3484/871 1167/3483/871 1165/3482/871 1162/3481/871
f 1163/3488/872 1164/3487/872 1162/3486/872 1161/3485/872
f 1168/3492/873 1163/3491/873 1161/3490/873 1166/3489/873
f 1167/3496/874 1168/3495/874 1166/3494/874 1165/3493/874
f 1166/3500/875 1161/3499/875 1162/3498/875 1165/3497/875
f 1167/3504/876 1164/3503/876 1163/3502/876 1168/3501/876
o cube
v -0.06822394239264695 1.8942430864539168 0.13700235730202093
v -0.05293460217971241 1.9259099671360285 0.18090574263525072
v 0.04886248585788042 1.2182311730816506 0.5838247199902624
v 0.06415182607081499 1.2498980537637625 0.6277281053234922
v 0.02438826337873312 1.9229264664019183 0.15613003507320244
v 0.00909892316579855 1.8912595857198067 0.11222664973997265
v 0.14147469162926052 1.2469145530296524 0.6029523977614437
v 0.12618535141632595 1.2152476723475405 0.5590490124282141
vt 0.57421875 0.84765625
vt 0.578125 0.84765625
vt 0.578125 0.796875
vt 0.57421875 0.796875
vt 0.15625 0.42578125
vt 0.16015625 0.42578125
vt 0.16015625 0.375
vt 0.15625 0.375
vt 0.16015625 0.42578125
vt 0.1640625 0.42578125
vt 0.1640625 0.375
vt 0.16015625 0.375
vt 0.57421875 0.796875
vt 0.578125 0.796875
vt 0.578125 0.74609375
vt 0.57421875 0.74609375
vt 0.1796875 0.26953125
vt 0.17578125 0.26953125
vt 0.17578125 0.2734375
vt 0.1796875 0.2734375
vt 0.18359375 0.2734375
vt 0.1796875 0.2734375
vt 0.1796875 0.26953125
vt 0.18359375 0.26953125
vn 0.2718104926743921 0.5629667676819865 0.7805046281463041
vn -0.9516660376424055 0.03672000903519999 0.30493178537905624
vn -0.2718104926743921 -0.5629667676819865 -0.7805046281463041
vn 0.9516660376424055 -0.03672000903519999 -0.30493178537905624
vn -0.1430063245807967 0.8256634056455155 -0.5457372368711344
vn 0.1430063245807967 -0.8256634056455155 0.5457372368711344
usemtl m_91fe65ba-4f97-40fd-8230-0084d13434eb
f 1172/3508/877 1175/3507/877 1173/3506/877 1170/3505/877
f 1171/3512/878 1172/3511/878 1170/3510/878 1169/3509/878
f 1176/3516/879 1171/3515/879 1169/3514/879 1174/3513/879
f 1175/3520/880 1176/3519/880 1174/3518/880 1173/3517/880
f 1174/3524/881 1169/3523/881 1170/3522/881 1173/3521/881
f 1175/3528/882 1172/3527/882 1171/3526/882 1176/3525/882
o cube
v 0.008864685098467884 1.830258164789271 0.1803305907197975
v 0.03434691878669216 1.8830362992594574 0.2535028996085137
v 0.1295262714635152 1.1336046662758674 0.6407963843298172
v 0.15500850515173947 1.1863828007460537 0.7139686932185334
v 0.11166978434513769 1.8800527985253472 0.2287271920464652
v 0.08618755065691341 1.827274664055161 0.155554883157749
v 0.23233137071018498 1.1833993000119436 0.6891929856564849
v 0.2068491370219607 1.1306211655417573 0.6160206767677688
vt 0.2890625 0.46484375
vt 0.29296875 0.46484375
vt 0.29296875 0.41015625
vt 0.2890625 0.41015625
vt 0.40234375 0.87890625
vt 0.41015625 0.87890625
vt 0.41015625 0.82421875
vt 0.40234375 0.82421875
vt 0.29296875 0.46484375
vt 0.296875 0.46484375
vt 0.296875 0.41015625
vt 0.29296875 0.41015625
vt 0.40625 1
vt 0.4140625 1
vt 0.4140625 0.9453125
vt 0.40625 0.9453125
vt 0.70703125 0.28125
vt 0.703125 0.28125
vt 0.703125 0.2890625
vt 0.70703125 0.2890625
vt 0.7109375 0.2890625
vt 0.70703125 0.2890625
vt 0.70703125 0.28125
vt 0.7109375 0.28125
vn 0.2718104926743921 0.5629667676819865 0.7805046281463041
vn -0.9516660376424055 0.03672000903519999 0.30493178537905624
vn -0.2718104926743921 -0.5629667676819865 -0.7805046281463041
vn 0.9516660376424055 -0.03672000903519999 -0.30493178537905624
vn -0.1430063245807967 0.8256634056455155 -0.5457372368711344
vn 0.1430063245807967 -0.8256634056455155 0.5457372368711344
usemtl m_91fe65ba-4f97-40fd-8230-0084d13434eb
f 1180/3532/883 1183/3531/883 1181/3530/883 1178/3529/883
f 1179/3536/884 1180/3535/884 1178/3534/884 1177/3533/884
f 1184/3540/885 1179/3539/885 1177/3538/885 1182/3537/885
f 1183/3544/886 1184/3543/886 1182/3542/886 1181/3541/886
f 1182/3548/887 1177/3547/887 1178/3546/887 1181/3545/887
f 1183/3552/888 1180/3551/888 1179/3550/888 1184/3549/888
o cube
v -0.25241940761239906 1.742167820068444 0.13051348586001277
v -0.27790164130062334 1.7949459545386302 0.20368579474872894
v -0.4070449960653856 0.8494192627142303 0.720591873226927
v -0.4325272297536098 0.9021973971844166 0.7937641821156431
v -0.20057877574217786 1.7979294552727403 0.22846150231077744
v -0.17509654205395359 1.7451513208025542 0.15528919342206127
v -0.3552043641951643 0.9051808979185267 0.8185398896776914
v -0.32972213050694005 0.8524027634483404 0.7453675807889754
vt 0.16015625 0.4921875
vt 0.1640625 0.4921875
vt 0.1640625 0.42578125
vt 0.16015625 0.42578125
vt 0.31640625 0.765625
vt 0.32421875 0.765625
vt 0.32421875 0.69921875
vt 0.31640625 0.69921875
vt 0.3359375 0.4921875
vt 0.33984375 0.4921875
vt 0.33984375 0.42578125
vt 0.3359375 0.42578125
vt 0.140625 0.6796875
vt 0.1484375 0.6796875
vt 0.1484375 0.61328125
vt 0.140625 0.61328125
vt 0.71484375 0.28125
vt 0.7109375 0.28125
vt 0.7109375 0.2890625
vt 0.71484375 0.2890625
vt 0.01953125 0.28515625
vt 0.015625 0.28515625
vt 0.015625 0.27734375
vt 0.01953125 0.27734375
vn -0.2718104926743921 0.5629667676819865 0.7805046281463041
vn -0.9516660376424055 -0.03672000903519999 -0.30493178537905624
vn 0.2718104926743921 -0.5629667676819865 -0.7805046281463041
vn 0.9516660376424055 0.03672000903519999 0.30493178537905624
vn 0.1430063245807967 0.8256634056455155 -0.5457372368711344
vn -0.1430063245807967 -0.8256634056455155 0.5457372368711344
usemtl m_91fe65ba-4f97-40fd-8230-0084d13434eb
f 1188/3556/889 1191/3555/889 1189/3554/889 1186/3553/889
f 1187/3560/890 1188/3559/890 1186/3558/890 1185/3557/890
f 1192/3564/891 1187/3563/891 1185/3562/891 1190/3561/891
f 1191/3568/892 1192/3567/892 1190/3566/892 1189/3565/892
f 1190/3572/893 1185/3571/893 1186/3570/893 1189/3569/893
f 1191/3576/894 1188/3575/894 1187/3574/894 1192/3573/894
o cube
v -0.13409892316579855 1.8912595857198067 0.11222664973997265
v -0.14938826337873312 1.9229264664019183 0.15613003507320244
v -0.2511853514163259 1.2152476723475405 0.5590490124282141
v -0.2664746916292605 1.2469145530296524 0.6029523977614437
v -0.07206539782028759 1.9259099671360285 0.18090574263525072
v -0.05677605760735305 1.8942430864539168 0.13700235730202093
v -0.189151826070815 1.2498980537637625 0.6277281053234922
v -0.17386248585788042 1.2182311730816506 0.5838247199902624
vt 0.57421875 0.74609375
vt 0.578125 0.74609375
vt 0.578125 0.6953125
vt 0.57421875 0.6953125
vt 0.57421875 0.6953125
vt 0.578125 0.6953125
vt 0.578125 0.64453125
vt 0.57421875 0.64453125
vt 0.3359375 0.42578125
vt 0.33984375 0.42578125
vt 0.33984375 0.375
vt 0.3359375 0.375
vt 0.33984375 0.42578125
vt 0.34375 0.42578125
vt 0.34375 0.375
vt 0.33984375 0.375
vt 0.1875 0.26953125
vt 0.18359375 0.26953125
vt 0.18359375 0.2734375
vt 0.1875 0.2734375
vt 0.19140625 0.2734375
vt 0.1875 0.2734375
vt 0.1875 0.26953125
vt 0.19140625 0.26953125
vn -0.2718104926743921 0.5629667676819865 0.7805046281463041
vn -0.9516660376424055 -0.03672000903519999 -0.30493178537905624
vn 0.2718104926743921 -0.5629667676819865 -0.7805046281463041
vn 0.9516660376424055 0.03672000903519999 0.30493178537905624
vn 0.1430063245807967 0.8256634056455155 -0.5457372368711344
vn -0.1430063245807967 -0.8256634056455155 0.5457372368711344
usemtl m_91fe65ba-4f97-40fd-8230-0084d13434eb
f 1196/3580/895 1199/3579/895 1197/3578/895 1194/3577/895
f 1195/3584/896 1196/3583/896 1194/3582/896 1193/3581/896
f 1200/3588/897 1195/3587/897 1193/3586/897 1198/3585/897
f 1199/3592/898 1200/3591/898 1198/3590/898 1197/3589/898
f 1198/3596/899 1193/3595/899 1194/3594/899 1197/3593/899
f 1199/3600/900 1196/3599/900 1195/3598/900 1200/3597/900
o cube
v -0.21118755065691347 1.827274664055161 0.15555488315774924
v -0.23666978434513775 1.8800527985253472 0.2287271920464654
v -0.3318491370219607 1.1306211655417573 0.6160206767677688
v -0.35733137071018506 1.1833993000119436 0.6891929856564849
v -0.15934691878669227 1.8830362992594574 0.2535028996085137
v -0.133864685098468 1.830258164789271 0.1803305907197975
v -0.28000850515173953 1.1863828007460537 0.7139686932185334
v -0.25452627146351525 1.1336046662758674 0.6407963843298172
vt 0.296875 0.46484375
vt 0.30078125 0.46484375
vt 0.30078125 0.41015625
vt 0.296875 0.41015625
vt 0.40625 0.82421875
vt 0.4140625 0.82421875
vt 0.4140625 0.76953125
vt 0.40625 0.76953125
vt 0.30078125 0.46484375
vt 0.3046875 0.46484375
vt 0.3046875 0.41015625
vt 0.30078125 0.41015625
vt 0.40625 0.7265625
vt 0.4140625 0.7265625
vt 0.4140625 0.671875
vt 0.40625 0.671875
vt 0.71875 0.9765625
vt 0.71484375 0.9765625
vt 0.71484375 0.984375
vt 0.71875 0.984375
vt 0.0234375 0.28515625
vt 0.01953125 0.28515625
vt 0.01953125 0.27734375
vt 0.0234375 0.27734375
vn -0.2718104926743921 0.5629667676819865 0.7805046281463041
vn -0.9516660376424055 -0.03672000903519999 -0.30493178537905624
vn 0.2718104926743921 -0.5629667676819865 -0.7805046281463041
vn 0.9516660376424055 0.03672000903519999 0.30493178537905624
vn 0.1430063245807967 0.8256634056455155 -0.5457372368711344
vn -0.1430063245807967 -0.8256634056455155 0.5457372368711344
usemtl m_91fe65ba-4f97-40fd-8230-0084d13434eb
f 1204/3604/901 1207/3603/901 1205/3602/901 1202/3601/901
f 1203/3608/902 1204/3607/902 1202/3606/902 1201/3605/902
f 1208/3612/903 1203/3611/903 1201/3610/903 1206/3609/903
f 1207/3616/904 1208/3615/904 1206/3614/904 1205/3613/904
f 1206/3620/905 1201/3619/905 1202/3618/905 1205/3617/905
f 1207/3624/906 1204/3623/906 1203/3622/906 1208/3621/906
o cube
v 0.25908654846097773 1.437721221674646 0.04602314148383568
v 0.34389324421456624 1.4769366955708771 0.053706465143054105
v 0.6538890119138571 0.508229509633576 0.4323879103208741
v 0.7386957076674456 0.547444983529807 0.44007123398009257
v 0.36176205785285664 1.4531045250396994 -0.021886495157048658
v 0.27695536209926813 1.4138890511434683 -0.02956981881626708
v 0.7565645213057359 0.5236128129986293 0.3644782736799898
v 0.6717578255521475 0.48439733910239835 0.35679495002077133
vt 0.33984375 0.4921875
vt 0.34375 0.4921875
vt 0.34375 0.42578125
vt 0.33984375 0.42578125
vt 0.1484375 0.6796875
vt 0.15625 0.6796875
vt 0.15625 0.61328125
vt 0.1484375 0.61328125
vt 0.34375 0.4921875
vt 0.34765625 0.4921875
vt 0.34765625 0.42578125
vt 0.34375 0.42578125
vt 0.15625 0.6796875
vt 0.1640625 0.6796875
vt 0.1640625 0.61328125
vt 0.15625 0.61328125
vt 0.02734375 0.27734375
vt 0.0234375 0.27734375
vt 0.0234375 0.28515625
vt 0.02734375 0.28515625
vt 0.71875 0.9765625
vt 0.71484375 0.9765625
vt 0.71484375 0.96875
vt 0.71875 0.96875
vn 0.9046047547049436 0.41829838822646415 0.08195545236499688
vn -0.21992386016357468 0.2933190219221878 0.9303748960012646
vn -0.9046047547049436 -0.41829838822646415 -0.08195545236499688
vn 0.21992386016357468 -0.2933190219221878 -0.9303748960012646
vn -0.3651352263148019 0.8596455140264233 -0.35733157811518007
vn 0.3651352263148019 -0.8596455140264233 0.35733157811518007
usemtl m_91fe65ba-4f97-40fd-8230-0084d13434eb
f 1212/3628/907 1215/3627/907 1213/3626/907 1210/3625/907
f 1211/3632/908 1212/3631/908 1210/3630/908 1209/3629/908
f 1216/3636/909 1211/3635/909 1209/3634/909 1214/3633/909
f 1215/3640/910 1216/3639/910 1214/3638/910 1213/3637/910
f 1214/3644/911 1209/3643/911 1210/3642/911 1213/3641/911
f 1215/3648/912 1212/3647/912 1211/3646/912 1216/3645/912
o cube
v 0.2629803770835948 1.5493558483708558 -0.10917044156989653
v 0.3138643945357479 1.5728851327085946 -0.10456044737436543
v 0.5619348436288387 0.8455210837617217 0.18339478801190728
v 0.6128188610809919 0.8690503680994603 0.18800478220743838
v 0.3317332081740383 1.549052962177417 -0.18015340767446808
v 0.2808491907218852 1.5255236778396781 -0.18476340186999918
v 0.6306876747192822 0.8452181975682826 0.11241182190733567
v 0.5798036572671292 0.821688913230544 0.10780182771180458
vt 0.34375 0.42578125
vt 0.34765625 0.42578125
vt 0.34765625 0.375
vt 0.34375 0.375
vt 0.34765625 0.42578125
vt 0.3515625 0.42578125
vt 0.3515625 0.375
vt 0.34765625 0.375
vt 0.3515625 0.42578125
vt 0.35546875 0.42578125
vt 0.35546875 0.375
vt 0.3515625 0.375
vt 0.35546875 0.42578125
vt 0.359375 0.42578125
vt 0.359375 0.375
vt 0.35546875 0.375
vt 0.1953125 0.26953125
vt 0.19140625 0.26953125
vt 0.19140625 0.2734375
vt 0.1953125 0.2734375
vt 0.19921875 0.2734375
vt 0.1953125 0.2734375
vt 0.1953125 0.26953125
vt 0.19921875 0.26953125
vn 0.9046047547049436 0.41829838822646415 0.08195545236499688
vn -0.21992386016357468 0.2933190219221878 0.9303748960012646
vn -0.9046047547049436 -0.41829838822646415 -0.08195545236499688
vn 0.21992386016357468 -0.2933190219221878 -0.9303748960012646
vn -0.3651352263148019 0.8596455140264233 -0.35733157811518007
vn 0.3651352263148019 -0.8596455140264233 0.35733157811518007
usemtl m_91fe65ba-4f97-40fd-8230-0084d13434eb
f 1220/3652/913 1223/3651/913 1221/3650/913 1218/3649/913
f 1219/3656/914 1220/3655/914 1218/3654/914 1217/3653/914
f 1224/3660/915 1219/3659/915 1217/3658/915 1222/3657/915
f 1223/3664/916 1224/3663/916 1222/3662/916 1221/3661/916
f 1222/3668/917 1217/3667/917 1218/3666/917 1221/3665/917
f 1223/3672/918 1220/3671/918 1219/3670/918 1224/3669/918
o cube
v 0.29814580727663437 1.5003123995429264 -0.018218832752895375
v 0.3829525030302229 1.5395278734391575 -0.010535509093676954
v 0.6062286544797484 0.7749864970831319 0.2832796862817879
v 0.6910353502333368 0.8142019709793629 0.2909630099410064
v 0.4008213166685133 1.5156957029079798 -0.08612846939377972
v 0.31601462091492477 1.4764802290117487 -0.09381179305299814
v 0.7089041638716274 0.7903698004481852 0.21537004964090362
v 0.6240974681180388 0.7511543265519542 0.20768672598168514
vt 0.3046875 0.46484375
vt 0.30859375 0.46484375
vt 0.30859375 0.41015625
vt 0.3046875 0.41015625
vt 0.40625 0.671875
vt 0.4140625 0.671875
vt 0.4140625 0.6171875
vt 0.40625 0.6171875
vt 0.30859375 0.46484375
vt 0.3125 0.46484375
vt 0.3125 0.41015625
vt 0.30859375 0.41015625
vt 0.40625 0.6171875
vt 0.4140625 0.6171875
vt 0.4140625 0.5625
vt 0.40625 0.5625
vt 0.03125 0.27734375
vt 0.02734375 0.27734375
vt 0.02734375 0.28515625
vt 0.03125 0.28515625
vt 0.03515625 0.28515625
vt 0.03125 0.28515625
vt 0.03125 0.27734375
vt 0.03515625 0.27734375
vn 0.9046047547049436 0.41829838822646415 0.08195545236499688
vn -0.21992386016357468 0.2933190219221878 0.9303748960012646
vn -0.9046047547049436 -0.41829838822646415 -0.08195545236499688
vn 0.21992386016357468 -0.2933190219221878 -0.9303748960012646
vn -0.3651352263148019 0.8596455140264233 -0.35733157811518007
vn 0.3651352263148019 -0.8596455140264233 0.35733157811518007
usemtl m_91fe65ba-4f97-40fd-8230-0084d13434eb
f 1228/3676/919 1231/3675/919 1229/3674/919 1226/3673/919
f 1227/3680/920 1228/3679/920 1226/3678/920 1225/3677/920
f 1232/3684/921 1227/3683/921 1225/3682/921 1230/3681/921
f 1231/3688/922 1232/3687/922 1230/3686/922 1229/3685/922
f 1230/3692/923 1225/3691/923 1226/3690/923 1229/3689/923
f 1231/3696/924 1228/3695/924 1227/3694/924 1232/3693/924
o cube
v -0.33945536209926824 1.4138890511434683 -0.02956981881626697
v -0.42426205785285676 1.4531045250396994 -0.021886495157048547
v -0.7342578255521476 0.48439733910239835 0.35679495002077144
v -0.8190645213057361 0.5236128129986293 0.3644782736799899
v -0.40639324421456635 1.4769366955708771 0.053706465143054105
v -0.32158654846097784 1.437721221674646 0.04602314148383568
v -0.8011957076674456 0.547444983529807 0.44007123398009257
v -0.7163890119138572 0.508229509633576 0.4323879103208741
vt 0.34765625 0.4921875
vt 0.3515625 0.4921875
vt 0.3515625 0.42578125
vt 0.34765625 0.42578125
vt 0.1640625 0.6796875
vt 0.171875 0.6796875
vt 0.171875 0.61328125
vt 0.1640625 0.61328125
vt 0.3515625 0.4921875
vt 0.35546875 0.4921875
vt 0.35546875 0.42578125
vt 0.3515625 0.42578125
vt 0.3203125 0.69921875
vt 0.328125 0.69921875
vt 0.328125 0.6328125
vt 0.3203125 0.6328125
vt 0.71875 0.9609375
vt 0.71484375 0.9609375
vt 0.71484375 0.96875
vt 0.71875 0.96875
vt 0.0390625 0.28515625
vt 0.03515625 0.28515625
vt 0.03515625 0.27734375
vt 0.0390625 0.27734375
vn -0.9046047547049436 0.41829838822646415 0.08195545236499688
vn -0.21992386016357468 -0.2933190219221878 -0.9303748960012646
vn 0.9046047547049436 -0.41829838822646415 -0.08195545236499688
vn 0.21992386016357468 0.2933190219221878 0.9303748960012646
vn 0.3651352263148019 0.8596455140264233 -0.35733157811518007
vn -0.3651352263148019 -0.8596455140264233 0.35733157811518007
usemtl m_91fe65ba-4f97-40fd-8230-0084d13434eb
f 1236/3700/925 1239/3699/925 1237/3698/925 1234/3697/925
f 1235/3704/926 1236/3703/926 1234/3702/926 1233/3701/926
f 1240/3708/927 1235/3707/927 1233/3706/927 1238/3705/927
f 1239/3712/928 1240/3711/928 1238/3710/928 1237/3709/928
f 1238/3716/929 1233/3715/929 1234/3714/929 1237/3713/929
f 1239/3720/930 1236/3719/930 1235/3718/930 1240/3717/930
o cube
v -0.3433491907218854 1.5255236778396781 -0.1847634018699993
v -0.3942332081740385 1.549052962177417 -0.1801534076744682
v -0.6423036572671295 0.821688913230544 0.10780182771180447
v -0.6931876747192824 0.8452181975682826 0.11241182190733556
v -0.3763643945357481 1.5728851327085946 -0.10456044737436543
v -0.325480377083595 1.5493558483708558 -0.10917044156989653
v -0.6753188610809921 0.8690503680994603 0.18800478220743838
v -0.6244348436288389 0.8455210837617217 0.18339478801190728
vt 0.57421875 0.64453125
vt 0.578125 0.64453125
vt 0.578125 0.59375
vt 0.57421875 0.59375
vt 0.359375 0.42578125
vt 0.36328125 0.42578125
vt 0.36328125 0.375
vt 0.359375 0.375
vt 0.36328125 0.42578125
vt 0.3671875 0.42578125
vt 0.3671875 0.375
vt 0.36328125 0.375
vt 0.3671875 0.42578125
vt 0.37109375 0.42578125
vt 0.37109375 0.375
vt 0.3671875 0.375
vt 0.203125 0.26953125
vt 0.19921875 0.26953125
vt 0.19921875 0.2734375
vt 0.203125 0.2734375
vt 0.20703125 0.2734375
vt 0.203125 0.2734375
vt 0.203125 0.26953125
vt 0.20703125 0.26953125
vn -0.9046047547049436 0.41829838822646415 0.08195545236499688
vn -0.21992386016357468 -0.2933190219221878 -0.9303748960012646
vn 0.9046047547049436 -0.41829838822646415 -0.08195545236499688
vn 0.21992386016357468 0.2933190219221878 0.9303748960012646
vn 0.3651352263148019 0.8596455140264233 -0.35733157811518007
vn -0.3651352263148019 -0.8596455140264233 0.35733157811518007
usemtl m_91fe65ba-4f97-40fd-8230-0084d13434eb
f 1244/3724/931 1247/3723/931 1245/3722/931 1242/3721/931
f 1243/3728/932 1244/3727/932 1242/3726/932 1241/3725/932
f 1248/3732/933 1243/3731/933 1241/3730/933 1246/3729/933
f 1247/3736/934 1248/3735/934 1246/3734/934 1245/3733/934
f 1246/3740/935 1241/3739/935 1242/3738/935 1245/3737/935
f 1247/3744/936 1244/3743/936 1243/3742/936 1248/3741/936
o cube
v -0.3785146209149249 1.4764802290117487 -0.09381179305299803
v -0.4633213166685134 1.5156957029079798 -0.0861284693937796
v -0.6865974681180389 0.7511543265519542 0.20768672598168525
v -0.7714041638716274 0.7903698004481852 0.21537004964090373
v -0.445452503030223 1.5395278734391575 -0.010535509093676954
v -0.3606458072766345 1.5003123995429264 -0.018218832752895375
v -0.7535353502333371 0.8142019709793629 0.2909630099410064
v -0.6687286544797485 0.7749864970831319 0.2832796862817879
vt 0.3125 0.46484375
vt 0.31640625 0.46484375
vt 0.31640625 0.41015625
vt 0.3125 0.41015625
vt 0.41015625 0.9453125
vt 0.41796875 0.9453125
vt 0.41796875 0.890625
vt 0.41015625 0.890625
vt 0.31640625 0.46484375
vt 0.3203125 0.46484375
vt 0.3203125 0.41015625
vt 0.31640625 0.41015625
vt 0.41015625 0.890625
vt 0.41796875 0.890625
vt 0.41796875 0.8359375
vt 0.41015625 0.8359375
vt 0.71875 0.953125
vt 0.71484375 0.953125
vt 0.71484375 0.9609375
vt 0.71875 0.9609375
vt 0.71875 0.953125
vt 0.71484375 0.953125
vt 0.71484375 0.9453125
vt 0.71875 0.9453125
vn -0.9046047547049436 0.41829838822646415 0.08195545236499688
vn -0.21992386016357468 -0.2933190219221878 -0.9303748960012646
vn 0.9046047547049436 -0.41829838822646415 -0.08195545236499688
vn 0.21992386016357468 0.2933190219221878 0.9303748960012646
vn 0.3651352263148019 0.8596455140264233 -0.35733157811518007
vn -0.3651352263148019 -0.8596455140264233 0.35733157811518007
usemtl m_91fe65ba-4f97-40fd-8230-0084d13434eb
f 1252/3748/937 1255/3747/937 1253/3746/937 1250/3745/937
f 1251/3752/938 1252/3751/938 1250/3750/938 1249/3749/938
f 1256/3756/939 1251/3755/939 1249/3754/939 1254/3753/939
f 1255/3760/940 1256/3759/940 1254/3758/940 1253/3757/940
f 1254/3764/941 1249/3763/941 1250/3762/941 1253/3761/941
f 1255/3768/942 1252/3767/942 1251/3766/942 1256/3765/942
o cube
v -0.28504503335801123 1.458797269727862 0.08773925236805447
v -0.3202312720077305 1.5139065182296152 0.15492527650445553
v -0.4994053666054756 0.5871024118085866 0.6904823856405369
v -0.5345916052551948 0.6422116603103394 0.757668409776938
v -0.24666384989358897 1.519362005718392 0.18897868396596373
v -0.2114776112438697 1.4642527572166393 0.12179265982956267
v -0.46102418314105326 0.6476671477991165 0.7917218172384464
v -0.42583794449133405 0.5925578992973635 0.7245357931020453
vt 0.35546875 0.4921875
vt 0.359375 0.4921875
vt 0.359375 0.42578125
vt 0.35546875 0.42578125
vt 0.015625 0.67578125
vt 0.0234375 0.67578125
vt 0.0234375 0.609375
vt 0.015625 0.609375
vt 0.359375 0.4921875
vt 0.36328125 0.4921875
vt 0.36328125 0.42578125
vt 0.359375 0.42578125
vt 0.0234375 0.67578125
vt 0.03125 0.67578125
vt 0.03125 0.609375
vt 0.0234375 0.609375
vt 0.71875 0.9375
vt 0.71484375 0.9375
vt 0.71484375 0.9453125
vt 0.71875 0.9453125
vt 0.71875 0.9375
vt 0.71484375 0.9375
vt 0.71484375 0.9296875
vt 0.71875 0.9296875
vn -0.37531987893033825 0.5878319840186979 0.7166509241216099
vn -0.9054451952509729 -0.06714446140033231 -0.4191188610647189
vn 0.37531987893033825 -0.5878319840186979 -0.7166509241216099
vn 0.9054451952509729 0.06714446140033231 0.4191188610647189
vn 0.19825233132713468 0.8061917761103129 -0.5574502966681921
vn -0.19825233132713468 -0.8061917761103129 0.5574502966681921
usemtl m_91fe65ba-4f97-40fd-8230-0084d13434eb
f 1260/3772/943 1263/3771/943 1261/3770/943 1258/3769/943
f 1259/3776/944 1260/3775/944 1258/3774/944 1257/3773/944
f 1264/3780/945 1259/3779/945 1257/3778/945 1262/3777/945
f 1263/3784/946 1264/3783/946 1262/3782/946 1261/3781/946
f 1262/3788/947 1257/3787/947 1258/3786/947 1261/3785/947
f 1263/3792/948 1260/3791/948 1259/3790/948 1264/3789/948
o cube
v -0.3712442635845632 1.5942159836375729 -0.016154754347394662
v -0.39235600677439475 1.6272815327386247 0.024156860134445957
v -0.5335633598586548 0.9341464669472543 0.44025767604968735
v -0.5546751030484862 0.9672120160483062 0.4805692905315279
v -0.3187885846602532 1.6327370202274019 0.05821026759595416
v -0.2976768414704217 1.5996714711263502 0.01789865311411354
v -0.48110768093434475 0.9726675035370833 0.5146226979930364
v -0.4599959377445132 0.9396019544360317 0.4743110835111958
vt 0.37109375 0.42578125
vt 0.375 0.42578125
vt 0.375 0.375
vt 0.37109375 0.375
vt 0.375 0.42578125
vt 0.37890625 0.42578125
vt 0.37890625 0.375
vt 0.375 0.375
vt 0.37890625 0.42578125
vt 0.3828125 0.42578125
vt 0.3828125 0.375
vt 0.37890625 0.375
vt 0.3828125 0.42578125
vt 0.38671875 0.42578125
vt 0.38671875 0.375
vt 0.3828125 0.375
vt 0.2109375 0.26953125
vt 0.20703125 0.26953125
vt 0.20703125 0.2734375
vt 0.2109375 0.2734375
vt 0.21484375 0.2734375
vt 0.2109375 0.2734375
vt 0.2109375 0.26953125
vt 0.21484375 0.26953125
vn -0.37531987893033825 0.5878319840186979 0.7166509241216099
vn -0.9054451952509729 -0.06714446140033231 -0.4191188610647189
vn 0.37531987893033825 -0.5878319840186979 -0.7166509241216099
vn 0.9054451952509729 0.06714446140033231 0.4191188610647189
vn 0.19825233132713468 0.8061917761103129 -0.5574502966681921
vn -0.19825233132713468 -0.8061917761103129 0.5574502966681921
usemtl m_91fe65ba-4f97-40fd-8230-0084d13434eb
f 1268/3796/949 1271/3795/949 1269/3794/949 1266/3793/949
f 1267/3800/950 1268/3799/950 1266/3798/950 1265/3797/950
f 1272/3804/951 1267/3803/951 1265/3802/951 1270/3801/951
f 1271/3808/952 1272/3807/952 1270/3806/952 1269/3805/952
f 1270/3812/953 1265/3811/953 1266/3810/953 1269/3809/953
f 1271/3816/954 1268/3815/954 1267/3814/954 1272/3813/954
o cube
v -0.33903826560244554 1.5388925817657917 0.07225428025489689
v -0.37422450425216475 1.5940018302675445 0.13944030439129795
v -0.5063136701597154 0.8586682706727151 0.5426029680686839
v -0.5414999088094345 0.9137775191744679 0.609788992205085
v -0.3006570821380232 1.5994573177563216 0.17349371185280615
v -0.26547084348830396 1.5443480692545686 0.10630768771640509
v -0.4679324866952931 0.919233006663245 0.6438423996665934
v -0.4327462480455738 0.864123758161492 0.5766563755301923
vt 0.3203125 0.46484375
vt 0.32421875 0.46484375
vt 0.32421875 0.41015625
vt 0.3203125 0.41015625
vt 0.4140625 1
vt 0.421875 1
vt 0.421875 0.9453125
vt 0.4140625 0.9453125
vt 0.32421875 0.46484375
vt 0.328125 0.46484375
vt 0.328125 0.41015625
vt 0.32421875 0.41015625
vt 0.4140625 0.8359375
vt 0.421875 0.8359375
vt 0.421875 0.78125
vt 0.4140625 0.78125
vt 0.71875 0.921875
vt 0.71484375 0.921875
vt 0.71484375 0.9296875
vt 0.71875 0.9296875
vt 0.71875 0.921875
vt 0.71484375 0.921875
vt 0.71484375 0.9140625
vt 0.71875 0.9140625
vn -0.37531987893033825 0.5878319840186979 0.7166509241216099
vn -0.9054451952509729 -0.06714446140033231 -0.4191188610647189
vn 0.37531987893033825 -0.5878319840186979 -0.7166509241216099
vn 0.9054451952509729 0.06714446140033231 0.4191188610647189
vn 0.19825233132713468 0.8061917761103129 -0.5574502966681921
vn -0.19825233132713468 -0.8061917761103129 0.5574502966681921
usemtl m_91fe65ba-4f97-40fd-8230-0084d13434eb
f 1276/3820/955 1279/3819/955 1277/3818/955 1274/3817/955
f 1275/3824/956 1276/3823/956 1274/3822/956 1273/3821/956
f 1280/3828/957 1275/3827/957 1273/3826/957 1278/3825/957
f 1279/3832/958 1280/3831/958 1278/3830/958 1277/3829/958
f 1278/3836/959 1273/3835/959 1274/3834/959 1277/3833/959
f 1279/3840/960 1276/3839/960 1275/3838/960 1280/3837/960
o cube
v 0.17509654205395342 1.4951513208025542 0.030289193422061045
v 0.2005787757421777 1.5479294552727403 0.10346150231077722
v 0.32972213050694 0.6024027634483404 0.6203675807889755
v 0.35520436419516427 0.6551808979185267 0.6935398896776914
v 0.2779016413006232 1.5449459545386306 0.07868579474872872
v 0.25241940761239895 1.492167820068444 0.005513485860012546
v 0.4325272297536098 0.6521973971844166 0.6687641821156431
v 0.4070449960653855 0.5994192627142303 0.595591873226927
vt 0.36328125 0.4921875
vt 0.3671875 0.4921875
vt 0.3671875 0.42578125
vt 0.36328125 0.42578125
vt 0.03125 0.67578125
vt 0.0390625 0.67578125
vt 0.0390625 0.609375
vt 0.03125 0.609375
vt 0.3671875 0.4921875
vt 0.37109375 0.4921875
vt 0.37109375 0.42578125
vt 0.3671875 0.42578125
vt 0.09765625 0.67578125
vt 0.10546875 0.67578125
vt 0.10546875 0.609375
vt 0.09765625 0.609375
vt 0.71875 0.90625
vt 0.71484375 0.90625
vt 0.71484375 0.9140625
vt 0.71875 0.9140625
vt 0.71875 0.90625
vt 0.71484375 0.90625
vt 0.71484375 0.8984375
vt 0.71875 0.8984375
vn 0.2718104926743921 0.5629667676819865 0.7805046281463041
vn -0.9516660376424055 0.03672000903519999 0.30493178537905624
vn -0.2718104926743921 -0.5629667676819865 -0.7805046281463041
vn 0.9516660376424055 -0.03672000903519999 -0.30493178537905624
vn -0.1430063245807967 0.8256634056455155 -0.5457372368711344
vn 0.1430063245807967 -0.8256634056455155 0.5457372368711344
usemtl m_91fe65ba-4f97-40fd-8230-0084d13434eb
f 1284/3844/961 1287/3843/961 1285/3842/961 1282/3841/961
f 1283/3848/962 1284/3847/962 1282/3846/962 1281/3845/962
f 1288/3852/963 1283/3851/963 1281/3850/963 1286/3849/963
f 1287/3856/964 1288/3855/964 1286/3854/964 1285/3853/964
f 1286/3860/965 1281/3859/965 1282/3858/965 1285/3857/965
f 1287/3864/966 1284/3863/966 1283/3862/966 1288/3861/966
o cube
v 0.05677605760735299 1.6442430864539168 0.012002357302021038
v 0.07206539782028754 1.6759099671360285 0.05590574263525072
v 0.17386248585788036 0.9682311730816506 0.45882471999026253
v 0.18915182607081493 0.9998980537637625 0.5027281053234922
v 0.14938826337873307 1.6729264664019183 0.031130035073202444
v 0.1340989231657985 1.6412595857198067 -0.012773350260027239
v 0.26647469162926046 0.9969145530296524 0.47795239776144377
v 0.2511853514163259 0.9652476723475405 0.43404901242821414
vt 0.38671875 0.42578125
vt 0.390625 0.42578125
vt 0.390625 0.375
vt 0.38671875 0.375
vt 0.57421875 0.59375
vt 0.578125 0.59375
vt 0.578125 0.54296875
vt 0.57421875 0.54296875
vt 0.57421875 0.54296875
vt 0.578125 0.54296875
vt 0.578125 0.4921875
vt 0.57421875 0.4921875
vt 0.46875 0.42578125
vt 0.47265625 0.42578125
vt 0.47265625 0.375
vt 0.46875 0.375
vt 0.21875 0.26953125
vt 0.21484375 0.26953125
vt 0.21484375 0.2734375
vt 0.21875 0.2734375
vt 0.22265625 0.2734375
vt 0.21875 0.2734375
vt 0.21875 0.26953125
vt 0.22265625 0.26953125
vn 0.2718104926743921 0.5629667676819865 0.7805046281463041
vn -0.9516660376424055 0.03672000903519999 0.30493178537905624
vn -0.2718104926743921 -0.5629667676819865 -0.7805046281463041
vn 0.9516660376424055 -0.03672000903519999 -0.30493178537905624
vn -0.1430063245807967 0.8256634056455155 -0.5457372368711344
vn 0.1430063245807967 -0.8256634056455155 0.5457372368711344
usemtl m_91fe65ba-4f97-40fd-8230-0084d13434eb
f 1292/3868/967 1295/3867/967 1293/3866/967 1290/3865/967
f 1291/3872/968 1292/3871/968 1290/3870/968 1289/3869/968
f 1296/3876/969 1291/3875/969 1289/3874/969 1294/3873/969
f 1295/3880/970 1296/3879/970 1294/3878/970 1293/3877/970
f 1294/3884/971 1289/3883/971 1290/3882/971 1293/3881/971
f 1295/3888/972 1292/3887/972 1291/3886/972 1296/3885/972
o cube
v 0.13386468509846794 1.5802581647892706 0.055330590719797734
v 0.1593469187866922 1.633036299259457 0.1285028996085137
v 0.2545262714635152 0.883604666275867 0.5157963843298174
v 0.2800085051517395 0.9363828007460533 0.5889686932185334
v 0.23666978434513766 1.6300527985253468 0.10372719204646541
v 0.21118755065691341 1.5772746640551605 0.030554883157749457
v 0.35733137071018495 0.9333993000119432 0.5641929856564851
v 0.3318491370219607 0.8806211655417568 0.49102067676776906
vt 0.390625 0.46484375
vt 0.39453125 0.46484375
vt 0.39453125 0.41015625
vt 0.390625 0.41015625
vt 0.4140625 0.7265625
vt 0.421875 0.7265625
vt 0.421875 0.671875
vt 0.4140625 0.671875
vt 0.39453125 0.46484375
vt 0.3984375 0.46484375
vt 0.3984375 0.41015625
vt 0.39453125 0.41015625
vt 0.4140625 0.671875
vt 0.421875 0.671875
vt 0.421875 0.6171875
vt 0.4140625 0.6171875
vt 0.71875 0.890625
vt 0.71484375 0.890625
vt 0.71484375 0.8984375
vt 0.71875 0.8984375
vt 0.13671875 0.28515625
vt 0.1328125 0.28515625
vt 0.1328125 0.27734375
vt 0.13671875 0.27734375
vn 0.2718104926743921 0.5629667676819865 0.7805046281463041
vn -0.9516660376424055 0.03672000903519999 0.30493178537905624
vn -0.2718104926743921 -0.5629667676819865 -0.7805046281463041
vn 0.9516660376424055 -0.03672000903519999 -0.30493178537905624
vn -0.1430063245807967 0.8256634056455155 -0.5457372368711344
vn 0.1430063245807967 -0.8256634056455155 0.5457372368711344
usemtl m_91fe65ba-4f97-40fd-8230-0084d13434eb
f 1300/3892/973 1303/3891/973 1301/3890/973 1298/3889/973
f 1299/3896/974 1300/3895/974 1298/3894/974 1297/3893/974
f 1304/3900/975 1299/3899/975 1297/3898/975 1302/3897/975
f 1303/3904/976 1304/3903/976 1302/3902/976 1301/3901/976
f 1302/3908/977 1297/3907/977 1298/3906/977 1301/3905/977
f 1303/3912/978 1300/3911/978 1299/3910/978 1304/3909/978
o cube
v -0.04218600498564759 1.5352573958866507 0.1624674137041615
v -0.038479829829319606 1.5954978097736605 0.23420596192220366
v -0.022253885310339436 0.706859333272841 0.8570614843403395
v -0.018547710154011438 0.7670997471598513 0.9288000325583816
v 0.042692838381412954 1.5945805370196675 0.23078265266870135
v 0.03898666322508497 1.5343401231326572 0.1590441044506592
v 0.06262495805672112 0.7661824744058581 0.9253767233048792
v 0.05891878290039314 0.705942060518848 0.8536381750868371
vt 0.37109375 0.4921875
vt 0.375 0.4921875
vt 0.375 0.42578125
vt 0.37109375 0.42578125
vt 0.10546875 0.67578125
vt 0.11328125 0.67578125
vt 0.11328125 0.609375
vt 0.10546875 0.609375
vt 0.5078125 0.62890625
vt 0.51171875 0.62890625
vt 0.51171875 0.5625
vt 0.5078125 0.5625
vt 0.11328125 0.67578125
vt 0.12109375 0.67578125
vt 0.12109375 0.609375
vt 0.11328125 0.609375
vt 0.140625 0.27734375
vt 0.13671875 0.27734375
vt 0.13671875 0.28515625
vt 0.140625 0.28515625
vt 0.14453125 0.28515625
vt 0.140625 0.28515625
vt 0.140625 0.27734375
vt 0.14453125 0.27734375
vn 0.039532535000831884 0.6425644147947739 0.7652111809924487
vn -0.9990482241320926 0.011289510818376522 0.04213303696618316
vn -0.039532535000831884 -0.6425644147947739 -0.7652111809924487
vn 0.9990482241320926 -0.011289510818376522 -0.04213303696618316
vn -0.018434330335545132 0.7661484972150839 -0.6423991404727659
vn 0.018434330335545132 -0.7661484972150839 0.6423991404727659
usemtl m_91fe65ba-4f97-40fd-8230-0084d13434eb
f 1308/3916/979 1311/3915/979 1309/3914/979 1306/3913/979
f 1307/3920/980 1308/3919/980 1306/3918/980 1305/3917/980
f 1312/3924/981 1307/3923/981 1305/3922/981 1310/3921/981
f 1311/3928/982 1312/3927/982 1310/3926/982 1309/3925/982
f 1310/3932/983 1305/3931/983 1306/3930/983 1309/3929/983
f 1311/3936/984 1308/3935/984 1307/3934/984 1312/3933/984
o cube
v -0.1558616096883086 1.6755459059907847 0.0995429285791587
v -0.1536379045945118 1.7116901543229908 0.142586057509984
v -0.14076850172608102 1.0482618238959345 0.6255072248412359
v -0.1385447966322842 1.0844060722281406 0.6685503537720612
v -0.07246523638377927 1.7107728815689975 0.13916274825648167
v -0.07468894147757607 1.6746286332367915 0.09611961932565638
v -0.057372128421551705 1.0834887994741473 0.6651270445185588
v -0.0595958335153485 1.0473445511419412 0.6220839155877335
vt 0.47265625 0.42578125
vt 0.4765625 0.42578125
vt 0.4765625 0.375
vt 0.47265625 0.375
vt 0.4765625 0.42578125
vt 0.48046875 0.42578125
vt 0.48046875 0.375
vt 0.4765625 0.375
vt 0.48046875 0.42578125
vt 0.484375 0.42578125
vt 0.484375 0.375
vt 0.48046875 0.375
vt 0.4921875 0.42578125
vt 0.49609375 0.42578125
vt 0.49609375 0.375
vt 0.4921875 0.375
vt 0.2265625 0.26953125
vt 0.22265625 0.26953125
vt 0.22265625 0.2734375
vt 0.2265625 0.2734375
vt 0.23046875 0.2734375
vt 0.2265625 0.2734375
vt 0.2265625 0.26953125
vt 0.23046875 0.26953125
vn 0.039532535000831884 0.6425644147947739 0.7652111809924487
vn -0.9990482241320926 0.011289510818376522 0.04213303696618316
vn -0.039532535000831884 -0.6425644147947739 -0.7652111809924487
vn 0.9990482241320926 -0.011289510818376522 -0.04213303696618316
vn -0.018434330335545132 0.7661484972150839 -0.6423991404727659
vn 0.018434330335545132 -0.7661484972150839 0.6423991404727659
usemtl m_91fe65ba-4f97-40fd-8230-0084d13434eb
f 1316/3940/985 1319/3939/985 1317/3938/985 1314/3937/985
f 1315/3944/986 1316/3943/986 1314/3942/986 1313/3941/986
f 1320/3948/987 1315/3947/987 1313/3946/987 1318/3945/987
f 1319/3952/988 1320/3951/988 1318/3950/988 1317/3949/988
f 1318/3956/989 1313/3955/989 1314/3954/989 1317/3953/989
f 1319/3960/990 1316/3959/990 1315/3958/990 1320/3957/990
o cube
v -0.09106685674442701 1.6198504008357182 0.16746724820374792
v -0.08736068158809901 1.6800908147227283 0.23920579642178996
v -0.07551289052381081 0.9734126063104909 0.7094915229776441
v -0.07180671536748282 1.0336530201975012 0.7812300711956861
v -0.006188013377366505 1.679173541968735 0.23578248716828765
v -0.009894188533694503 1.618933128081725 0.1640439389502456
v 0.009365952843249693 1.032735747443508 0.7778067619421837
v 0.005659777686921701 0.9724953335564979 0.7060682137241416
vt 0.49609375 0.42578125
vt 0.5 0.42578125
vt 0.5 0.375
vt 0.49609375 0.375
vt 0.17578125 0.5390625
vt 0.18359375 0.5390625
vt 0.18359375 0.48828125
vt 0.17578125 0.48828125
vt 0.57421875 0.4921875
vt 0.578125 0.4921875
vt 0.578125 0.44140625
vt 0.57421875 0.44140625
vt 0.4609375 0.80859375
vt 0.46875 0.80859375
vt 0.46875 0.7578125
vt 0.4609375 0.7578125
vt 0.1484375 0.27734375
vt 0.14453125 0.27734375
vt 0.14453125 0.28515625
vt 0.1484375 0.28515625
vt 0.15234375 0.28515625
vt 0.1484375 0.28515625
vt 0.1484375 0.27734375
vt 0.15234375 0.27734375
vn 0.039532535000831884 0.6425644147947739 0.7652111809924487
vn -0.9990482241320926 0.011289510818376522 0.04213303696618316
vn -0.039532535000831884 -0.6425644147947739 -0.7652111809924487
vn 0.9990482241320926 -0.011289510818376522 -0.04213303696618316
vn -0.018434330335545132 0.7661484972150839 -0.6423991404727659
vn 0.018434330335545132 -0.7661484972150839 0.6423991404727659
usemtl m_91fe65ba-4f97-40fd-8230-0084d13434eb
f 1324/3964/991 1327/3963/991 1325/3962/991 1322/3961/991
f 1323/3968/992 1324/3967/992 1322/3966/992 1321/3965/992
f 1328/3972/993 1323/3971/993 1321/3970/993 1326/3969/993
f 1327/3976/994 1328/3975/994 1326/3974/994 1325/3973/994
f 1326/3980/995 1321/3979/995 1322/3978/995 1325/3977/995
f 1327/3984/996 1324/3983/996 1323/3982/996 1328/3981/996
o cube
v 0.04303124999999997 1.8927860858280947 -0.5643733122853496
v 0.04303124999999997 1.9063811990785817 -0.6256969052325705
v 0.04303124999999997 1.185520647170148 -0.721170285107634
v 0.04303124999999997 1.199115760420635 -0.7824938780548548
v -0.011406250000000034 1.9063811990785817 -0.6256969052325705
v -0.011406250000000034 1.8927860858280947 -0.5643733122853496
v -0.011406250000000034 1.199115760420635 -0.7824938780548548
v -0.011406250000000034 1.185520647170148 -0.721170285107634
vt 0.37890625 0.375
vt 0.3828125 0.375
vt 0.3828125 0.328125
vt 0.37890625 0.328125
vt 0.3828125 0.375
vt 0.38671875 0.375
vt 0.38671875 0.328125
vt 0.3828125 0.328125
vt 0.38671875 0.375
vt 0.390625 0.375
vt 0.390625 0.328125
vt 0.38671875 0.328125
vt 0.625 0.578125
vt 0.62890625 0.578125
vt 0.62890625 0.53125
vt 0.625 0.53125
vt 0.234375 0.26953125
vt 0.23046875 0.26953125
vt 0.23046875 0.2734375
vt 0.234375 0.2734375
vt 0.23828125 0.2734375
vt 0.234375 0.2734375
vt 0.234375 0.26953125
vt 0.23828125 0.26953125
vn 0 0.21643961393810288 -0.9762960071199334
vn 1 0 0
vn 0 -0.21643961393810288 0.9762960071199334
vn -1 0 0
vn 0 0.9762960071199334 0.21643961393810288
vn 0 -0.9762960071199334 -0.21643961393810288
usemtl m_91fe65ba-4f97-40fd-8230-0084d13434eb
f 1332/3988/997 1335/3987/997 1333/3986/997 1330/3985/997
f 1331/3992/998 1332/3991/998 1330/3990/998 1329/3989/998
f 1336/3996/999 1331/3995/999 1329/3994/999 1334/3993/999
f 1335/4000/1000 1336/3999/1000 1334/3998/1000 1333/3997/1000
f 1334/4004/1001 1329/4003/1001 1330/4002/1001 1333/4001/1001
f 1335/4008/1002 1332/4007/1002 1331/4006/1002 1336/4005/1002
o cube
v -0.03234375000000003 2.131253784327729 -0.537241319112387
v -0.03234375000000003 2.1394108522780213 -0.5740354748807197
v -0.03234375000000003 1.4607825014381146 -0.6858812239843792
v -0.03234375000000003 1.4689395693884069 -0.7226753797527118
v -0.08678125000000003 2.1394108522780213 -0.5740354748807197
v -0.08678125000000003 2.131253784327729 -0.537241319112387
v -0.08678125000000003 1.4689395693884069 -0.7226753797527118
v -0.08678125000000003 1.4607825014381146 -0.6858812239843792
vt 0.046875 0.3515625
vt 0.05078125 0.3515625
vt 0.05078125 0.30859375
vt 0.046875 0.30859375
vt 0.05078125 0.3515625
vt 0.0546875 0.3515625
vt 0.0546875 0.30859375
vt 0.05078125 0.30859375
vt 0.6484375 0.9140625
vt 0.65234375 0.9140625
vt 0.65234375 0.87109375
vt 0.6484375 0.87109375
vt 0.109375 0.3515625
vt 0.11328125 0.3515625
vt 0.11328125 0.30859375
vt 0.109375 0.30859375
vt 0.2421875 0.26953125
vt 0.23828125 0.26953125
vt 0.23828125 0.2734375
vt 0.2421875 0.2734375
vt 0.24609375 0.2734375
vt 0.2421875 0.2734375
vt 0.2421875 0.26953125
vt 0.24609375 0.26953125
vn 0 0.21643961393810288 -0.9762960071199334
vn 1 0 0
vn 0 -0.21643961393810288 0.9762960071199334
vn -1 0 0
vn 0 0.9762960071199334 0.21643961393810288
vn 0 -0.9762960071199334 -0.21643961393810288
usemtl m_91fe65ba-4f97-40fd-8230-0084d13434eb
f 1340/4012/1003 1343/4011/1003 1341/4010/1003 1338/4009/1003
f 1339/4016/1004 1340/4015/1004 1338/4014/1004 1337/4013/1004
f 1344/4020/1005 1339/4019/1005 1337/4018/1005 1342/4017/1005
f 1343/4024/1006 1344/4023/1006 1342/4022/1006 1341/4021/1006
f 1342/4028/1007 1337/4027/1007 1338/4026/1007 1341/4025/1007
f 1343/4032/1008 1340/4031/1008 1339/4030/1008 1344/4029/1008
o cube
v 0.009531249999999967 2.0971786512094934 -0.5576631056521234
v 0.009531249999999967 2.1107737644599807 -0.6189866985993442
v 0.009531249999999967 1.3899132125515468 -0.7144600784744077
v 0.009531249999999967 1.4035083258020338 -0.7757836714216286
v -0.044906250000000036 2.1107737644599807 -0.6189866985993442
v -0.044906250000000036 2.0971786512094934 -0.5576631056521234
v -0.044906250000000036 1.4035083258020338 -0.7757836714216286
v -0.044906250000000036 1.3899132125515468 -0.7144600784744077
vt 0.46875 0.375
vt 0.47265625 0.375
vt 0.47265625 0.328125
vt 0.46875 0.328125
vt 0.625 0.53125
vt 0.62890625 0.53125
vt 0.62890625 0.484375
vt 0.625 0.484375
vt 0.47265625 0.375
vt 0.4765625 0.375
vt 0.4765625 0.328125
vt 0.47265625 0.328125
vt 0.4765625 0.375
vt 0.48046875 0.375
vt 0.48046875 0.328125
vt 0.4765625 0.328125
vt 0.25 0.26953125
vt 0.24609375 0.26953125
vt 0.24609375 0.2734375
vt 0.25 0.2734375
vt 0.25390625 0.2734375
vt 0.25 0.2734375
vt 0.25 0.26953125
vt 0.25390625 0.26953125
vn 0 0.21643961393810288 -0.9762960071199334
vn 1 0 0
vn 0 -0.21643961393810288 0.9762960071199334
vn -1 0 0
vn 0 0.9762960071199334 0.21643961393810288
vn 0 -0.9762960071199334 -0.21643961393810288
usemtl m_91fe65ba-4f97-40fd-8230-0084d13434eb
f 1348/4036/1009 1351/4035/1009 1349/4034/1009 1346/4033/1009
f 1347/4040/1010 1348/4039/1010 1346/4038/1010 1345/4037/1010
f 1352/4044/1011 1347/4043/1011 1345/4042/1011 1350/4041/1011
f 1351/4048/1012 1352/4047/1012 1350/4046/1012 1349/4045/1012
f 1350/4052/1013 1345/4051/1013 1346/4050/1013 1349/4049/1013
f 1351/4056/1014 1348/4055/1014 1347/4054/1014 1352/4053/1014
o cube
v -0.13336356319827478 1.9272108034519644 -0.5744399634194248
v -0.16907741427725617 1.9464893802256893 -0.6223802124273089
v -0.21496640587777893 1.2403715896246694 -0.789852502102709
v -0.25068025695676033 1.2596501663983943 -0.8377927511105929
v -0.21343745650365034 1.941965874334976 -0.5911525651515501
v -0.17772360542466895 1.922687297561251 -0.543212316143666
v -0.2950402991831545 1.255126660507681 -0.8065651038348342
v -0.2593264481041731 1.235848083733956 -0.7586248548269501
vt 0.48046875 0.375
vt 0.484375 0.375
vt 0.484375 0.328125
vt 0.48046875 0.328125
vt 0.4921875 0.375
vt 0.49609375 0.375
vt 0.49609375 0.328125
vt 0.4921875 0.328125
vt 0.49609375 0.375
vt 0.5 0.375
vt 0.5 0.328125
vt 0.49609375 0.328125
vt 0.625 0.484375
vt 0.62890625 0.484375
vt 0.62890625 0.4375
vt 0.625 0.4375
vt 0.2578125 0.26953125
vt 0.25390625 0.26953125
vt 0.25390625 0.2734375
vt 0.2578125 0.2734375
vt 0.26171875 0.2734375
vt 0.2578125 0.2734375
vt 0.2578125 0.26953125
vt 0.26171875 0.26953125
vn -0.5685787236454751 0.30692261530308523 -0.7632278449016368
vn 0.8148802245950705 0.08309540097751424 -0.5736422002435609
vn 0.5685787236454751 -0.30692261530308523 0.7632278449016368
vn -0.8148802245950705 -0.08309540097751424 0.5736422002435609
vn 0.11264304053766429 0.9481000277143234 0.29735144672008845
vn -0.11264304053766429 -0.9481000277143234 -0.29735144672008845
usemtl m_91fe65ba-4f97-40fd-8230-0084d13434eb
f 1356/4060/1015 1359/4059/1015 1357/4058/1015 1354/4057/1015
f 1355/4064/1016 1356/4063/1016 1354/4062/1016 1353/4061/1016
f 1360/4068/1017 1355/4067/1017 1353/4066/1017 1358/4065/1017
f 1359/4072/1018 1360/4071/1018 1358/4070/1018 1357/4069/1018
f 1358/4076/1019 1353/4075/1019 1354/4074/1019 1357/4073/1019
f 1359/4080/1020 1356/4079/1020 1355/4078/1020 1360/4077/1020
o cube
v -0.182184214820387 2.1549585436778367 -0.479403708740219
v -0.2036125254677759 2.166525689742072 -0.5081678581449495
v -0.2595418229096279 1.5038508496450254 -0.6836098147752397
v -0.28097013355701683 1.5154179957092604 -0.7123739641799702
v -0.24797256769417003 2.1620021838513583 -0.47694021086919064
v -0.22654425704678113 2.1504350377871235 -0.44817606146446015
v -0.32533017578341095 1.510894489818547 -0.6811463169042113
v -0.3039018651360221 1.4993273437543118 -0.652382167499481
vt 0.6484375 0.78125
vt 0.65234375 0.78125
vt 0.65234375 0.73828125
vt 0.6484375 0.73828125
vt 0.6484375 0.73828125
vt 0.65234375 0.73828125
vt 0.65234375 0.6953125
vt 0.6484375 0.6953125
vt 0.6484375 0.6953125
vt 0.65234375 0.6953125
vt 0.65234375 0.65234375
vt 0.6484375 0.65234375
vt 0.6484375 0.65234375
vt 0.65234375 0.65234375
vt 0.65234375 0.609375
vt 0.6484375 0.609375
vt 0.265625 0.26953125
vt 0.26171875 0.26953125
vt 0.26171875 0.2734375
vt 0.265625 0.2734375
vt 0.26953125 0.2734375
vt 0.265625 0.2734375
vt 0.265625 0.26953125
vt 0.26953125 0.26953125
vn -0.5685787236454751 0.30692261530308523 -0.7632278449016368
vn 0.8148802245950705 0.08309540097751424 -0.5736422002435609
vn 0.5685787236454751 -0.30692261530308523 0.7632278449016368
vn -0.8148802245950705 -0.08309540097751424 0.5736422002435609
vn 0.11264304053766429 0.9481000277143234 0.29735144672008845
vn -0.11264304053766429 -0.9481000277143234 -0.29735144672008845
usemtl m_91fe65ba-4f97-40fd-8230-0084d13434eb
f 1364/4084/1021 1367/4083/1021 1365/4082/1021 1362/4081/1021
f 1363/4088/1022 1364/4087/1022 1362/4086/1022 1361/4085/1022
f 1368/4092/1023 1363/4091/1023 1361/4090/1023 1366/4089/1023
f 1367/4096/1024 1368/4095/1024 1366/4094/1024 1365/4093/1024
f 1366/4100/1025 1361/4099/1025 1362/4098/1025 1365/4097/1025
f 1367/4104/1026 1364/4103/1026 1363/4102/1026 1368/4101/1026
o cube
v -0.1594491102215279 2.1265623591540317 -0.5242194583252582
v -0.1951629613005093 2.1458409359277564 -0.5721597073331423
v -0.24105195290103207 1.4397231453267367 -0.7396319970085423
v -0.2767658039800135 1.4590017221004616 -0.7875722460164264
v -0.23952300352690345 2.1413174300370432 -0.5409320600573835
v -0.20380915244792205 2.1220388532633185 -0.4929918110494994
v -0.3211258462064076 1.4544782162097483 -0.7563445987406675
v -0.2854119951274262 1.4351996394360231 -0.7084043497327834
vt 0.625 0.4375
vt 0.62890625 0.4375
vt 0.62890625 0.390625
vt 0.625 0.390625
vt 0.625 0.390625
vt 0.62890625 0.390625
vt 0.62890625 0.34375
vt 0.625 0.34375
vt 0.61328125 0.375
vt 0.6171875 0.375
vt 0.6171875 0.328125
vt 0.61328125 0.328125
vt 0.62890625 1
vt 0.6328125 1
vt 0.6328125 0.953125
vt 0.62890625 0.953125
vt 0.2734375 0.26953125
vt 0.26953125 0.26953125
vt 0.26953125 0.2734375
vt 0.2734375 0.2734375
vt 0.27734375 0.2734375
vt 0.2734375 0.2734375
vt 0.2734375 0.26953125
vt 0.27734375 0.26953125
vn -0.5685787236454751 0.30692261530308523 -0.7632278449016368
vn 0.8148802245950705 0.08309540097751424 -0.5736422002435609
vn 0.5685787236454751 -0.30692261530308523 0.7632278449016368
vn -0.8148802245950705 -0.08309540097751424 0.5736422002435609
vn 0.11264304053766429 0.9481000277143234 0.29735144672008845
vn -0.11264304053766429 -0.9481000277143234 -0.29735144672008845
usemtl m_91fe65ba-4f97-40fd-8230-0084d13434eb
f 1372/4108/1027 1375/4107/1027 1373/4106/1027 1370/4105/1027
f 1371/4112/1028 1372/4111/1028 1370/4110/1028 1369/4109/1028
f 1376/4116/1029 1371/4115/1029 1369/4114/1029 1374/4113/1029
f 1375/4120/1030 1376/4119/1030 1374/4118/1030 1373/4117/1030
f 1374/4124/1031 1369/4123/1031 1370/4122/1031 1373/4121/1031
f 1375/4128/1032 1372/4127/1032 1371/4126/1032 1376/4125/1032
o cube
v 0.17319894005235312 1.9045094390832324 -0.46755704047110924
v 0.2064172411354869 1.921311664050371 -0.518149924017651
v 0.2601715914366306 1.2068274020831615 -0.6421572253646828
v 0.2933898925197644 1.2236296270503 -0.6927501089112245
v 0.16067983068278138 1.9229861968882125 -0.5476240928966157
v 0.1274615295996476 1.906183971921074 -0.497031209350074
v 0.24765248206705887 1.2253041598881418 -0.7222242777901893
v 0.21443418098392508 1.2085019349210033 -0.6716313942436475
vt 0.015625 0.37109375
vt 0.01953125 0.37109375
vt 0.01953125 0.32421875
vt 0.015625 0.32421875
vt 0.01953125 0.37109375
vt 0.0234375 0.37109375
vt 0.0234375 0.32421875
vt 0.01953125 0.32421875
vt 0.0234375 0.37109375
vt 0.02734375 0.37109375
vt 0.02734375 0.32421875
vt 0.0234375 0.32421875
vt 0.02734375 0.37109375
vt 0.03125 0.37109375
vt 0.03125 0.32421875
vt 0.02734375 0.32421875
vt 0.28125 0.26953125
vt 0.27734375 0.26953125
vt 0.27734375 0.2734375
vt 0.28125 0.2734375
vt 0.28515625 0.2734375
vt 0.28125 0.2734375
vt 0.28125 0.26953125
vt 0.28515625 0.26953125
vn 0.528848574457852 0.2674981089295672 -0.8054588425320087
vn 0.8401820519440742 -0.03076064914519714 0.5414313456526241
vn -0.528848574457852 -0.2674981089295672 0.8054588425320087
vn -0.8401820519440742 0.03076064914519714 -0.5414313456526241
vn -0.1200554242212441 0.9630672583902287 0.2410148355014389
vn 0.1200554242212441 -0.9630672583902287 -0.2410148355014389
usemtl m_91fe65ba-4f97-40fd-8230-0084d13434eb
f 1380/4132/1033 1383/4131/1033 1381/4130/1033 1378/4129/1033
f 1379/4136/1034 1380/4135/1034 1378/4134/1034 1377/4133/1034
f 1384/4140/1035 1379/4139/1035 1377/4138/1035 1382/4137/1035
f 1383/4144/1036 1384/4143/1036 1382/4142/1036 1381/4141/1036
f 1382/4148/1037 1377/4147/1037 1378/4146/1037 1381/4145/1037
f 1383/4152/1038 1380/4151/1038 1379/4150/1038 1384/4149/1038
o cube
v 0.09450180925151372 2.143421029236425 -0.4710773530195427
v 0.11443278990139408 2.153502364216708 -0.5014330831474678
v 0.17694987183545313 1.4820345895369353 -0.6365942913001559
v 0.1968808524853335 1.4921159245172184 -0.666950021428081
v 0.06869537944868856 2.1551768970545497 -0.5309072520264325
v 0.0487643987988082 2.1450955620742667 -0.5005515218985074
v 0.15114344203262794 1.4937904573550602 -0.6964241903070457
v 0.13121246138274759 1.4837091223747771 -0.6660684601791206
vt 0.6484375 0.609375
vt 0.65234375 0.609375
vt 0.65234375 0.56640625
vt 0.6484375 0.56640625
vt 0.6484375 0.56640625
vt 0.65234375 0.56640625
vt 0.65234375 0.5234375
vt 0.6484375 0.5234375
vt 0.6484375 0.5234375
vt 0.65234375 0.5234375
vt 0.65234375 0.48046875
vt 0.6484375 0.48046875
vt 0.6484375 0.48046875
vt 0.65234375 0.48046875
vt 0.65234375 0.4375
vt 0.6484375 0.4375
vt 0.2890625 0.26953125
vt 0.28515625 0.26953125
vt 0.28515625 0.2734375
vt 0.2890625 0.2734375
vt 0.29296875 0.2734375
vt 0.2890625 0.2734375
vt 0.2890625 0.26953125
vt 0.29296875 0.26953125
vn 0.528848574457852 0.2674981089295672 -0.8054588425320087
vn 0.8401820519440742 -0.03076064914519714 0.5414313456526241
vn -0.528848574457852 -0.2674981089295672 0.8054588425320087
vn -0.8401820519440742 0.03076064914519714 -0.5414313456526241
vn -0.1200554242212441 0.9630672583902287 0.2410148355014389
vn 0.1200554242212441 -0.9630672583902287 -0.2410148355014389
usemtl m_91fe65ba-4f97-40fd-8230-0084d13434eb
f 1388/4156/1039 1391/4155/1039 1389/4154/1039 1386/4153/1039
f 1387/4160/1040 1388/4159/1040 1386/4158/1040 1385/4157/1040
f 1392/4164/1041 1387/4163/1041 1385/4162/1041 1390/4161/1041
f 1391/4168/1042 1392/4167/1042 1390/4166/1042 1389/4165/1042
f 1390/4172/1043 1385/4171/1043 1386/4170/1043 1389/4169/1043
f 1391/4176/1044 1388/4175/1044 1387/4174/1044 1392/4173/1044
o cube
v 0.14085268169363677 2.109197774746316 -0.46760673874260783
v 0.1740709827767707 2.1259999997134544 -0.5181996222891498
v 0.22782533307791428 1.4115157377462444 -0.6422069236361815
v 0.2610436341610482 1.428317962713383 -0.6927998071827235
v 0.12833357232406514 2.127674532551296 -0.5476737911681145
v 0.09511527124093122 2.1108723075841573 -0.49708090762157264
v 0.21530622370834265 1.4299924955512247 -0.7222739760616882
v 0.18208792262520873 1.4131902705840862 -0.6716810925151462
vt 0.03125 0.37109375
vt 0.03515625 0.37109375
vt 0.03515625 0.32421875
vt 0.03125 0.32421875
vt 0.03515625 0.37109375
vt 0.0390625 0.37109375
vt 0.0390625 0.32421875
vt 0.03515625 0.32421875
vt 0.62890625 0.9375
vt 0.6328125 0.9375
vt 0.6328125 0.890625
vt 0.62890625 0.890625
vt 0.0859375 0.37109375
vt 0.08984375 0.37109375
vt 0.08984375 0.32421875
vt 0.0859375 0.32421875
vt 0.296875 0.26953125
vt 0.29296875 0.26953125
vt 0.29296875 0.2734375
vt 0.296875 0.2734375
vt 0.30078125 0.2734375
vt 0.296875 0.2734375
vt 0.296875 0.26953125
vt 0.30078125 0.26953125
vn 0.528848574457852 0.2674981089295672 -0.8054588425320087
vn 0.8401820519440742 -0.03076064914519714 0.5414313456526241
vn -0.528848574457852 -0.2674981089295672 0.8054588425320087
vn -0.8401820519440742 0.03076064914519714 -0.5414313456526241
vn -0.1200554242212441 0.9630672583902287 0.2410148355014389
vn 0.1200554242212441 -0.9630672583902287 -0.2410148355014389
usemtl m_91fe65ba-4f97-40fd-8230-0084d13434eb
f 1396/4180/1045 1399/4179/1045 1397/4178/1045 1394/4177/1045
f 1395/4184/1046 1396/4183/1046 1394/4182/1046 1393/4181/1046
f 1400/4188/1047 1395/4187/1047 1393/4186/1047 1398/4185/1047
f 1399/4192/1048 1400/4191/1048 1398/4190/1048 1397/4189/1048
f 1398/4196/1049 1393/4195/1049 1394/4194/1049 1397/4193/1049
f 1399/4200/1050 1396/4199/1050 1395/4198/1050 1400/4197/1050
o cube
v -0.2982822677670288 1.9138971149260493 -0.48372962344673226
v -0.35067245606379216 1.9318663918028898 -0.5133570333065751
v -0.47014338447734133 1.2199330569431315 -0.6007225044148294
v -0.5225335727741047 1.2379023338199722 -0.6303499142746724
v -0.3777844572674599 1.9306252236640062 -0.4661676245517143
v -0.32539426897069657 1.9126559467871658 -0.43654021469187143
v -0.5496455739777725 1.2366611656810886 -0.5831605055198115
v -0.49725538568100913 1.2186918888042482 -0.5535330956599687
vt 0.08984375 0.37109375
vt 0.09375 0.37109375
vt 0.09375 0.32421875
vt 0.08984375 0.32421875
vt 0.09375 0.37109375
vt 0.09765625 0.37109375
vt 0.09765625 0.32421875
vt 0.09375 0.32421875
vt 0.09765625 0.37109375
vt 0.1015625 0.37109375
vt 0.1015625 0.32421875
vt 0.09765625 0.32421875
vt 0.1015625 0.37109375
vt 0.10546875 0.37109375
vt 0.10546875 0.32421875
vt 0.1015625 0.32421875
vt 0.3046875 0.26953125
vt 0.30078125 0.26953125
vt 0.30078125 0.2734375
vt 0.3046875 0.2734375
vt 0.30859375 0.2734375
vt 0.3046875 0.2734375
vt 0.3046875 0.26953125
vt 0.30859375 0.26953125
vn -0.8340726495007108 0.28607803983029867 -0.4716801569726233
vn 0.49803905770227824 0.022799873963415197 -0.8668548106518643
vn 0.8340726495007108 -0.28607803983029867 0.4716801569726233
vn -0.49803905770227824 -0.022799873963415197 0.8668548106518643
vn 0.2372338769187303 0.9579350295683453 0.16149478867134473
vn -0.2372338769187303 -0.9579350295683453 -0.16149478867134473
usemtl m_91fe65ba-4f97-40fd-8230-0084d13434eb
f 1404/4204/1051 1407/4203/1051 1405/4202/1051 1402/4201/1051
f 1403/4208/1052 1404/4207/1052 1402/4206/1052 1401/4205/1052
f 1408/4212/1053 1403/4211/1053 1401/4210/1053 1406/4209/1053
f 1407/4216/1054 1408/4215/1054 1406/4214/1054 1405/4213/1054
f 1406/4220/1055 1401/4219/1055 1402/4218/1055 1405/4217/1055
f 1407/4224/1056 1404/4223/1056 1403/4222/1056 1408/4221/1056
o cube
v -0.3001532760630038 2.1480134025468876 -0.3916946186667935
v -0.33158738904106194 2.158794968672992 -0.4094710645826993
v -0.4630736410369418 1.4901515209908265 -0.5026011647868395
v -0.4945077540149999 1.5009330871169309 -0.5203776107027452
v -0.3586993902447297 2.1575538005341084 -0.3622816558278384
v -0.32726527726667154 2.146772234408004 -0.3445052099119326
v -0.5216197552186677 1.4996919189780475 -0.47318820194788436
v -0.49018564224060956 1.488910352851943 -0.4554117560319786
vt 0.5625 0.3515625
vt 0.56640625 0.3515625
vt 0.56640625 0.30859375
vt 0.5625 0.30859375
vt 0.6484375 0.4375
vt 0.65234375 0.4375
vt 0.65234375 0.39453125
vt 0.6484375 0.39453125
vt 0.56640625 0.3515625
vt 0.5703125 0.3515625
vt 0.5703125 0.30859375
vt 0.56640625 0.30859375
vt 0.6484375 0.39453125
vt 0.65234375 0.39453125
vt 0.65234375 0.3515625
vt 0.6484375 0.3515625
vt 0.3125 0.26953125
vt 0.30859375 0.26953125
vt 0.30859375 0.2734375
vt 0.3125 0.2734375
vt 0.31640625 0.2734375
vt 0.3125 0.2734375
vt 0.3125 0.26953125
vt 0.31640625 0.26953125
vn -0.8340726495007108 0.28607803983029867 -0.4716801569726233
vn 0.49803905770227824 0.022799873963415197 -0.8668548106518643
vn 0.8340726495007108 -0.28607803983029867 0.4716801569726233
vn -0.49803905770227824 -0.022799873963415197 0.8668548106518643
vn 0.2372338769187303 0.9579350295683453 0.16149478867134473
vn -0.2372338769187303 -0.9579350295683453 -0.16149478867134473
usemtl m_91fe65ba-4f97-40fd-8230-0084d13434eb
f 1412/4228/1057 1415/4227/1057 1413/4226/1057 1410/4225/1057
f 1411/4232/1058 1412/4231/1058 1410/4230/1058 1409/4229/1058
f 1416/4236/1059 1411/4235/1059 1409/4234/1059 1414/4233/1059
f 1415/4240/1060 1416/4239/1060 1414/4238/1060 1413/4237/1060
f 1414/4244/1061 1409/4243/1061 1410/4242/1061 1413/4241/1061
f 1415/4248/1062 1412/4247/1062 1411/4246/1062 1416/4245/1062
o cube
v -0.29871667991744827 2.116459826217617 -0.44000598068286023
v -0.3511068682142118 2.1344291030944573 -0.4696333905427032
v -0.4705777966277609 1.4224957682346984 -0.5569988616509576
v -0.5229679849245245 1.440465045111539 -0.5866262715108005
v -0.3782188694178795 2.133187934955574 -0.42244398178784237
v -0.325828681121116 2.1152186580787333 -0.3928165719279994
v -0.5500799861281922 1.4392238769726555 -0.5394368627559396
v -0.4976897978314287 1.421254600095815 -0.5098094528960967
vt 0.10546875 0.37109375
vt 0.109375 0.37109375
vt 0.109375 0.32421875
vt 0.10546875 0.32421875
vt 0.62890625 0.890625
vt 0.6328125 0.890625
vt 0.6328125 0.84375
vt 0.62890625 0.84375
vt 0.1640625 0.37109375
vt 0.16796875 0.37109375
vt 0.16796875 0.32421875
vt 0.1640625 0.32421875
vt 0.16796875 0.37109375
vt 0.171875 0.37109375
vt 0.171875 0.32421875
vt 0.16796875 0.32421875
vt 0.3203125 0.26953125
vt 0.31640625 0.26953125
vt 0.31640625 0.2734375
vt 0.3203125 0.2734375
vt 0.32421875 0.2734375
vt 0.3203125 0.2734375
vt 0.3203125 0.26953125
vt 0.32421875 0.26953125
vn -0.8340726495007108 0.28607803983029867 -0.4716801569726233
vn 0.49803905770227824 0.022799873963415197 -0.8668548106518643
vn 0.8340726495007108 -0.28607803983029867 0.4716801569726233
vn -0.49803905770227824 -0.022799873963415197 0.8668548106518643
vn 0.2372338769187303 0.9579350295683453 0.16149478867134473
vn -0.2372338769187303 -0.9579350295683453 -0.16149478867134473
usemtl m_91fe65ba-4f97-40fd-8230-0084d13434eb
f 1420/4252/1063 1423/4251/1063 1421/4250/1063 1418/4249/1063
f 1419/4256/1064 1420/4255/1064 1418/4254/1064 1417/4253/1064
f 1424/4260/1065 1419/4259/1065 1417/4258/1065 1422/4257/1065
f 1423/4264/1066 1424/4263/1066 1422/4262/1066 1421/4261/1066
f 1422/4268/1067 1417/4267/1067 1418/4266/1067 1421/4265/1067
f 1423/4272/1068 1420/4271/1068 1419/4270/1068 1424/4269/1068
o cube
v 0.287398382440264 1.88847549324497 -0.1785984772192149
v 0.3480652770203858 1.903512049333274 -0.17236629948926585
v 0.4685253602854297 1.1919253316636573 -0.2611852903552933
v 0.5291922548655514 1.2069618877519614 -0.25495311262534426
v 0.3517729482402421 1.9108564430226405 -0.22617851428954183
v 0.29110605366012027 1.8958198869343366 -0.2324106920194909
v 0.5328999260854077 1.2143062814413277 -0.30876532742562024
v 0.4722330315052859 1.1992697253530238 -0.31499750515556935
vt 0.17578125 0.37109375
vt 0.1796875 0.37109375
vt 0.1796875 0.32421875
vt 0.17578125 0.32421875
vt 0.1796875 0.37109375
vt 0.18359375 0.37109375
vt 0.18359375 0.32421875
vt 0.1796875 0.32421875
vt 0.62890625 0.78125
vt 0.6328125 0.78125
vt 0.6328125 0.734375
vt 0.62890625 0.734375
vt 0.22265625 0.37109375
vt 0.2265625 0.37109375
vt 0.2265625 0.32421875
vt 0.22265625 0.32421875
vt 0.328125 0.26953125
vt 0.32421875 0.26953125
vt 0.32421875 0.2734375
vt 0.328125 0.2734375
vt 0.33203125 0.2734375
vt 0.328125 0.2734375
vt 0.328125 0.26953125
vt 0.33203125 0.26953125
vn 0.9658411077432332 0.23938795762473966 0.09921874992953739
vn -0.06810877097324934 -0.1349142353959393 0.9885137047123033
vn -0.9658411077432332 -0.23938795762473966 -0.09921874992953739
vn 0.06810877097324934 0.1349142353959393 -0.9885137047123033
vn -0.25002429863882775 0.9615048386939014 0.11400129498552809
vn 0.25002429863882775 -0.9615048386939014 -0.11400129498552809
usemtl m_91fe65ba-4f97-40fd-8230-0084d13434eb
f 1428/4276/1069 1431/4275/1069 1429/4274/1069 1426/4273/1069
f 1427/4280/1070 1428/4279/1070 1426/4278/1070 1425/4277/1070
f 1432/4284/1071 1427/4283/1071 1425/4282/1071 1430/4281/1071
f 1431/4288/1072 1432/4287/1072 1430/4286/1072 1429/4285/1072
f 1430/4292/1073 1425/4291/1073 1426/4290/1073 1429/4289/1073
f 1431/4296/1074 1428/4295/1074 1427/4294/1074 1432/4293/1074
o cube
v 0.25712116410306607 2.1341584623590113 -0.2234041425230669
v 0.29352130085113926 2.143180396011994 -0.21966483588509744
v 0.428825351193281 1.4738450143859747 -0.3016945318543783
v 0.4652254879413542 1.4828669480389571 -0.2979552252164088
v 0.2972289720709955 2.15052478970136 -0.2734770506853735
v 0.26082883532292234 2.141502856048378 -0.27721635732334293
v 0.4689331591612104 1.4902113417283236 -0.3517674400166848
v 0.43253302241313724 1.4811894080753412 -0.35550674665465426
vt 0.64453125 0.3515625
vt 0.6484375 0.3515625
vt 0.6484375 0.30859375
vt 0.64453125 0.30859375
vt 0.6484375 0.3515625
vt 0.65234375 0.3515625
vt 0.65234375 0.30859375
vt 0.6484375 0.30859375
vt 0.65234375 1
vt 0.65625 1
vt 0.65625 0.95703125
vt 0.65234375 0.95703125
vt 0.65234375 0.95703125
vt 0.65625 0.95703125
vt 0.65625 0.9140625
vt 0.65234375 0.9140625
vt 0.3359375 0.26953125
vt 0.33203125 0.26953125
vt 0.33203125 0.2734375
vt 0.3359375 0.2734375
vt 0.33984375 0.2734375
vt 0.3359375 0.2734375
vt 0.3359375 0.26953125
vt 0.33984375 0.26953125
vn 0.9658411077432332 0.23938795762473966 0.09921874992953739
vn -0.06810877097324934 -0.1349142353959393 0.9885137047123033
vn -0.9658411077432332 -0.23938795762473966 -0.09921874992953739
vn 0.06810877097324934 0.1349142353959393 -0.9885137047123033
vn -0.25002429863882775 0.9615048386939014 0.11400129498552809
vn 0.25002429863882775 -0.9615048386939014 -0.11400129498552809
usemtl m_91fe65ba-4f97-40fd-8230-0084d13434eb
f 1436/4300/1075 1439/4299/1075 1437/4298/1075 1434/4297/1075
f 1435/4304/1076 1436/4303/1076 1434/4302/1076 1433/4301/1076
f 1440/4308/1077 1435/4307/1077 1433/4306/1077 1438/4305/1077
f 1439/4312/1078 1440/4311/1078 1438/4310/1078 1437/4309/1078
f 1438/4316/1079 1433/4315/1079 1434/4314/1079 1437/4313/1079
f 1439/4320/1080 1436/4319/1080 1435/4318/1080 1440/4317/1080
o cube
v 0.27582527898953657 2.0952795263611907 -0.1850601193970165
v 0.33649217356965855 2.1103160824494944 -0.17882794166706742
v 0.4569522568347023 1.3987293647798775 -0.26764693253309496
v 0.5176191514148243 1.4137659208681814 -0.2614147548031459
v 0.3401998447895148 2.117660476138861 -0.23264015646734343
v 0.27953295020939284 2.102623920050557 -0.2388723341972925
v 0.5213268226346806 1.421110314557548 -0.3152269696034219
v 0.4606599280545586 1.406073758469244 -0.321459147333371
vt 0.2265625 0.37109375
vt 0.23046875 0.37109375
vt 0.23046875 0.32421875
vt 0.2265625 0.32421875
vt 0.23046875 0.37109375
vt 0.234375 0.37109375
vt 0.234375 0.32421875
vt 0.23046875 0.32421875
vt 0.234375 0.37109375
vt 0.23828125 0.37109375
vt 0.23828125 0.32421875
vt 0.234375 0.32421875
vt 0.2578125 0.37109375
vt 0.26171875 0.37109375
vt 0.26171875 0.32421875
vt 0.2578125 0.32421875
vt 0.34375 0.26953125
vt 0.33984375 0.26953125
vt 0.33984375 0.2734375
vt 0.34375 0.2734375
vt 0.34765625 0.2734375
vt 0.34375 0.2734375
vt 0.34375 0.26953125
vt 0.34765625 0.26953125
vn 0.9658411077432332 0.23938795762473966 0.09921874992953739
vn -0.06810877097324934 -0.1349142353959393 0.9885137047123033
vn -0.9658411077432332 -0.23938795762473966 -0.09921874992953739
vn 0.06810877097324934 0.1349142353959393 -0.9885137047123033
vn -0.25002429863882775 0.9615048386939014 0.11400129498552809
vn 0.25002429863882775 -0.9615048386939014 -0.11400129498552809
usemtl m_91fe65ba-4f97-40fd-8230-0084d13434eb
f 1444/4324/1081 1447/4323/1081 1445/4322/1081 1442/4321/1081
f 1443/4328/1082 1444/4327/1082 1442/4326/1082 1441/4325/1082
f 1448/4332/1083 1443/4331/1083 1441/4330/1083 1446/4329/1083
f 1447/4336/1084 1448/4335/1084 1446/4334/1084 1445/4333/1084
f 1446/4340/1085 1441/4339/1085 1442/4338/1085 1445/4337/1085
f 1447/4344/1086 1444/4343/1086 1443/4342/1086 1448/4341/1086
o cube
v -0.3911060536601203 1.8958198869343366 -0.2324106920194909
v -0.4517729482402421 1.9108564430226405 -0.22617851428954183
v -0.5722330315052859 1.1992697253530238 -0.31499750515556935
v -0.6328999260854078 1.2143062814413277 -0.30876532742562024
v -0.44806527702038584 1.903512049333274 -0.1723662994892658
v -0.38739838244026403 1.88847549324497 -0.17859847721921487
v -0.6291922548655515 1.2069618877519614 -0.25495311262534426
v -0.5685253602854297 1.1919253316636573 -0.2611852903552933
vt 0.26171875 0.37109375
vt 0.265625 0.37109375
vt 0.265625 0.32421875
vt 0.26171875 0.32421875
vt 0.62890625 0.734375
vt 0.6328125 0.734375
vt 0.6328125 0.6875
vt 0.62890625 0.6875
vt 0.62890625 0.6875
vt 0.6328125 0.6875
vt 0.6328125 0.640625
vt 0.62890625 0.640625
vt 0.62890625 0.640625
vt 0.6328125 0.640625
vt 0.6328125 0.59375
vt 0.62890625 0.59375
vt 0.3515625 0.26953125
vt 0.34765625 0.26953125
vt 0.34765625 0.2734375
vt 0.3515625 0.2734375
vt 0.35546875 0.2734375
vt 0.3515625 0.2734375
vt 0.3515625 0.26953125
vt 0.35546875 0.26953125
vn -0.9658411077432332 0.23938795762473966 0.09921874992953739
vn -0.06810877097324934 0.1349142353959393 -0.9885137047123033
vn 0.9658411077432332 -0.23938795762473966 -0.09921874992953739
vn 0.06810877097324934 -0.1349142353959393 0.9885137047123033
vn 0.25002429863882775 0.9615048386939014 0.11400129498552809
vn -0.25002429863882775 -0.9615048386939014 -0.11400129498552809
usemtl m_91fe65ba-4f97-40fd-8230-0084d13434eb
f 1452/4348/1087 1455/4347/1087 1453/4346/1087 1450/4345/1087
f 1451/4352/1088 1452/4351/1088 1450/4350/1088 1449/4349/1088
f 1456/4356/1089 1451/4355/1089 1449/4354/1089 1454/4353/1089
f 1455/4360/1090 1456/4359/1090 1454/4358/1090 1453/4357/1090
f 1454/4364/1091 1449/4363/1091 1450/4362/1091 1453/4361/1091
f 1455/4368/1092 1452/4367/1092 1451/4366/1092 1456/4365/1092
o cube
v -0.36082883532292237 2.141502856048378 -0.27721635732334293
v -0.39722897207099556 2.15052478970136 -0.2734770506853734
v -0.5325330224131373 1.4811894080753412 -0.35550674665465426
v -0.5689331591612105 1.4902113417283236 -0.3517674400166848
v -0.3935213008511393 2.143180396011994 -0.21966483588509744
v -0.3571211641030661 2.1341584623590113 -0.2234041425230669
v -0.5652254879413542 1.4828669480389571 -0.2979552252164088
v -0.528825351193281 1.4738450143859747 -0.3016945318543783
vt 0.65234375 0.9140625
vt 0.65625 0.9140625
vt 0.65625 0.87109375
vt 0.65234375 0.87109375
vt 0.65234375 0.87109375
vt 0.65625 0.87109375
vt 0.65625 0.828125
vt 0.65234375 0.828125
vt 0.65234375 0.8046875
vt 0.65625 0.8046875
vt 0.65625 0.76171875
vt 0.65234375 0.76171875
vt 0.65234375 0.76171875
vt 0.65625 0.76171875
vt 0.65625 0.71875
vt 0.65234375 0.71875
vt 0.359375 0.26953125
vt 0.35546875 0.26953125
vt 0.35546875 0.2734375
vt 0.359375 0.2734375
vt 0.36328125 0.2734375
vt 0.359375 0.2734375
vt 0.359375 0.26953125
vt 0.36328125 0.26953125
vn -0.9658411077432332 0.23938795762473966 0.09921874992953739
vn -0.06810877097324934 0.1349142353959393 -0.9885137047123033
vn 0.9658411077432332 -0.23938795762473966 -0.09921874992953739
vn 0.06810877097324934 -0.1349142353959393 0.9885137047123033
vn 0.25002429863882775 0.9615048386939014 0.11400129498552809
vn -0.25002429863882775 -0.9615048386939014 -0.11400129498552809
usemtl m_91fe65ba-4f97-40fd-8230-0084d13434eb
f 1460/4372/1093 1463/4371/1093 1461/4370/1093 1458/4369/1093
f 1459/4376/1094 1460/4375/1094 1458/4374/1094 1457/4373/1094
f 1464/4380/1095 1459/4379/1095 1457/4378/1095 1462/4377/1095
f 1463/4384/1096 1464/4383/1096 1462/4382/1096 1461/4381/1096
f 1462/4388/1097 1457/4387/1097 1458/4386/1097 1461/4385/1097
f 1463/4392/1098 1460/4391/1098 1459/4390/1098 1464/4389/1098
o cube
v -0.37953295020939287 2.102623920050557 -0.23887233419729248
v -0.44019984478951485 2.117660476138861 -0.2326401564673434
v -0.5606599280545586 1.406073758469244 -0.32145914733337094
v -0.6213268226346806 1.421110314557548 -0.3152269696034219
v -0.4364921735696586 2.1103160824494944 -0.17882794166706742
v -0.3758252789895366 2.0952795263611907 -0.1850601193970165
v -0.6176191514148244 1.4137659208681814 -0.2614147548031459
v -0.5569522568347024 1.3987293647798775 -0.26764693253309496
vt 0.62890625 0.59375
vt 0.6328125 0.59375
vt 0.6328125 0.546875
vt 0.62890625 0.546875
vt 0.62890625 0.546875
vt 0.6328125 0.546875
vt 0.6328125 0.5
vt 0.62890625 0.5
vt 0.62890625 0.5
vt 0.6328125 0.5
vt 0.6328125 0.453125
vt 0.62890625 0.453125
vt 0.62890625 0.453125
vt 0.6328125 0.453125
vt 0.6328125 0.40625
vt 0.62890625 0.40625
vt 0.3671875 0.26953125
vt 0.36328125 0.26953125
vt 0.36328125 0.2734375
vt 0.3671875 0.2734375
vt 0.37109375 0.2734375
vt 0.3671875 0.2734375
vt 0.3671875 0.26953125
vt 0.37109375 0.26953125
vn -0.9658411077432332 0.23938795762473966 0.09921874992953739
vn -0.06810877097324934 0.1349142353959393 -0.9885137047123033
vn 0.9658411077432332 -0.23938795762473966 -0.09921874992953739
vn 0.06810877097324934 -0.1349142353959393 0.9885137047123033
vn 0.25002429863882775 0.9615048386939014 0.11400129498552809
vn -0.25002429863882775 -0.9615048386939014 -0.11400129498552809
usemtl m_91fe65ba-4f97-40fd-8230-0084d13434eb
f 1468/4396/1099 1471/4395/1099 1469/4394/1099 1466/4393/1099
f 1467/4400/1100 1468/4399/1100 1466/4398/1100 1465/4397/1100
f 1472/4404/1101 1467/4403/1101 1465/4402/1101 1470/4401/1101
f 1471/4408/1102 1472/4407/1102 1470/4406/1102 1469/4405/1102
f 1470/4412/1103 1465/4411/1103 1466/4410/1103 1469/4409/1103
f 1471/4416/1104 1468/4415/1104 1467/4414/1104 1472/4413/1104
o cube
v 0.23956998608283087 1.9035734425269597 -0.3164344843827626
v 0.29493553998995314 1.9223321734729908 -0.33941655587560116
v 0.3918576682458499 1.22129232116417 -0.5064624420616233
v 0.44722322215297217 1.2400510521102013 -0.5294445135544618
v 0.2719122592683783 1.9307317494718537 -0.38802537271066606
v 0.21654670536125603 1.9119730185258224 -0.36504330121782746
v 0.4241999414313973 1.248450628109064 -0.5780533303895267
v 0.368834387524275 1.2296918971630326 -0.5550712588966882
vt 0.62890625 0.40625
vt 0.6328125 0.40625
vt 0.6328125 0.359375
vt 0.62890625 0.359375
vt 0.6328125 1
vt 0.63671875 1
vt 0.63671875 0.953125
vt 0.6328125 0.953125
vt 0.6328125 0.9375
vt 0.63671875 0.9375
vt 0.63671875 0.890625
vt 0.6328125 0.890625
vt 0.6328125 0.890625
vt 0.63671875 0.890625
vt 0.63671875 0.84375
vt 0.6328125 0.84375
vt 0.375 0.26953125
vt 0.37109375 0.26953125
vt 0.37109375 0.2734375
vt 0.375 0.2734375
vt 0.37890625 0.2734375
vt 0.375 0.2734375
vt 0.375 0.26953125
vt 0.37890625 0.26953125
vn 0.8814416542427437 0.2986464628223869 -0.36588372525912166
vn 0.42293052990263824 -0.15429760732698483 0.8929288970850037
vn -0.8814416542427437 -0.2986464628223869 0.36588372525912166
vn -0.42293052990263824 0.15429760732698483 -0.8929288970850037
vn -0.21021507329896505 0.9418081219743458 0.26231104502301544
vn 0.21021507329896505 -0.9418081219743458 -0.26231104502301544
usemtl m_91fe65ba-4f97-40fd-8230-0084d13434eb
f 1476/4420/1105 1479/4419/1105 1477/4418/1105 1474/4417/1105
f 1475/4424/1106 1476/4423/1106 1474/4422/1106 1473/4421/1106
f 1480/4428/1107 1475/4427/1107 1473/4426/1107 1478/4425/1107
f 1479/4432/1108 1480/4431/1108 1478/4430/1108 1477/4429/1108
f 1478/4436/1109 1473/4435/1109 1474/4434/1109 1477/4433/1109
f 1479/4440/1110 1476/4439/1110 1475/4438/1110 1480/4437/1110
o cube
v 0.17966210864622145 2.1475049431713953 -0.3303214610387491
v 0.21288144099049494 2.158760181739014 -0.3441107039344523
v 0.32402731023428577 1.5007182154055134 -0.5104635712083049
v 0.3572466425785593 1.5119734539731322 -0.5242528141040081
v 0.1898581602689201 2.1671597577378767 -0.3927195207695171
v 0.15663882792464662 2.1559045191702584 -0.37893027787381395
v 0.3342233618569844 1.520373029971995 -0.572861630939073
v 0.3010040295127109 1.5091177914043763 -0.5590723880433698
vt 0.25390625 0.34765625
vt 0.2578125 0.34765625
vt 0.2578125 0.3046875
vt 0.25390625 0.3046875
vt 0.65234375 0.71875
vt 0.65625 0.71875
vt 0.65625 0.67578125
vt 0.65234375 0.67578125
vt 0.65234375 0.67578125
vt 0.65625 0.67578125
vt 0.65625 0.6328125
vt 0.65234375 0.6328125
vt 0.65234375 0.6328125
vt 0.65625 0.6328125
vt 0.65625 0.58984375
vt 0.65234375 0.58984375
vt 0.3828125 0.26953125
vt 0.37890625 0.26953125
vt 0.37890625 0.2734375
vt 0.3828125 0.2734375
vt 0.38671875 0.2734375
vt 0.3828125 0.2734375
vt 0.3828125 0.26953125
vt 0.38671875 0.26953125
vn 0.8814416542427437 0.2986464628223869 -0.36588372525912166
vn 0.42293052990263824 -0.15429760732698483 0.8929288970850037
vn -0.8814416542427437 -0.2986464628223869 0.36588372525912166
vn -0.42293052990263824 0.15429760732698483 -0.8929288970850037
vn -0.21021507329896505 0.9418081219743458 0.26231104502301544
vn 0.21021507329896505 -0.9418081219743458 -0.26231104502301544
usemtl m_91fe65ba-4f97-40fd-8230-0084d13434eb
f 1484/4444/1111 1487/4443/1111 1485/4442/1111 1482/4441/1111
f 1483/4448/1112 1484/4447/1112 1482/4446/1112 1481/4445/1112
f 1488/4452/1113 1483/4451/1113 1481/4450/1113 1486/4449/1113
f 1487/4456/1114 1488/4455/1114 1486/4454/1114 1485/4453/1114
f 1486/4460/1115 1481/4459/1115 1482/4458/1115 1485/4457/1115
f 1487/4464/1116 1484/4463/1116 1483/4462/1116 1488/4461/1116
o cube
v 0.21636791594227367 2.1093010834568755 -0.3074123252811873
v 0.2717334698493961 2.1280598144029073 -0.33039439677402593
v 0.3686555981052928 1.4270199620940858 -0.497440282960048
v 0.4240211520124152 1.445778693040117 -0.5204223544528866
v 0.24871018912782128 2.13645939040177 -0.37900321360909073
v 0.19334463522069884 2.1177006594557386 -0.35602114211625213
v 0.4009978712908403 1.4541782690389797 -0.5690311712879516
v 0.3456323173837179 1.4354195380929484 -0.5460490997951128
vt 0.6328125 0.78125
vt 0.63671875 0.78125
vt 0.63671875 0.734375
vt 0.6328125 0.734375
vt 0.6328125 0.734375
vt 0.63671875 0.734375
vt 0.63671875 0.6875
vt 0.6328125 0.6875
vt 0.6328125 0.6875
vt 0.63671875 0.6875
vt 0.63671875 0.640625
vt 0.6328125 0.640625
vt 0.6328125 0.640625
vt 0.63671875 0.640625
vt 0.63671875 0.59375
vt 0.6328125 0.59375
vt 0.390625 0.26953125
vt 0.38671875 0.26953125
vt 0.38671875 0.2734375
vt 0.390625 0.2734375
vt 0.39453125 0.2734375
vt 0.390625 0.2734375
vt 0.390625 0.26953125
vt 0.39453125 0.26953125
vn 0.8814416542427437 0.2986464628223869 -0.36588372525912166
vn 0.42293052990263824 -0.15429760732698483 0.8929288970850037
vn -0.8814416542427437 -0.2986464628223869 0.36588372525912166
vn -0.42293052990263824 0.15429760732698483 -0.8929288970850037
vn -0.21021507329896505 0.9418081219743458 0.26231104502301544
vn 0.21021507329896505 -0.9418081219743458 -0.26231104502301544
usemtl m_91fe65ba-4f97-40fd-8230-0084d13434eb
f 1492/4468/1117 1495/4467/1117 1493/4466/1117 1490/4465/1117
f 1491/4472/1118 1492/4471/1118 1490/4470/1118 1489/4469/1118
f 1496/4476/1119 1491/4475/1119 1489/4474/1119 1494/4473/1119
f 1495/4480/1120 1496/4479/1120 1494/4478/1120 1493/4477/1120
f 1494/4484/1121 1489/4483/1121 1490/4482/1121 1493/4481/1121
f 1495/4488/1122 1492/4487/1122 1491/4486/1122 1496/4485/1122
o cube
v 0.3566470508664821 2.0946898729590924 0.047681085922019445
v 0.367461009455641 2.156018904991511 0.039482410062556705
v 1.0049096224292378 1.991835195641813 0.13334208971634523
v 1.0157235810183969 2.0531642276742312 0.1251434138568825
v 0.3732352752248216 2.147847339934948 -0.014027633719926103
v 0.3624213166356627 2.0865183079025296 -0.005828957860463335
v 1.0214978467875775 2.0449926626176684 0.07163337007439968
v 1.0106838881984184 1.9836636305852497 0.07983204593386242
vt 0.65234375 0.58984375
vt 0.65625 0.58984375
vt 0.65625 0.546875
vt 0.65234375 0.546875
vt 0.65234375 0.546875
vt 0.65625 0.546875
vt 0.65625 0.50390625
vt 0.65234375 0.50390625
vt 0.65234375 0.50390625
vt 0.65625 0.50390625
vt 0.65625 0.4609375
vt 0.65234375 0.4609375
vt 0.65234375 0.4609375
vt 0.65625 0.4609375
vt 0.65625 0.41796875
vt 0.65234375 0.41796875
vt 0.3984375 0.26953125
vt 0.39453125 0.26953125
vt 0.39453125 0.2734375
vt 0.3984375 0.2734375
vt 0.40234375 0.2734375
vt 0.3984375 0.2734375
vt 0.3984375 0.26953125
vt 0.40234375 0.26953125
vn 0.17216252480253233 0.9763825995210909 -0.1305261828372181
vn -0.10607147222375454 0.15010911699771615 0.982962916784988
vn -0.17216252480253233 -0.9763825995210909 0.1305261828372181
vn 0.10607147222375454 -0.15010911699771615 -0.982962916784988
vn -0.9793410579741375 0.15538427316367429 -0.12940950436306423
vn 0.9793410579741375 -0.15538427316367429 0.12940950436306423
usemtl m_91fe65ba-4f97-40fd-8230-0084d13434eb
f 1500/4492/1123 1503/4491/1123 1501/4490/1123 1498/4489/1123
f 1499/4496/1124 1500/4495/1124 1498/4494/1124 1497/4493/1124
f 1504/4500/1125 1499/4499/1125 1497/4498/1125 1502/4497/1125
f 1503/4504/1126 1504/4503/1126 1502/4502/1126 1501/4501/1126
f 1502/4508/1127 1497/4507/1127 1498/4506/1127 1501/4505/1127
f 1503/4512/1128 1500/4511/1128 1499/4510/1128 1504/4509/1128
o cube
v 0.13521130274580928 2.1449952947791115 -0.06057764534709298
v 0.1416996778993047 2.1817927139985627 -0.06549685086277066
v 0.7465649581861646 2.047996662256688 0.020206237751549783
v 0.7530533333396601 2.084794081476139 0.015287032235872133
v 0.14747394366848532 2.173621148942 -0.11900689464525344
v 0.1409855685149899 2.1368237297225483 -0.11408768912957579
v 0.7588275991088408 2.076622516419576 -0.03822301154661065
v 0.7523392239553454 2.039825097200125 -0.03330380603093297
vt 0.390625 0.546875
vt 0.39453125 0.546875
vt 0.39453125 0.5078125
vt 0.390625 0.5078125
vt 0.5234375 0.71484375
vt 0.52734375 0.71484375
vt 0.52734375 0.67578125
vt 0.5234375 0.67578125
vt 0.16015625 0.328125
vt 0.1640625 0.328125
vt 0.1640625 0.2890625
vt 0.16015625 0.2890625
vt 0.671875 0.75
vt 0.67578125 0.75
vt 0.67578125 0.7109375
vt 0.671875 0.7109375
vt 0.40625 0.26953125
vt 0.40234375 0.26953125
vt 0.40234375 0.2734375
vt 0.40625 0.2734375
vt 0.41015625 0.2734375
vt 0.40625 0.2734375
vt 0.40625 0.26953125
vt 0.41015625 0.26953125
vn 0.17216252480253233 0.9763825995210909 -0.1305261828372181
vn -0.10607147222375454 0.15010911699771615 0.982962916784988
vn -0.17216252480253233 -0.9763825995210909 0.1305261828372181
vn 0.10607147222375454 -0.15010911699771615 -0.982962916784988
vn -0.9793410579741375 0.15538427316367429 -0.12940950436306423
vn 0.9793410579741375 -0.15538427316367429 0.12940950436306423
usemtl m_91fe65ba-4f97-40fd-8230-0084d13434eb
f 1508/4516/1129 1511/4515/1129 1509/4514/1129 1506/4513/1129
f 1507/4520/1130 1508/4519/1130 1506/4518/1130 1505/4517/1130
f 1512/4524/1131 1507/4523/1131 1505/4522/1131 1510/4521/1131
f 1511/4528/1132 1512/4527/1132 1510/4526/1132 1509/4525/1132
f 1510/4532/1133 1505/4531/1133 1506/4530/1133 1509/4529/1133
f 1511/4536/1134 1508/4535/1134 1507/4534/1134 1512/4533/1134
o cube
v 0.16984126768667185 2.157690875665019 -0.01617868768293121
v 0.18065522627583075 2.2190199076974375 -0.02437736354239395
v 0.8181038392494271 2.054836198347739 0.06948231611139452
v 0.8289177978385862 2.1161652303801577 0.06128364025193178
v 0.18642949204501136 2.2108483426408743 -0.0778874073248767
v 0.17561553345585246 2.1495193106084556 -0.06968873146541399
v 0.8346920636077668 2.1079936653235944 0.007773596469449029
v 0.8238781050186077 2.046664633291176 0.01597227232891177
vt 0.65234375 0.41796875
vt 0.65625 0.41796875
vt 0.65625 0.375
vt 0.65234375 0.375
vt 0.65234375 0.375
vt 0.65625 0.375
vt 0.65625 0.33203125
vt 0.65234375 0.33203125
vt 0.65625 1
vt 0.66015625 1
vt 0.66015625 0.95703125
vt 0.65625 0.95703125
vt 0.65625 0.95703125
vt 0.66015625 0.95703125
vt 0.66015625 0.9140625
vt 0.65625 0.9140625
vt 0.4140625 0.26953125
vt 0.41015625 0.26953125
vt 0.41015625 0.2734375
vt 0.4140625 0.2734375
vt 0.41796875 0.2734375
vt 0.4140625 0.2734375
vt 0.4140625 0.26953125
vt 0.41796875 0.26953125
vn 0.17216252480253233 0.9763825995210909 -0.1305261828372181
vn -0.10607147222375454 0.15010911699771615 0.982962916784988
vn -0.17216252480253233 -0.9763825995210909 0.1305261828372181
vn 0.10607147222375454 -0.15010911699771615 -0.982962916784988
vn -0.9793410579741375 0.15538427316367429 -0.12940950436306423
vn 0.9793410579741375 -0.15538427316367429 0.12940950436306423
usemtl m_91fe65ba-4f97-40fd-8230-0084d13434eb
f 1516/4540/1135 1519/4539/1135 1517/4538/1135 1514/4537/1135
f 1515/4544/1136 1516/4543/1136 1514/4542/1136 1513/4541/1136
f 1520/4548/1137 1515/4547/1137 1513/4546/1137 1518/4545/1137
f 1519/4552/1138 1520/4551/1138 1518/4550/1138 1517/4549/1138
f 1518/4556/1139 1513/4555/1139 1514/4554/1139 1517/4553/1139
f 1519/4560/1140 1516/4559/1140 1515/4558/1140 1520/4557/1140
o cube
v 0.3432597831375206 2.081908752537183 0.10437733295221718
v 0.3591412046441287 2.142351787005272 0.09806621645282532
v 0.9486762475051458 1.9469692541650743 0.3355125538899563
v 0.9645576690117541 2.0074122886331627 0.32920143739056446
v 0.37631761359586324 2.1325431141141387 0.047349332499968755
v 0.36043619208925515 2.0721000796460496 0.05366044899936062
v 0.9817340779634884 1.9976036157420294 0.2784845534377079
v 0.9658526564568803 1.9371605812739408 0.28479566993709976
vt 0.65625 0.9140625
vt 0.66015625 0.9140625
vt 0.66015625 0.87109375
vt 0.65625 0.87109375
vt 0.65625 0.87109375
vt 0.66015625 0.87109375
vt 0.66015625 0.828125
vt 0.65625 0.828125
vt 0.65625 0.8046875
vt 0.66015625 0.8046875
vt 0.66015625 0.76171875
vt 0.65625 0.76171875
vt 0.65625 0.76171875
vt 0.66015625 0.76171875
vt 0.66015625 0.71875
vt 0.65625 0.71875
vt 0.421875 0.26953125
vt 0.41796875 0.26953125
vt 0.41796875 0.2734375
vt 0.421875 0.2734375
vt 0.42578125 0.2734375
vt 0.421875 0.2734375
vt 0.421875 0.26953125
vt 0.42578125 0.26953125
vn 0.25283855134898675 0.9622771656611121 -0.1004754865574821
vn -0.31552530795379075 0.1801822804341403 0.9316534365622328
vn -0.25283855134898675 -0.9622771656611121 0.1004754865574821
vn 0.31552530795379075 -0.1801822804341403 -0.9316534365622328
vn -0.9146127306091971 0.2038553464218435 -0.34917982579584794
vn 0.9146127306091971 -0.2038553464218435 0.34917982579584794
usemtl m_91fe65ba-4f97-40fd-8230-0084d13434eb
f 1524/4564/1141 1527/4563/1141 1525/4562/1141 1522/4561/1141
f 1523/4568/1142 1524/4567/1142 1522/4566/1142 1521/4565/1142
f 1528/4572/1143 1523/4571/1143 1521/4570/1143 1526/4569/1143
f 1527/4576/1144 1528/4575/1144 1526/4574/1144 1525/4573/1144
f 1526/4580/1145 1521/4579/1145 1522/4578/1145 1525/4577/1145
f 1527/4584/1146 1524/4583/1146 1523/4582/1146 1528/4581/1146
o cube
v 0.15508844568989844 2.1411624499357593 -0.051715351098064355
v 0.1646172985938632 2.1774282706166126 -0.05550202099769941
v 0.7260354427726894 2.013905749931923 0.16626015515499382
v 0.7355642956766544 2.0501715706127763 0.16247348525535865
v 0.18179370754559776 2.167619597725479 -0.10621890495055597
v 0.17226485464163277 2.131353777044626 -0.10243223505092092
v 0.7527407046283888 2.040362897721643 0.11175660130250209
v 0.7432118517244238 2.0040970770407895 0.11554327120213725
vt 0.671875 0.7109375
vt 0.67578125 0.7109375
vt 0.67578125 0.671875
vt 0.671875 0.671875
vt 0.671875 0.671875
vt 0.67578125 0.671875
vt 0.67578125 0.6328125
vt 0.671875 0.6328125
vt 0.3359375 0.328125
vt 0.33984375 0.328125
vt 0.33984375 0.2890625
vt 0.3359375 0.2890625
vt 0.33984375 0.328125
vt 0.34375 0.328125
vt 0.34375 0.2890625
vt 0.33984375 0.2890625
vt 0.4296875 0.26953125
vt 0.42578125 0.26953125
vt 0.42578125 0.2734375
vt 0.4296875 0.2734375
vt 0.73046875 0.57421875
vt 0.7265625 0.57421875
vt 0.7265625 0.5703125
vt 0.73046875 0.5703125
vn 0.25283855134898675 0.9622771656611121 -0.1004754865574821
vn -0.31552530795379075 0.1801822804341403 0.9316534365622328
vn -0.25283855134898675 -0.9622771656611121 0.1004754865574821
vn 0.31552530795379075 -0.1801822804341403 -0.9316534365622328
vn -0.9146127306091971 0.2038553464218435 -0.34917982579584794
vn 0.9146127306091971 -0.2038553464218435 0.34917982579584794
usemtl m_91fe65ba-4f97-40fd-8230-0084d13434eb
f 1532/4588/1147 1535/4587/1147 1533/4586/1147 1530/4585/1147
f 1531/4592/1148 1532/4591/1148 1530/4590/1148 1529/4589/1148
f 1536/4596/1149 1531/4595/1149 1529/4594/1149 1534/4593/1149
f 1535/4600/1150 1536/4599/1150 1534/4598/1150 1533/4597/1150
f 1534/4604/1151 1529/4603/1151 1530/4602/1151 1533/4601/1151
f 1535/4608/1152 1532/4607/1152 1531/4606/1152 1536/4605/1152
o cube
v 0.17952157500548926 2.1531133914542835 -0.0008048720572182422
v 0.19540299651209736 2.2135564259223717 -0.007115988556610109
v 0.784938039373114 2.0181738930821744 0.23033034888052079
v 0.8008194608797223 2.0786169275502626 0.22401923238112892
v 0.21257940546383192 2.203747753031238 -0.05783287250946667
v 0.19669798395722382 2.14330471856315 -0.051521756010074804
v 0.8179958698314567 2.068808254659129 0.1733023484282724
v 0.8021144483248486 2.008365220191041 0.17961346492766428
vt 0.65625 0.71875
vt 0.66015625 0.71875
vt 0.66015625 0.67578125
vt 0.65625 0.67578125
vt 0.65625 0.67578125
vt 0.66015625 0.67578125
vt 0.66015625 0.6328125
vt 0.65625 0.6328125
vt 0.65625 0.6328125
vt 0.66015625 0.6328125
vt 0.66015625 0.58984375
vt 0.65625 0.58984375
vt 0.65625 0.58984375
vt 0.66015625 0.58984375
vt 0.66015625 0.546875
vt 0.65625 0.546875
vt 0.43359375 0.26953125
vt 0.4296875 0.26953125
vt 0.4296875 0.2734375
vt 0.43359375 0.2734375
vt 0.73046875 0.5703125
vt 0.7265625 0.5703125
vt 0.7265625 0.56640625
vt 0.73046875 0.56640625
vn 0.25283855134898675 0.9622771656611121 -0.1004754865574821
vn -0.31552530795379075 0.1801822804341403 0.9316534365622328
vn -0.25283855134898675 -0.9622771656611121 0.1004754865574821
vn 0.31552530795379075 -0.1801822804341403 -0.9316534365622328
vn -0.9146127306091971 0.2038553464218435 -0.34917982579584794
vn 0.9146127306091971 -0.2038553464218435 0.34917982579584794
usemtl m_91fe65ba-4f97-40fd-8230-0084d13434eb
f 1540/4612/1153 1543/4611/1153 1541/4610/1153 1538/4609/1153
f 1539/4616/1154 1540/4615/1154 1538/4614/1154 1537/4613/1154
f 1544/4620/1155 1539/4619/1155 1537/4618/1155 1542/4617/1155
f 1543/4624/1156 1544/4623/1156 1542/4622/1156 1541/4621/1156
f 1542/4628/1157 1537/4627/1157 1538/4626/1157 1541/4625/1157
f 1543/4632/1158 1540/4631/1158 1539/4630/1158 1544/4629/1158
o cube
v 0.37454753954097564 2.084553661890957 -0.004530546146690434
v 0.3853615083809998 2.1458826921607095 -0.012729221670742447
v 1.0226404880862658 1.9626308877898793 -0.06172863271975443
v 1.0334544569262898 2.0239599180596324 -0.06992730824380644
v 0.37945988274347764 2.1397356313387736 -0.06649562255769007
v 0.36864591390345347 2.0784066010690205 -0.05829694703363806
v 1.0275528312887676 2.0178128572376965 -0.12369370913075406
v 1.0167388624487437 1.9564838269679432 -0.11549503360670205
vt 0.65625 0.546875
vt 0.66015625 0.546875
vt 0.66015625 0.50390625
vt 0.65625 0.50390625
vt 0.65625 0.50390625
vt 0.66015625 0.50390625
vt 0.66015625 0.4609375
vt 0.65625 0.4609375
vt 0.65625 0.4609375
vt 0.66015625 0.4609375
vt 0.66015625 0.41796875
vt 0.65625 0.41796875
vt 0.5703125 0.34375
vt 0.57421875 0.34375
vt 0.57421875 0.30078125
vt 0.5703125 0.30078125
vt 0.4375 0.26953125
vt 0.43359375 0.26953125
vt 0.43359375 0.2734375
vt 0.4375 0.2734375
vt 0.73046875 0.56640625
vt 0.7265625 0.56640625
vt 0.7265625 0.5625
vt 0.73046875 0.5625
vn 0.17216268800038217 0.976382571458757 -0.13052617749734569
vn 0.10841103352509075 0.11291960178068679 0.9876721173262475
vn -0.17216268800038217 -0.976382571458757 0.13052617749734569
vn -0.10841103352509075 -0.11291960178068679 -0.9876721173262475
vn -0.9790848056580721 0.18419076438648227 0.0864101015172338
vn 0.9790848056580721 -0.18419076438648227 -0.0864101015172338
usemtl m_91fe65ba-4f97-40fd-8230-0084d13434eb
f 1548/4636/1159 1551/4635/1159 1549/4634/1159 1546/4633/1159
f 1547/4640/1160 1548/4639/1160 1546/4638/1160 1545/4637/1160
f 1552/4644/1161 1547/4643/1161 1545/4642/1161 1550/4641/1161
f 1551/4648/1162 1552/4647/1162 1550/4646/1162 1549/4645/1162
f 1550/4652/1163 1545/4651/1163 1546/4650/1163 1549/4649/1163
f 1551/4656/1164 1548/4655/1164 1547/4654/1164 1552/4653/1164
o cube
v 0.1370063408745208 2.1445379920891368 -0.06163079109388245
v 0.1434947221785352 2.181335410250989 -0.06654999640831369
v 0.7482000308065719 2.0295569074208757 -0.11557229696601566
v 0.7546884121105863 2.0663543255827275 -0.12049150228044689
v 0.13759309654101304 2.175188349429053 -0.12031639729526128
v 0.13110471523699863 2.138390931267201 -0.11539719198083007
v 0.7487867864730643 2.060207264760791 -0.17425790316739448
v 0.7422984051690499 2.0234098465989394 -0.16933869785296327
vt 0.34375 0.328125
vt 0.34765625 0.328125
vt 0.34765625 0.2890625
vt 0.34375 0.2890625
vt 0.34765625 0.328125
vt 0.3515625 0.328125
vt 0.3515625 0.2890625
vt 0.34765625 0.2890625
vt 0.3515625 0.328125
vt 0.35546875 0.328125
vt 0.35546875 0.2890625
vt 0.3515625 0.2890625
vt 0.35546875 0.328125
vt 0.359375 0.328125
vt 0.359375 0.2890625
vt 0.35546875 0.2890625
vt 0.44140625 0.26953125
vt 0.4375 0.26953125
vt 0.4375 0.2734375
vt 0.44140625 0.2734375
vt 0.73046875 0.5625
vt 0.7265625 0.5625
vt 0.7265625 0.55859375
vt 0.73046875 0.55859375
vn 0.17216268800038217 0.976382571458757 -0.13052617749734569
vn 0.10841103352509075 0.11291960178068679 0.9876721173262475
vn -0.17216268800038217 -0.976382571458757 0.13052617749734569
vn -0.10841103352509075 -0.11291960178068679 -0.9876721173262475
vn -0.9790848056580721 0.18419076438648227 0.0864101015172338
vn 0.9790848056580721 -0.18419076438648227 -0.0864101015172338
usemtl m_91fe65ba-4f97-40fd-8230-0084d13434eb
f 1556/4660/1165 1559/4659/1165 1557/4658/1165 1554/4657/1165
f 1555/4664/1166 1556/4663/1166 1554/4662/1166 1553/4661/1166
f 1560/4668/1167 1555/4667/1167 1553/4666/1167 1558/4665/1167
f 1559/4672/1168 1560/4671/1168 1558/4670/1168 1557/4669/1168
f 1558/4676/1169 1553/4675/1169 1554/4674/1169 1557/4673/1169
f 1559/4680/1170 1556/4679/1170 1555/4678/1170 1560/4677/1170
o cube
v 0.1806081052846269 2.1545906170348386 -0.025168336986586992
v 0.19142207412465106 2.2159196473045917 -0.033367012510639005
v 0.8287010538299167 2.0326678429337615 -0.08236642355965093
v 0.8395150226699406 2.0939968732035146 -0.09056509908370294
v 0.1855204484871289 2.2097725864826554 -0.0871334133975866
v 0.17470647964710473 2.1484435562129023 -0.07893473787353458
v 0.8336133970324185 2.0878498123815783 -0.1443314999706505
v 0.8227994281923946 2.026520782111825 -0.1361328244465985
vt 0.57421875 0.34375
vt 0.578125 0.34375
vt 0.578125 0.30078125
vt 0.57421875 0.30078125
vt 0.578125 0.34375
vt 0.58203125 0.34375
vt 0.58203125 0.30078125
vt 0.578125 0.30078125
vt 0.58203125 0.34375
vt 0.5859375 0.34375
vt 0.5859375 0.30078125
vt 0.58203125 0.30078125
vt 0.65625 0.41796875
vt 0.66015625 0.41796875
vt 0.66015625 0.375
vt 0.65625 0.375
vt 0.4453125 0.26953125
vt 0.44140625 0.26953125
vt 0.44140625 0.2734375
vt 0.4453125 0.2734375
vt 0.73046875 0.55859375
vt 0.7265625 0.55859375
vt 0.7265625 0.5546875
vt 0.73046875 0.5546875
vn 0.17216268800038217 0.976382571458757 -0.13052617749734569
vn 0.10841103352509075 0.11291960178068679 0.9876721173262475
vn -0.17216268800038217 -0.976382571458757 0.13052617749734569
vn -0.10841103352509075 -0.11291960178068679 -0.9876721173262475
vn -0.9790848056580721 0.18419076438648227 0.0864101015172338
vn 0.9790848056580721 -0.18419076438648227 -0.0864101015172338
usemtl m_91fe65ba-4f97-40fd-8230-0084d13434eb
f 1564/4684/1171 1567/4683/1171 1565/4682/1171 1562/4681/1171
f 1563/4688/1172 1564/4687/1172 1562/4686/1172 1561/4685/1172
f 1568/4692/1173 1563/4691/1173 1561/4690/1173 1566/4689/1173
f 1567/4696/1174 1568/4695/1174 1566/4694/1174 1565/4693/1174
f 1566/4700/1175 1561/4699/1175 1562/4698/1175 1565/4697/1175
f 1567/4704/1176 1564/4703/1176 1563/4702/1176 1568/4701/1176
o cube
v 0.39609479206147125 2.051831774825284 -0.11342062921642071
v 0.4120430848946568 2.111827058821193 -0.12299288131334735
v 1.0095668988261932 1.8629590670838652 -0.27510033851331517
v 1.025515191659379 1.9229543510797746 -0.28467259061024175
v 0.3969758573262079 2.107514534245249 -0.17512561758752015
v 0.38102756449302233 2.04751925024934 -0.16555336549059352
v 1.0104479640909299 1.9186418265038305 -0.33680532688441456
v 0.9944996712577441 1.858646542507921 -0.327233074787488
vt 0.5859375 0.34375
vt 0.58984375 0.34375
vt 0.58984375 0.30078125
vt 0.5859375 0.30078125
vt 0.58984375 0.34375
vt 0.59375 0.34375
vt 0.59375 0.30078125
vt 0.58984375 0.30078125
vt 0.59375 0.34375
vt 0.59765625 0.34375
vt 0.59765625 0.30078125
vt 0.59375 0.30078125
vt 0.59765625 0.34375
vt 0.6015625 0.34375
vt 0.6015625 0.30078125
vt 0.59765625 0.30078125
vt 0.44921875 0.26953125
vt 0.4453125 0.26953125
vt 0.4453125 0.2734375
vt 0.44921875 0.2734375
vt 0.73046875 0.5546875
vt 0.7265625 0.5546875
vt 0.7265625 0.55078125
vt 0.73046875 0.55078125
vn 0.2539031694835536 0.9551487999348784 -0.15239406323465293
vn 0.27678029976484886 0.07921973962698554 0.957662204806848
vn -0.2539031694835536 -0.9551487999348784 0.15239406323465293
vn -0.27678029976484886 -0.07921973962698554 -0.957662204806848
vn -0.9267825236743982 0.2853331435995374 0.2442522281890577
vn 0.9267825236743982 -0.2853331435995374 -0.2442522281890577
usemtl m_91fe65ba-4f97-40fd-8230-0084d13434eb
f 1572/4708/1177 1575/4707/1177 1573/4706/1177 1570/4705/1177
f 1571/4712/1178 1572/4711/1178 1570/4710/1178 1569/4709/1178
f 1576/4716/1179 1571/4715/1179 1569/4714/1179 1574/4713/1179
f 1575/4720/1180 1576/4719/1180 1574/4718/1180 1573/4717/1180
f 1574/4724/1181 1569/4723/1181 1570/4722/1181 1573/4721/1181
f 1575/4728/1182 1572/4727/1182 1571/4726/1182 1576/4725/1182
o cube
v 0.1604003904804372 2.137964155262178 -0.13113336502663192
v 0.16996936618034875 2.173961325659724 -0.13687671628478792
v 0.7389443808841801 1.959844940370167 -0.28360781847365113
v 0.7485133565840916 1.9958421107677127 -0.2893511697318072
v 0.15490213861189983 2.1696488010837798 -0.1890094525589607
v 0.14533316291198828 2.133651630686234 -0.1832661013008047
v 0.7334461290156425 1.9915295861917688 -0.34148390600598
v 0.7238771533157311 1.9555324157942229 -0.33574055474782394
vt 0.359375 0.328125
vt 0.36328125 0.328125
vt 0.36328125 0.2890625
vt 0.359375 0.2890625
vt 0.36328125 0.328125
vt 0.3671875 0.328125
vt 0.3671875 0.2890625
vt 0.36328125 0.2890625
vt 0.3671875 0.328125
vt 0.37109375 0.328125
vt 0.37109375 0.2890625
vt 0.3671875 0.2890625
vt 0.671875 0.6328125
vt 0.67578125 0.6328125
vt 0.67578125 0.59375
vt 0.671875 0.59375
vt 0.453125 0.26953125
vt 0.44921875 0.26953125
vt 0.44921875 0.2734375
vt 0.453125 0.2734375
vt 0.73046875 0.55078125
vt 0.7265625 0.55078125
vt 0.7265625 0.546875
vt 0.73046875 0.546875
vn 0.2539031694835536 0.9551487999348784 -0.15239406323465293
vn 0.27678029976484886 0.07921973962698554 0.957662204806848
vn -0.2539031694835536 -0.9551487999348784 0.15239406323465293
vn -0.27678029976484886 -0.07921973962698554 -0.957662204806848
vn -0.9267825236743982 0.2853331435995374 0.2442522281890577
vn 0.9267825236743982 -0.2853331435995374 -0.2442522281890577
usemtl m_91fe65ba-4f97-40fd-8230-0084d13434eb
f 1580/4732/1183 1583/4731/1183 1581/4730/1183 1578/4729/1183
f 1579/4736/1184 1580/4735/1184 1578/4734/1184 1577/4733/1184
f 1584/4740/1185 1579/4739/1185 1577/4738/1185 1582/4737/1185
f 1583/4744/1186 1584/4743/1186 1582/4742/1186 1581/4741/1186
f 1582/4748/1187 1577/4747/1187 1578/4746/1187 1581/4745/1187
f 1583/4752/1188 1580/4751/1188 1579/4750/1188 1584/4749/1188
o cube
v 0.21010834046070603 2.1425270458088326 -0.10215096646960553
v 0.22605663329389158 2.202522329804742 -0.11172321856653217
v 0.8235804472254274 1.9536543380674138 -0.2638306757664999
v 0.8395287400586132 2.0136496220633235 -0.27340292786342646
v 0.21098940572544267 2.1982098052287977 -0.16385595484070492
v 0.19504111289225712 2.1382145212328885 -0.15428370274377828
v 0.8244615124901642 2.0093370974873794 -0.32553566413759927
v 0.8085132196569784 1.9493418134914697 -0.31596341204067263
vt 0.6015625 0.34375
vt 0.60546875 0.34375
vt 0.60546875 0.30078125
vt 0.6015625 0.30078125
vt 0.60546875 0.34375
vt 0.609375 0.34375
vt 0.609375 0.30078125
vt 0.60546875 0.30078125
vt 0.609375 0.34375
vt 0.61328125 0.34375
vt 0.61328125 0.30078125
vt 0.609375 0.30078125
vt 0.6171875 0.34375
vt 0.62109375 0.34375
vt 0.62109375 0.30078125
vt 0.6171875 0.30078125
vt 0.45703125 0.26953125
vt 0.453125 0.26953125
vt 0.453125 0.2734375
vt 0.45703125 0.2734375
vt 0.73046875 0.546875
vt 0.7265625 0.546875
vt 0.7265625 0.54296875
vt 0.73046875 0.54296875
vn 0.2539031694835536 0.9551487999348784 -0.15239406323465293
vn 0.27678029976484886 0.07921973962698554 0.957662204806848
vn -0.2539031694835536 -0.9551487999348784 0.15239406323465293
vn -0.27678029976484886 -0.07921973962698554 -0.957662204806848
vn -0.9267825236743982 0.2853331435995374 0.2442522281890577
vn 0.9267825236743982 -0.2853331435995374 -0.2442522281890577
usemtl m_91fe65ba-4f97-40fd-8230-0084d13434eb
f 1588/4756/1189 1591/4755/1189 1589/4754/1189 1586/4753/1189
f 1587/4760/1190 1588/4759/1190 1586/4758/1190 1585/4757/1190
f 1592/4764/1191 1587/4763/1191 1585/4762/1191 1590/4761/1191
f 1591/4768/1192 1592/4767/1192 1590/4766/1192 1589/4765/1192
f 1590/4772/1193 1585/4771/1193 1586/4770/1193 1589/4769/1193
f 1591/4776/1194 1588/4775/1194 1587/4774/1194 1592/4773/1194
o cube
v -0.4874213166356629 2.0865183079025296 -0.005828957860463335
v -0.4982352752248218 2.147847339934948 -0.014027633719926103
v -1.1356838881984186 1.9836636305852497 0.07983204593386242
v -1.146497846787578 2.0449926626176684 0.07163337007439968
v -0.4924610094556412 2.156018904991511 0.039482410062556705
v -0.4816470508664823 2.0946898729590924 0.047681085922019445
v -1.140723581018397 2.0531642276742312 0.1251434138568825
v -1.129909622429238 1.991835195641813 0.13334208971634523
vt 0.62109375 0.34375
vt 0.625 0.34375
vt 0.625 0.30078125
vt 0.62109375 0.30078125
vt 0.625 0.34375
vt 0.62890625 0.34375
vt 0.62890625 0.30078125
vt 0.625 0.30078125
vt 0.65625 0.375
vt 0.66015625 0.375
vt 0.66015625 0.33203125
vt 0.65625 0.33203125
vt 0.66015625 1
vt 0.6640625 1
vt 0.6640625 0.95703125
vt 0.66015625 0.95703125
vt 0.4609375 0.26953125
vt 0.45703125 0.26953125
vt 0.45703125 0.2734375
vt 0.4609375 0.2734375
vt 0.73046875 0.54296875
vt 0.7265625 0.54296875
vt 0.7265625 0.5390625
vt 0.73046875 0.5390625
vn -0.17216252480253233 0.9763825995210909 -0.1305261828372181
vn -0.10607147222375454 -0.15010911699771615 -0.982962916784988
vn 0.17216252480253233 -0.9763825995210909 0.1305261828372181
vn 0.10607147222375454 0.15010911699771615 0.982962916784988
vn 0.9793410579741375 0.15538427316367429 -0.12940950436306423
vn -0.9793410579741375 -0.15538427316367429 0.12940950436306423
usemtl m_91fe65ba-4f97-40fd-8230-0084d13434eb
f 1596/4780/1195 1599/4779/1195 1597/4778/1195 1594/4777/1195
f 1595/4784/1196 1596/4783/1196 1594/4782/1196 1593/4781/1196
f 1600/4788/1197 1595/4787/1197 1593/4786/1197 1598/4785/1197
f 1599/4792/1198 1600/4791/1198 1598/4790/1198 1597/4789/1198
f 1598/4796/1199 1593/4795/1199 1594/4794/1199 1597/4793/1199
f 1599/4800/1200 1596/4799/1200 1595/4798/1200 1600/4797/1200
o cube
v -0.2659855685149899 2.1368237297225483 -0.11408768912957579
v -0.2724739436684853 2.173621148942 -0.11900689464525344
v -0.8773392239553454 2.039825097200125 -0.033303806030933025
v -0.8838275991088408 2.076622516419576 -0.0382230115466107
v -0.2666996778993047 2.1817927139985627 -0.06549685086277066
v -0.2602113027458093 2.1449952947791115 -0.06057764534709298
v -0.8780533333396601 2.084794081476139 0.015287032235872133
v -0.8715649581861646 2.047996662256688 0.020206237751549783
vt 0.37109375 0.328125
vt 0.375 0.328125
vt 0.375 0.2890625
vt 0.37109375 0.2890625
vt 0.375 0.328125
vt 0.37890625 0.328125
vt 0.37890625 0.2890625
vt 0.375 0.2890625
vt 0.37890625 0.328125
vt 0.3828125 0.328125
vt 0.3828125 0.2890625
vt 0.37890625 0.2890625
vt 0.3828125 0.328125
vt 0.38671875 0.328125
vt 0.38671875 0.2890625
vt 0.3828125 0.2890625
vt 0.46484375 0.26953125
vt 0.4609375 0.26953125
vt 0.4609375 0.2734375
vt 0.46484375 0.2734375
vt 0.73046875 0.5390625
vt 0.7265625 0.5390625
vt 0.7265625 0.53515625
vt 0.73046875 0.53515625
vn -0.17216252480253233 0.9763825995210909 -0.1305261828372181
vn -0.10607147222375454 -0.15010911699771615 -0.982962916784988
vn 0.17216252480253233 -0.9763825995210909 0.1305261828372181
vn 0.10607147222375454 0.15010911699771615 0.982962916784988
vn 0.9793410579741375 0.15538427316367429 -0.12940950436306423
vn -0.9793410579741375 -0.15538427316367429 0.12940950436306423
usemtl m_91fe65ba-4f97-40fd-8230-0084d13434eb
f 1604/4804/1201 1607/4803/1201 1605/4802/1201 1602/4801/1201
f 1603/4808/1202 1604/4807/1202 1602/4806/1202 1601/4805/1202
f 1608/4812/1203 1603/4811/1203 1601/4810/1203 1606/4809/1203
f 1607/4816/1204 1608/4815/1204 1606/4814/1204 1605/4813/1204
f 1606/4820/1205 1601/4819/1205 1602/4818/1205 1605/4817/1205
f 1607/4824/1206 1604/4823/1206 1603/4822/1206 1608/4821/1206
o cube
v -0.30061553345585246 2.1495193106084556 -0.06968873146541393
v -0.31142949204501136 2.2108483426408743 -0.0778874073248767
v -0.9488781050186078 2.046664633291176 0.01597227232891174
v -0.9596920636077669 2.1079936653235944 0.007773596469449001
v -0.30565522627583075 2.2190199076974375 -0.02437736354239392
v -0.29484126768667185 2.157690875665019 -0.01617868768293118
v -0.9539177978385862 2.1161652303801577 0.06128364025193181
v -0.9431038392494271 2.054836198347739 0.06948231611139455
vt 0.66015625 0.95703125
vt 0.6640625 0.95703125
vt 0.6640625 0.9140625
vt 0.66015625 0.9140625
vt 0.66015625 0.9140625
vt 0.6640625 0.9140625
vt 0.6640625 0.87109375
vt 0.66015625 0.87109375
vt 0.66015625 0.87109375
vt 0.6640625 0.87109375
vt 0.6640625 0.828125
vt 0.66015625 0.828125
vt 0.66015625 0.8046875
vt 0.6640625 0.8046875
vt 0.6640625 0.76171875
vt 0.66015625 0.76171875
vt 0.46875 0.26953125
vt 0.46484375 0.26953125
vt 0.46484375 0.2734375
vt 0.46875 0.2734375
vt 0.73046875 0.53515625
vt 0.7265625 0.53515625
vt 0.7265625 0.53125
vt 0.73046875 0.53125
vn -0.17216252480253233 0.9763825995210909 -0.1305261828372181
vn -0.10607147222375454 -0.15010911699771615 -0.982962916784988
vn 0.17216252480253233 -0.9763825995210909 0.1305261828372181
vn 0.10607147222375454 0.15010911699771615 0.982962916784988
vn 0.9793410579741375 0.15538427316367429 -0.12940950436306423
vn -0.9793410579741375 -0.15538427316367429 0.12940950436306423
usemtl m_91fe65ba-4f97-40fd-8230-0084d13434eb
f 1612/4828/1207 1615/4827/1207 1613/4826/1207 1610/4825/1207
f 1611/4832/1208 1612/4831/1208 1610/4830/1208 1609/4829/1208
f 1616/4836/1209 1611/4835/1209 1609/4834/1209 1614/4833/1209
f 1615/4840/1210 1616/4839/1210 1614/4838/1210 1613/4837/1210
f 1614/4844/1211 1609/4843/1211 1610/4842/1211 1613/4841/1211
f 1615/4848/1212 1612/4847/1212 1611/4846/1212 1616/4845/1212
o cube
v -0.48543619208925537 2.0721000796460496 0.05366044899936062
v -0.5013176135958635 2.1325431141141387 0.047349332499968755
v -1.0908526564568806 1.9371605812739408 0.2847956699370997
v -1.1067340779634887 1.9976036157420294 0.27848455343770784
v -0.4841412046441289 2.142351787005272 0.09806621645282532
v -0.4682597831375208 2.081908752537183 0.10437733295221718
v -1.0895576690117543 2.0074122886331627 0.32920143739056446
v -1.073676247505146 1.9469692541650743 0.3355125538899563
vt 0.66015625 0.76171875
vt 0.6640625 0.76171875
vt 0.6640625 0.71875
vt 0.66015625 0.71875
vt 0.66015625 0.71875
vt 0.6640625 0.71875
vt 0.6640625 0.67578125
vt 0.66015625 0.67578125
vt 0.66015625 0.67578125
vt 0.6640625 0.67578125
vt 0.6640625 0.6328125
vt 0.66015625 0.6328125
vt 0.66015625 0.6328125
vt 0.6640625 0.6328125
vt 0.6640625 0.58984375
vt 0.66015625 0.58984375
vt 0.47265625 0.26953125
vt 0.46875 0.26953125
vt 0.46875 0.2734375
vt 0.47265625 0.2734375
vt 0.73046875 0.53125
vt 0.7265625 0.53125
vt 0.7265625 0.52734375
vt 0.73046875 0.52734375
vn -0.25283855134898675 0.9622771656611121 -0.1004754865574821
vn -0.31552530795379075 -0.1801822804341403 -0.9316534365622328
vn 0.25283855134898675 -0.9622771656611121 0.1004754865574821
vn 0.31552530795379075 0.1801822804341403 0.9316534365622328
vn 0.9146127306091971 0.2038553464218435 -0.34917982579584794
vn -0.9146127306091971 -0.2038553464218435 0.34917982579584794
usemtl m_91fe65ba-4f97-40fd-8230-0084d13434eb
f 1620/4852/1213 1623/4851/1213 1621/4850/1213 1618/4849/1213
f 1619/4856/1214 1620/4855/1214 1618/4854/1214 1617/4853/1214
f 1624/4860/1215 1619/4859/1215 1617/4858/1215 1622/4857/1215
f 1623/4864/1216 1624/4863/1216 1622/4862/1216 1621/4861/1216
f 1622/4868/1217 1617/4867/1217 1618/4866/1217 1621/4865/1217
f 1623/4872/1218 1620/4871/1218 1619/4870/1218 1624/4869/1218
o cube
v -0.297264854641633 2.131353777044626 -0.10243223505092103
v -0.306793707545598 2.167619597725479 -0.10621890495055608
v -0.868211851724424 2.0040970770407895 0.11554327120213725
v -0.877740704628389 2.040362897721643 0.11175660130250209
v -0.2896172985938634 2.1774282706166126 -0.05550202099769941
v -0.28008844568989866 2.1411624499357593 -0.051715351098064355
v -0.8605642956766546 2.0501715706127763 0.16247348525535865
v -0.8510354427726896 2.013905749931923 0.16626015515499382
vt 0.38671875 0.328125
vt 0.390625 0.328125
vt 0.390625 0.2890625
vt 0.38671875 0.2890625
vt 0.671875 0.59375
vt 0.67578125 0.59375
vt 0.67578125 0.5546875
vt 0.671875 0.5546875
vt 0.671875 0.5546875
vt 0.67578125 0.5546875
vt 0.67578125 0.515625
vt 0.671875 0.515625
vt 0.46875 0.328125
vt 0.47265625 0.328125
vt 0.47265625 0.2890625
vt 0.46875 0.2890625
vt 0.4765625 0.26953125
vt 0.47265625 0.26953125
vt 0.47265625 0.2734375
vt 0.4765625 0.2734375
vt 0.73046875 0.52734375
vt 0.7265625 0.52734375
vt 0.7265625 0.5234375
vt 0.73046875 0.5234375
vn -0.25283855134898675 0.9622771656611121 -0.1004754865574821
vn -0.31552530795379075 -0.1801822804341403 -0.9316534365622328
vn 0.25283855134898675 -0.9622771656611121 0.1004754865574821
vn 0.31552530795379075 0.1801822804341403 0.9316534365622328
vn 0.9146127306091971 0.2038553464218435 -0.34917982579584794
vn -0.9146127306091971 -0.2038553464218435 0.34917982579584794
usemtl m_91fe65ba-4f97-40fd-8230-0084d13434eb
f 1628/4876/1219 1631/4875/1219 1629/4874/1219 1626/4873/1219
f 1627/4880/1220 1628/4879/1220 1626/4878/1220 1625/4877/1220
f 1632/4884/1221 1627/4883/1221 1625/4882/1221 1630/4881/1221
f 1631/4888/1222 1632/4887/1222 1630/4886/1222 1629/4885/1222
f 1630/4892/1223 1625/4891/1223 1626/4890/1223 1629/4889/1223
f 1631/4896/1224 1628/4895/1224 1627/4894/1224 1632/4893/1224
o cube
v -0.3216979839572238 2.14330471856315 -0.051521756010074915
v -0.3375794054638319 2.203747753031238 -0.05783287250946678
v -0.9271144483248486 2.008365220191041 0.17961346492766422
v -0.9429958698314569 2.068808254659129 0.17330234842827236
v -0.32040299651209736 2.2135564259223717 -0.00711598855661022
v -0.30452157500548926 2.1531133914542835 -0.0008048720572183532
v -0.9258194608797223 2.0786169275502626 0.22401923238112892
v -0.909938039373114 2.0181738930821744 0.23033034888052079
vt 0.66015625 0.58984375
vt 0.6640625 0.58984375
vt 0.6640625 0.546875
vt 0.66015625 0.546875
vt 0.66015625 0.546875
vt 0.6640625 0.546875
vt 0.6640625 0.50390625
vt 0.66015625 0.50390625
vt 0.66015625 0.50390625
vt 0.6640625 0.50390625
vt 0.6640625 0.4609375
vt 0.66015625 0.4609375
vt 0.66015625 0.4609375
vt 0.6640625 0.4609375
vt 0.6640625 0.41796875
vt 0.66015625 0.41796875
vt 0.48046875 0.26953125
vt 0.4765625 0.26953125
vt 0.4765625 0.2734375
vt 0.48046875 0.2734375
vt 0.73046875 0.5234375
vt 0.7265625 0.5234375
vt 0.7265625 0.51953125
vt 0.73046875 0.51953125
vn -0.25283855134898675 0.9622771656611121 -0.1004754865574821
vn -0.31552530795379075 -0.1801822804341403 -0.9316534365622328
vn 0.25283855134898675 -0.9622771656611121 0.1004754865574821
vn 0.31552530795379075 0.1801822804341403 0.9316534365622328
vn 0.9146127306091971 0.2038553464218435 -0.34917982579584794
vn -0.9146127306091971 -0.2038553464218435 0.34917982579584794
usemtl m_91fe65ba-4f97-40fd-8230-0084d13434eb
f 1636/4900/1225 1639/4899/1225 1637/4898/1225 1634/4897/1225
f 1635/4904/1226 1636/4903/1226 1634/4902/1226 1633/4901/1226
f 1640/4908/1227 1635/4907/1227 1633/4906/1227 1638/4905/1227
f 1639/4912/1228 1640/4911/1228 1638/4910/1228 1637/4909/1228
f 1638/4916/1229 1633/4915/1229 1634/4914/1229 1637/4913/1229
f 1639/4920/1230 1636/4919/1230 1635/4918/1230 1640/4917/1230
o cube
v -0.49364591390345347 2.0784066010690205 -0.05829694703363807
v -0.5044598827434776 2.1397356313387736 -0.06649562255769009
v -1.1417388624487437 1.9564838269679432 -0.11549503360670205
v -1.1525528312887676 2.0178128572376965 -0.12369370913075406
v -0.5103615083809998 2.1458826921607095 -0.012729221670742447
v -0.49954753954097564 2.084553661890957 -0.004530546146690434
v -1.1584544569262898 2.0239599180596324 -0.06992730824380644
v -1.1476404880862658 1.9626308877898793 -0.06172863271975443
vt 0.66015625 0.41796875
vt 0.6640625 0.41796875
vt 0.6640625 0.375
vt 0.66015625 0.375
vt 0.66015625 0.375
vt 0.6640625 0.375
vt 0.6640625 0.33203125
vt 0.66015625 0.33203125
vt 0.6640625 1
vt 0.66796875 1
vt 0.66796875 0.95703125
vt 0.6640625 0.95703125
vt 0.6640625 0.95703125
vt 0.66796875 0.95703125
vt 0.66796875 0.9140625
vt 0.6640625 0.9140625
vt 0.484375 0.26953125
vt 0.48046875 0.26953125
vt 0.48046875 0.2734375
vt 0.484375 0.2734375
vt 0.73046875 0.51953125
vt 0.7265625 0.51953125
vt 0.7265625 0.515625
vt 0.73046875 0.515625
vn -0.17216268800038217 0.976382571458757 -0.13052617749734569
vn 0.10841103352509075 -0.11291960178068679 -0.9876721173262475
vn 0.17216268800038217 -0.976382571458757 0.13052617749734569
vn -0.10841103352509075 0.11291960178068679 0.9876721173262475
vn 0.9790848056580721 0.18419076438648227 0.0864101015172338
vn -0.9790848056580721 -0.18419076438648227 -0.0864101015172338
usemtl m_91fe65ba-4f97-40fd-8230-0084d13434eb
f 1644/4924/1231 1647/4923/1231 1645/4922/1231 1642/4921/1231
f 1643/4928/1232 1644/4927/1232 1642/4926/1232 1641/4925/1232
f 1648/4932/1233 1643/4931/1233 1641/4930/1233 1646/4929/1233
f 1647/4936/1234 1648/4935/1234 1646/4934/1234 1645/4933/1234
f 1646/4940/1235 1641/4939/1235 1642/4938/1235 1645/4937/1235
f 1647/4944/1236 1644/4943/1236 1643/4942/1236 1648/4941/1236
o cube
v -0.25610471523699885 2.138390931267201 -0.1153971919808301
v -0.26259309654101326 2.175188349429053 -0.12031639729526131
v -0.8672984051690501 2.0234098465989394 -0.1693386978529633
v -0.8737867864730645 2.060207264760791 -0.1742579031673945
v -0.2684947221785354 2.181335410250989 -0.06654999640831369
v -0.262006340874521 2.1445379920891368 -0.06163079109388245
v -0.8796884121105866 2.0663543255827275 -0.12049150228044689
v -0.8732000308065722 2.0295569074208757 -0.11557229696601566
vt 0.47265625 0.328125
vt 0.4765625 0.328125
vt 0.4765625 0.2890625
vt 0.47265625 0.2890625
vt 0.4765625 0.328125
vt 0.48046875 0.328125
vt 0.48046875 0.2890625
vt 0.4765625 0.2890625
vt 0.48046875 0.328125
vt 0.484375 0.328125
vt 0.484375 0.2890625
vt 0.48046875 0.2890625
vt 0.671875 0.515625
vt 0.67578125 0.515625
vt 0.67578125 0.4765625
vt 0.671875 0.4765625
vt 0.48828125 0.26953125
vt 0.484375 0.26953125
vt 0.484375 0.2734375
vt 0.48828125 0.2734375
vt 0.73046875 0.515625
vt 0.7265625 0.515625
vt 0.7265625 0.51171875
vt 0.73046875 0.51171875
vn -0.17216268800038217 0.976382571458757 -0.13052617749734569
vn 0.10841103352509075 -0.11291960178068679 -0.9876721173262475
vn 0.17216268800038217 -0.976382571458757 0.13052617749734569
vn -0.10841103352509075 0.11291960178068679 0.9876721173262475
vn 0.9790848056580721 0.18419076438648227 0.0864101015172338
vn -0.9790848056580721 -0.18419076438648227 -0.0864101015172338
usemtl m_91fe65ba-4f97-40fd-8230-0084d13434eb
f 1652/4948/1237 1655/4947/1237 1653/4946/1237 1650/4945/1237
f 1651/4952/1238 1652/4951/1238 1650/4950/1238 1649/4949/1238
f 1656/4956/1239 1651/4955/1239 1649/4954/1239 1654/4953/1239
f 1655/4960/1240 1656/4959/1240 1654/4958/1240 1653/4957/1240
f 1654/4964/1241 1649/4963/1241 1650/4962/1241 1653/4961/1241
f 1655/4968/1242 1652/4967/1242 1651/4966/1242 1656/4965/1242
o cube
v -0.29970647964710495 2.1484435562129023 -0.07893473787353464
v -0.3105204484871291 2.2097725864826554 -0.08713341339758665
v -0.9477994281923948 2.026520782111825 -0.13613282444659855
v -0.9586133970324188 2.0878498123815783 -0.14433149997065056
v -0.3164220741246513 2.2159196473045917 -0.033367012510639005
v -0.3056081052846271 2.1545906170348386 -0.025168336986586992
v -0.9645150226699408 2.0939968732035146 -0.09056509908370294
v -0.9537010538299169 2.0326678429337615 -0.08236642355965093
vt 0.6640625 0.9140625
vt 0.66796875 0.9140625
vt 0.66796875 0.87109375
vt 0.6640625 0.87109375
vt 0.6640625 0.87109375
vt 0.66796875 0.87109375
vt 0.66796875 0.828125
vt 0.6640625 0.828125
vt 0.6640625 0.8046875
vt 0.66796875 0.8046875
vt 0.66796875 0.76171875
vt 0.6640625 0.76171875
vt 0.6640625 0.76171875
vt 0.66796875 0.76171875
vt 0.66796875 0.71875
vt 0.6640625 0.71875
vt 0.4921875 0.26953125
vt 0.48828125 0.26953125
vt 0.48828125 0.2734375
vt 0.4921875 0.2734375
vt 0.73046875 0.51171875
vt 0.7265625 0.51171875
vt 0.7265625 0.5078125
vt 0.73046875 0.5078125
vn -0.17216268800038217 0.976382571458757 -0.13052617749734569
vn 0.10841103352509075 -0.11291960178068679 -0.9876721173262475
vn 0.17216268800038217 -0.976382571458757 0.13052617749734569
vn -0.10841103352509075 0.11291960178068679 0.9876721173262475
vn 0.9790848056580721 0.18419076438648227 0.0864101015172338
vn -0.9790848056580721 -0.18419076438648227 -0.0864101015172338
usemtl m_91fe65ba-4f97-40fd-8230-0084d13434eb
f 1660/4972/1243 1663/4971/1243 1661/4970/1243 1658/4969/1243
f 1659/4976/1244 1660/4975/1244 1658/4974/1244 1657/4973/1244
f 1664/4980/1245 1659/4979/1245 1657/4978/1245 1662/4977/1245
f 1663/4984/1246 1664/4983/1246 1662/4982/1246 1661/4981/1246
f 1662/4988/1247 1657/4987/1247 1658/4986/1247 1661/4985/1247
f 1663/4992/1248 1660/4991/1248 1659/4990/1248 1664/4989/1248
o cube
v -0.5060275644930223 2.04751925024934 -0.16555336549059352
v -0.5219758573262079 2.107514534245249 -0.17512561758752015
v -1.119499671257744 1.858646542507921 -0.327233074787488
v -1.1354479640909299 1.9186418265038305 -0.33680532688441456
v -0.5370430848946568 2.111827058821193 -0.12299288131334735
v -0.5210947920614712 2.051831774825284 -0.11342062921642071
v -1.150515191659379 1.9229543510797746 -0.28467259061024175
v -1.1345668988261932 1.8629590670838652 -0.27510033851331517
vt 0.6640625 0.71875
vt 0.66796875 0.71875
vt 0.66796875 0.67578125
vt 0.6640625 0.67578125
vt 0.6640625 0.67578125
vt 0.66796875 0.67578125
vt 0.66796875 0.6328125
vt 0.6640625 0.6328125
vt 0.6640625 0.6328125
vt 0.66796875 0.6328125
vt 0.66796875 0.58984375
vt 0.6640625 0.58984375
vt 0.6640625 0.58984375
vt 0.66796875 0.58984375
vt 0.66796875 0.546875
vt 0.6640625 0.546875
vt 0.49609375 0.26953125
vt 0.4921875 0.26953125
vt 0.4921875 0.2734375
vt 0.49609375 0.2734375
vt 0.73046875 0.5078125
vt 0.7265625 0.5078125
vt 0.7265625 0.50390625
vt 0.73046875 0.50390625
vn -0.2539031694835536 0.9551487999348784 -0.15239406323465293
vn 0.27678029976484886 -0.07921973962698554 -0.957662204806848
vn 0.2539031694835536 -0.9551487999348784 0.15239406323465293
vn -0.27678029976484886 0.07921973962698554 0.957662204806848
vn 0.9267825236743982 0.2853331435995374 0.2442522281890577
vn -0.9267825236743982 -0.2853331435995374 -0.2442522281890577
usemtl m_91fe65ba-4f97-40fd-8230-0084d13434eb
f 1668/4996/1249 1671/4995/1249 1669/4994/1249 1666/4993/1249
f 1667/5000/1250 1668/4999/1250 1666/4998/1250 1665/4997/1250
f 1672/5004/1251 1667/5003/1251 1665/5002/1251 1670/5001/1251
f 1671/5008/1252 1672/5007/1252 1670/5006/1252 1669/5005/1252
f 1670/5012/1253 1665/5011/1253 1666/5010/1253 1669/5009/1253
f 1671/5016/1254 1668/5015/1254 1667/5014/1254 1672/5013/1254
o cube
v -0.2703331629119885 2.133651630686234 -0.1832661013008047
v -0.27990213861190005 2.1696488010837798 -0.1890094525589607
v -0.8488771533157313 1.9555324157942229 -0.33574055474782394
v -0.8584461290156428 1.9915295861917688 -0.34148390600598
v -0.29496936618034897 2.173961325659724 -0.13687671628478792
v -0.2854003904804374 2.137964155262178 -0.13113336502663192
v -0.8735133565840918 1.9958421107677127 -0.2893511697318072
v -0.8639443808841804 1.959844940370167 -0.28360781847365113
vt 0.4921875 0.328125
vt 0.49609375 0.328125
vt 0.49609375 0.2890625
vt 0.4921875 0.2890625
vt 0.49609375 0.328125
vt 0.5 0.328125
vt 0.5 0.2890625
vt 0.49609375 0.2890625
vt 0.671875 0.4765625
vt 0.67578125 0.4765625
vt 0.67578125 0.4375
vt 0.671875 0.4375
vt 0.671875 0.4375
vt 0.67578125 0.4375
vt 0.67578125 0.3984375
vt 0.671875 0.3984375
vt 0.5 0.26953125
vt 0.49609375 0.26953125
vt 0.49609375 0.2734375
vt 0.5 0.2734375
vt 0.73046875 0.50390625
vt 0.7265625 0.50390625
vt 0.7265625 0.5
vt 0.73046875 0.5
vn -0.2539031694835536 0.9551487999348784 -0.15239406323465293
vn 0.27678029976484886 -0.07921973962698554 -0.957662204806848
vn 0.2539031694835536 -0.9551487999348784 0.15239406323465293
vn -0.27678029976484886 0.07921973962698554 0.957662204806848
vn 0.9267825236743982 0.2853331435995374 0.2442522281890577
vn -0.9267825236743982 -0.2853331435995374 -0.2442522281890577
usemtl m_91fe65ba-4f97-40fd-8230-0084d13434eb
f 1676/5020/1255 1679/5019/1255 1677/5018/1255 1674/5017/1255
f 1675/5024/1256 1676/5023/1256 1674/5022/1256 1673/5021/1256
f 1680/5028/1257 1675/5027/1257 1673/5026/1257 1678/5025/1257
f 1679/5032/1258 1680/5031/1258 1678/5030/1258 1677/5029/1258
f 1678/5036/1259 1673/5035/1259 1674/5034/1259 1677/5033/1259
f 1679/5040/1260 1676/5039/1260 1675/5038/1260 1680/5037/1260
o cube
v -0.32004111289225734 2.1382145212328885 -0.1542837027437784
v -0.3359894057254429 2.1982098052287977 -0.16385595484070503
v -0.9335132196569786 1.9493418134914697 -0.3159634120406727
v -0.9494615124901644 2.0093370974873794 -0.3255356641375993
v -0.3510566332938918 2.202522329804742 -0.11172321856653222
v -0.33510834046070626 2.1425270458088326 -0.10215096646960559
v -0.9645287400586134 2.0136496220633235 -0.2734029278634265
v -0.9485804472254277 1.9536543380674138 -0.2638306757664999
vt 0.6640625 0.546875
vt 0.66796875 0.546875
vt 0.66796875 0.50390625
vt 0.6640625 0.50390625
vt 0.6640625 0.50390625
vt 0.66796875 0.50390625
vt 0.66796875 0.4609375
vt 0.6640625 0.4609375
vt 0.53125 0.3359375
vt 0.53515625 0.3359375
vt 0.53515625 0.29296875
vt 0.53125 0.29296875
vt 0.53515625 0.3359375
vt 0.5390625 0.3359375
vt 0.5390625 0.29296875
vt 0.53515625 0.29296875
vt 0.50390625 0.26953125
vt 0.5 0.26953125
vt 0.5 0.2734375
vt 0.50390625 0.2734375
vt 0.73046875 0.5
vt 0.7265625 0.5
vt 0.7265625 0.49609375
vt 0.73046875 0.49609375
vn -0.2539031694835536 0.9551487999348784 -0.15239406323465293
vn 0.27678029976484886 -0.07921973962698554 -0.957662204806848
vn 0.2539031694835536 -0.9551487999348784 0.15239406323465293
vn -0.27678029976484886 0.07921973962698554 0.957662204806848
vn 0.9267825236743982 0.2853331435995374 0.2442522281890577
vn -0.9267825236743982 -0.2853331435995374 -0.2442522281890577
usemtl m_91fe65ba-4f97-40fd-8230-0084d13434eb
f 1684/5044/1261 1687/5043/1261 1685/5042/1261 1682/5041/1261
f 1683/5048/1262 1684/5047/1262 1682/5046/1262 1681/5045/1262
f 1688/5052/1263 1683/5051/1263 1681/5050/1263 1686/5049/1263
f 1687/5056/1264 1688/5055/1264 1686/5054/1264 1685/5053/1264
f 1686/5060/1265 1681/5059/1265 1682/5058/1265 1685/5057/1265
f 1687/5064/1266 1684/5063/1266 1683/5062/1266 1688/5061/1266
o cube
v -0.44999999999999996 1.9062499999999998 -0.15000000000000002
v -0.44999999999999996 1.9062499999999998 -0.24375000000000002
v -0.44999999999999996 0.825 -0.15000000000000002
v -0.44999999999999996 0.825 -0.24375000000000002
v -0.53125 1.9062499999999998 -0.24375000000000002
v -0.53125 1.9062499999999998 -0.15000000000000002
v -0.53125 0.825 -0.24375000000000002
v -0.53125 0.825 -0.15000000000000002
vt 0.3828125 0.4921875
vt 0.38671875 0.4921875
vt 0.38671875 0.42578125
vt 0.3828125 0.42578125
vt 0.12109375 0.67578125
vt 0.12890625 0.67578125
vt 0.12890625 0.609375
vt 0.12109375 0.609375
vt 0.38671875 0.4921875
vt 0.390625 0.4921875
vt 0.390625 0.42578125
vt 0.38671875 0.42578125
vt 0.32421875 0.83203125
vt 0.33203125 0.83203125
vt 0.33203125 0.765625
vt 0.32421875 0.765625
vt 0.16796875 0.27734375
vt 0.1640625 0.27734375
vt 0.1640625 0.28515625
vt 0.16796875 0.28515625
vt 0.171875 0.28515625
vt 0.16796875 0.28515625
vt 0.16796875 0.27734375
vt 0.171875 0.27734375
vn 0 0 -1
vn 1 0 0
vn 0 0 1
vn -1 0 0
vn 0 1 0
vn 0 -1 0
usemtl m_91fe65ba-4f97-40fd-8230-0084d13434eb
f 1692/5068/1267 1695/5067/1267 1693/5066/1267 1690/5065/1267
f 1691/5072/1268 1692/5071/1268 1690/5070/1268 1689/5069/1268
f 1696/5076/1269 1691/5075/1269 1689/5074/1269 1694/5073/1269
f 1695/5080/1270 1696/5079/1270 1694/5078/1270 1693/5077/1270
f 1694/5084/1271 1689/5083/1271 1690/5082/1271 1693/5081/1271
f 1695/5088/1272 1692/5087/1272 1691/5086/1272 1696/5085/1272
o cube
v -0.3375 2.05625 -0.1875
v -0.3375 2.05625 -0.24375000000000002
v -0.3375 1.2375000000000003 -0.1875
v -0.3375 1.2375000000000003 -0.24375000000000002
v -0.41875000000000007 2.05625 -0.24375000000000002
v -0.41875000000000007 2.05625 -0.1875
v -0.41875000000000007 1.2375000000000003 -0.24375000000000002
v -0.41875000000000007 1.2375000000000003 -0.1875
vt 0.015625 0.421875
vt 0.01953125 0.421875
vt 0.01953125 0.37109375
vt 0.015625 0.37109375
vt 0.01953125 0.421875
vt 0.0234375 0.421875
vt 0.0234375 0.37109375
vt 0.01953125 0.37109375
vt 0.0234375 0.421875
vt 0.02734375 0.421875
vt 0.02734375 0.37109375
vt 0.0234375 0.37109375
vt 0.02734375 0.421875
vt 0.03125 0.421875
vt 0.03125 0.37109375
vt 0.02734375 0.37109375
vt 0.5078125 0.26953125
vt 0.50390625 0.26953125
vt 0.50390625 0.2734375
vt 0.5078125 0.2734375
vt 0.73046875 0.49609375
vt 0.7265625 0.49609375
vt 0.7265625 0.4921875
vt 0.73046875 0.4921875
vn 0 0 -1
vn 1 0 0
vn 0 0 1
vn -1 0 0
vn 0 1 0
vn 0 -1 0
usemtl m_91fe65ba-4f97-40fd-8230-0084d13434eb
f 1700/5092/1273 1703/5091/1273 1701/5090/1273 1698/5089/1273
f 1699/5096/1274 1700/5095/1274 1698/5094/1274 1697/5093/1274
f 1704/5100/1275 1699/5099/1275 1697/5098/1275 1702/5097/1275
f 1703/5104/1276 1704/5103/1276 1702/5102/1276 1701/5101/1276
f 1702/5108/1277 1697/5107/1277 1698/5106/1277 1701/5105/1277
f 1703/5112/1278 1700/5111/1278 1699/5110/1278 1704/5109/1278
o cube
v -0.4 1.96875 -0.20625
v -0.4 1.96875 -0.30000000000000004
v -0.4 1.125 -0.20625
v -0.4 1.125 -0.30000000000000004
v -0.48125000000000007 1.96875 -0.30000000000000004
v -0.48125000000000007 1.96875 -0.20625
v -0.48125000000000007 1.125 -0.30000000000000004
v -0.48125000000000007 1.125 -0.20625
vt 0.3984375 0.46484375
vt 0.40234375 0.46484375
vt 0.40234375 0.41015625
vt 0.3984375 0.41015625
vt 0.0078125 0.58203125
vt 0.015625 0.58203125
vt 0.015625 0.52734375
vt 0.0078125 0.52734375
vt 0.40234375 0.46484375
vt 0.40625 0.46484375
vt 0.40625 0.41015625
vt 0.40234375 0.41015625
vt 0.41796875 0.9453125
vt 0.42578125 0.9453125
vt 0.42578125 0.890625
vt 0.41796875 0.890625
vt 0.71875 0.79296875
vt 0.71484375 0.79296875
vt 0.71484375 0.80078125
vt 0.71875 0.80078125
vt 0.71875 0.79296875
vt 0.71484375 0.79296875
vt 0.71484375 0.78515625
vt 0.71875 0.78515625
vn 0 0 -1
vn 1 0 0
vn 0 0 1
vn -1 0 0
vn 0 1 0
vn 0 -1 0
usemtl m_91fe65ba-4f97-40fd-8230-0084d13434eb
f 1708/5116/1279 1711/5115/1279 1709/5114/1279 1706/5113/1279
f 1707/5120/1280 1708/5119/1280 1706/5118/1280 1705/5117/1280
f 1712/5124/1281 1707/5123/1281 1705/5122/1281 1710/5121/1281
f 1711/5128/1282 1712/5127/1282 1710/5126/1282 1709/5125/1282
f 1710/5132/1283 1705/5131/1283 1706/5130/1283 1709/5129/1283
f 1711/5136/1284 1708/5135/1284 1707/5134/1284 1712/5133/1284
o cube
v -0.1875 1.7812499999999998 -0.275
v -0.1875 1.7812499999999998 -0.36875
v -0.1875 0.7 -0.275
v -0.1875 0.7 -0.36875
v -0.28125 1.7812499999999998 -0.36875
v -0.28125 1.7812499999999998 -0.275
v -0.28125 0.7 -0.36875
v -0.28125 0.7 -0.275
vt 0.09765625 0.7421875
vt 0.109375 0.7421875
vt 0.109375 0.67578125
vt 0.09765625 0.67578125
vt 0.32421875 0.765625
vt 0.33203125 0.765625
vt 0.33203125 0.69921875
vt 0.32421875 0.69921875
vt 0.109375 0.7421875
vt 0.12109375 0.7421875
vt 0.12109375 0.67578125
vt 0.109375 0.67578125
vt 0.2265625 0.671875
vt 0.234375 0.671875
vt 0.234375 0.60546875
vt 0.2265625 0.60546875
vt 0.546875 0.8671875
vt 0.53515625 0.8671875
vt 0.53515625 0.875
vt 0.546875 0.875
vt 0.6171875 0.703125
vt 0.60546875 0.703125
vt 0.60546875 0.6953125
vt 0.6171875 0.6953125
vn 0 0 -1
vn 1 0 0
vn 0 0 1
vn -1 0 0
vn 0 1 0
vn 0 -1 0
usemtl m_91fe65ba-4f97-40fd-8230-0084d13434eb
f 1716/5140/1285 1719/5139/1285 1717/5138/1285 1714/5137/1285
f 1715/5144/1286 1716/5143/1286 1714/5142/1286 1713/5141/1286
f 1720/5148/1287 1715/5147/1287 1713/5146/1287 1718/5145/1287
f 1719/5152/1288 1720/5151/1288 1718/5150/1288 1717/5149/1288
f 1718/5156/1289 1713/5155/1289 1714/5154/1289 1717/5153/1289
f 1719/5160/1290 1716/5159/1290 1715/5158/1290 1720/5157/1290
o cube
v 0.037500000000000006 2.1375 -0.3125
v 0.037500000000000006 2.1375 -0.36875
v 0.037500000000000006 1.1124999999999998 -0.3125
v 0.037500000000000006 1.1124999999999998 -0.36875
v -0.16875 2.1375 -0.36875
v -0.16875 2.1375 -0.3125
v -0.16875 1.1124999999999998 -0.36875
v -0.16875 1.1124999999999998 -0.3125
vt 0.26171875 0.734375
vt 0.2734375 0.734375
vt 0.2734375 0.671875
vt 0.26171875 0.671875
vt 0.12109375 0.46875
vt 0.125 0.46875
vt 0.125 0.40625
vt 0.12109375 0.40625
vt 0.26953125 0.890625
vt 0.28125 0.890625
vt 0.28125 0.828125
vt 0.26953125 0.828125
vt 0.171875 0.46875
vt 0.17578125 0.46875
vt 0.17578125 0.40625
vt 0.171875 0.40625
vt 0.71875 0.57421875
vt 0.70703125 0.57421875
vt 0.70703125 0.578125
vt 0.71875 0.578125
vt 0.71875 0.57421875
vt 0.70703125 0.57421875
vt 0.70703125 0.5703125
vt 0.71875 0.5703125
vn 0 0 -1
vn 1 0 0
vn 0 0 1
vn -1 0 0
vn 0 1 0
vn 0 -1 0
usemtl m_91fe65ba-4f97-40fd-8230-0084d13434eb
f 1724/5164/1291 1727/5163/1291 1725/5162/1291 1722/5161/1291
f 1723/5168/1292 1724/5167/1292 1722/5166/1292 1721/5165/1292
f 1728/5172/1293 1723/5171/1293 1721/5170/1293 1726/5169/1293
f 1727/5176/1294 1728/5175/1294 1726/5174/1294 1725/5173/1294
f 1726/5180/1295 1721/5179/1295 1722/5178/1295 1725/5177/1295
f 1727/5184/1296 1724/5183/1296 1723/5182/1296 1728/5181/1296
o cube
v -0.06875000000000003 2.08125 -0.33125
v -0.06875000000000003 2.08125 -0.42500000000000004
v -0.06875000000000003 1 -0.33125
v -0.06875000000000003 1 -0.42500000000000004
v -0.23125 2.08125 -0.42500000000000004
v -0.23125 2.08125 -0.33125
v -0.23125 1 -0.42500000000000004
v -0.23125 1 -0.33125
vt 0.12109375 0.7421875
vt 0.1328125 0.7421875
vt 0.1328125 0.67578125
vt 0.12109375 0.67578125
vt 0.234375 0.671875
vt 0.2421875 0.671875
vt 0.2421875 0.60546875
vt 0.234375 0.60546875
vt 0.2578125 0.87109375
vt 0.26953125 0.87109375
vt 0.26953125 0.8046875
vt 0.2578125 0.8046875
vt 0.26171875 0.671875
vt 0.26953125 0.671875
vt 0.26953125 0.60546875
vt 0.26171875 0.60546875
vt 0.70703125 0.70703125
vt 0.6953125 0.70703125
vt 0.6953125 0.71484375
vt 0.70703125 0.71484375
vt 0.70703125 0.40234375
vt 0.6953125 0.40234375
vt 0.6953125 0.39453125
vt 0.70703125 0.39453125
vn 0 0 -1
vn 1 0 0
vn 0 0 1
vn -1 0 0
vn 0 1 0
vn 0 -1 0
usemtl m_91fe65ba-4f97-40fd-8230-0084d13434eb
f 1732/5188/1297 1735/5187/1297 1733/5186/1297 1730/5185/1297
f 1731/5192/1298 1732/5191/1298 1730/5190/1298 1729/5189/1298
f 1736/5196/1299 1731/5195/1299 1729/5194/1299 1734/5193/1299
f 1735/5200/1300 1736/5199/1300 1734/5198/1300 1733/5197/1300
f 1734/5204/1301 1729/5203/1301 1730/5202/1301 1733/5201/1301
f 1735/5208/1302 1732/5207/1302 1731/5206/1302 1736/5205/1302
o cube
v -0.32499999999999996 1.7812499999999998 -0.21250000000000005
v -0.32499999999999996 1.7812499999999998 -0.30625
v -0.32499999999999996 0.7 -0.21250000000000005
v -0.32499999999999996 0.7 -0.30625
v -0.40625 1.7812499999999998 -0.30625
v -0.40625 1.7812499999999998 -0.21250000000000005
v -0.40625 0.7 -0.30625
v -0.40625 0.7 -0.21250000000000005
vt 0.5078125 0.5625
vt 0.51171875 0.5625
vt 0.51171875 0.49609375
vt 0.5078125 0.49609375
vt 0.328125 0.69921875
vt 0.3359375 0.69921875
vt 0.3359375 0.6328125
vt 0.328125 0.6328125
vt 0.46875 0.4921875
vt 0.47265625 0.4921875
vt 0.47265625 0.42578125
vt 0.46875 0.42578125
vt 0.0546875 0.66796875
vt 0.0625 0.66796875
vt 0.0625 0.6015625
vt 0.0546875 0.6015625
vt 0.71875 0.7734375
vt 0.71484375 0.7734375
vt 0.71484375 0.78125
vt 0.71875 0.78125
vt 0.71875 0.7734375
vt 0.71484375 0.7734375
vt 0.71484375 0.765625
vt 0.71875 0.765625
vn 0 0 -1
vn 1 0 0
vn 0 0 1
vn -1 0 0
vn 0 1 0
vn 0 -1 0
usemtl m_91fe65ba-4f97-40fd-8230-0084d13434eb
f 1740/5212/1303 1743/5211/1303 1741/5210/1303 1738/5209/1303
f 1739/5216/1304 1740/5215/1304 1738/5214/1304 1737/5213/1304
f 1744/5220/1305 1739/5219/1305 1737/5218/1305 1742/5217/1305
f 1743/5224/1306 1744/5223/1306 1742/5222/1306 1741/5221/1306
f 1742/5228/1307 1737/5227/1307 1738/5226/1307 1741/5225/1307
f 1743/5232/1308 1740/5231/1308 1739/5230/1308 1744/5229/1308
o cube
v -0.21249999999999997 2.1375 -0.25
v -0.21249999999999997 2.1375 -0.30625
v -0.21249999999999997 1.1124999999999998 -0.25
v -0.21249999999999997 1.1124999999999998 -0.30625
v -0.29375 2.1375 -0.30625
v -0.29375 2.1375 -0.25
v -0.29375 1.1124999999999998 -0.30625
v -0.29375 1.1124999999999998 -0.25
vt 0.19140625 0.46875
vt 0.1953125 0.46875
vt 0.1953125 0.40625
vt 0.19140625 0.40625
vt 0.1953125 0.46875
vt 0.19921875 0.46875
vt 0.19921875 0.40625
vt 0.1953125 0.40625
vt 0.19921875 0.46875
vt 0.203125 0.46875
vt 0.203125 0.40625
vt 0.19921875 0.40625
vt 0.203125 0.46875
vt 0.20703125 0.46875
vt 0.20703125 0.40625
vt 0.203125 0.40625
vt 0.51171875 0.26953125
vt 0.5078125 0.26953125
vt 0.5078125 0.2734375
vt 0.51171875 0.2734375
vt 0.73046875 0.4921875
vt 0.7265625 0.4921875
vt 0.7265625 0.48828125
vt 0.73046875 0.48828125
vn 0 0 -1
vn 1 0 0
vn 0 0 1
vn -1 0 0
vn 0 1 0
vn 0 -1 0
usemtl m_91fe65ba-4f97-40fd-8230-0084d13434eb
f 1748/5236/1309 1751/5235/1309 1749/5234/1309 1746/5233/1309
f 1747/5240/1310 1748/5239/1310 1746/5238/1310 1745/5237/1310
f 1752/5244/1311 1747/5243/1311 1745/5242/1311 1750/5241/1311
f 1751/5248/1312 1752/5247/1312 1750/5246/1312 1749/5245/1312
f 1750/5252/1313 1745/5251/1313 1746/5250/1313 1749/5249/1313
f 1751/5256/1314 1748/5255/1314 1747/5254/1314 1752/5253/1314
o cube
v -0.275 2.08125 -0.26875
v -0.275 2.08125 -0.36250000000000004
v -0.275 1 -0.26875
v -0.275 1 -0.36250000000000004
v -0.35625000000000007 2.08125 -0.36250000000000004
v -0.35625000000000007 2.08125 -0.26875
v -0.35625000000000007 1 -0.36250000000000004
v -0.35625000000000007 1 -0.26875
vt 0.47265625 0.4921875
vt 0.4765625 0.4921875
vt 0.4765625 0.42578125
vt 0.47265625 0.42578125
vt 0.0625 0.66796875
vt 0.0703125 0.66796875
vt 0.0703125 0.6015625
vt 0.0625 0.6015625
vt 0.4765625 0.4921875
vt 0.48046875 0.4921875
vt 0.48046875 0.42578125
vt 0.4765625 0.42578125
vt 0.0703125 0.66796875
vt 0.078125 0.66796875
vt 0.078125 0.6015625
vt 0.0703125 0.6015625
vt 0.71875 0.7578125
vt 0.71484375 0.7578125
vt 0.71484375 0.765625
vt 0.71875 0.765625
vt 0.71875 0.75
vt 0.71484375 0.75
vt 0.71484375 0.7421875
vt 0.71875 0.7421875
vn 0 0 -1
vn 1 0 0
vn 0 0 1
vn -1 0 0
vn 0 1 0
vn 0 -1 0
usemtl m_91fe65ba-4f97-40fd-8230-0084d13434eb
f 1756/5260/1315 1759/5259/1315 1757/5258/1315 1754/5257/1315
f 1755/5264/1316 1756/5263/1316 1754/5262/1316 1753/5261/1316
f 1760/5268/1317 1755/5267/1317 1753/5266/1317 1758/5265/1317
f 1759/5272/1318 1760/5271/1318 1758/5270/1318 1757/5269/1318
f 1758/5276/1319 1753/5275/1319 1754/5274/1319 1757/5273/1319
f 1759/5280/1320 1756/5279/1320 1755/5278/1320 1760/5277/1320
o cube
v 0.40625 1.9062499999999998 -0.15000000000000002
v 0.40625 1.9062499999999998 -0.24375000000000002
v 0.40625 0.825 -0.15000000000000002
v 0.40625 0.825 -0.24375000000000002
v 0.32499999999999996 1.9062499999999998 -0.24375000000000002
v 0.32499999999999996 1.9062499999999998 -0.15000000000000002
v 0.32499999999999996 0.825 -0.24375000000000002
v 0.32499999999999996 0.825 -0.15000000000000002
vt 0.48046875 0.4921875
vt 0.484375 0.4921875
vt 0.484375 0.42578125
vt 0.48046875 0.42578125
vt 0.078125 0.66796875
vt 0.0859375 0.66796875
vt 0.0859375 0.6015625
vt 0.078125 0.6015625
vt 0.4921875 0.4921875
vt 0.49609375 0.4921875
vt 0.49609375 0.42578125
vt 0.4921875 0.42578125
vt 0.33203125 0.890625
vt 0.33984375 0.890625
vt 0.33984375 0.82421875
vt 0.33203125 0.82421875
vt 0.71875 0.734375
vt 0.71484375 0.734375
vt 0.71484375 0.7421875
vt 0.71875 0.7421875
vt 0.71875 0.73046875
vt 0.71484375 0.73046875
vt 0.71484375 0.72265625
vt 0.71875 0.72265625
vn 0 0 -1
vn 1 0 0
vn 0 0 1
vn -1 0 0
vn 0 1 0
vn 0 -1 0
usemtl m_91fe65ba-4f97-40fd-8230-0084d13434eb
f 1764/5284/1321 1767/5283/1321 1765/5282/1321 1762/5281/1321
f 1763/5288/1322 1764/5287/1322 1762/5286/1322 1761/5285/1322
f 1768/5292/1323 1763/5291/1323 1761/5290/1323 1766/5289/1323
f 1767/5296/1324 1768/5295/1324 1766/5294/1324 1765/5293/1324
f 1766/5300/1325 1761/5299/1325 1762/5298/1325 1765/5297/1325
f 1767/5304/1326 1764/5303/1326 1763/5302/1326 1768/5301/1326
o cube
v 0.29375 2.025 -0.1875
v 0.29375 2.025 -0.24375000000000002
v 0.29375 1.2375000000000003 -0.1875
v 0.29375 1.2375000000000003 -0.24375000000000002
v 0.21249999999999997 2.025 -0.24375000000000002
v 0.21249999999999997 2.025 -0.1875
v 0.21249999999999997 1.2375000000000003 -0.24375000000000002
v 0.21249999999999997 1.2375000000000003 -0.1875
vt 0.03125 0.421875
vt 0.03515625 0.421875
vt 0.03515625 0.37109375
vt 0.03125 0.37109375
vt 0.03515625 0.421875
vt 0.0390625 0.421875
vt 0.0390625 0.37109375
vt 0.03515625 0.37109375
vt 0.578125 0.94921875
vt 0.58203125 0.94921875
vt 0.58203125 0.8984375
vt 0.578125 0.8984375
vt 0.0859375 0.421875
vt 0.08984375 0.421875
vt 0.08984375 0.37109375
vt 0.0859375 0.37109375
vt 0.515625 0.26953125
vt 0.51171875 0.26953125
vt 0.51171875 0.2734375
vt 0.515625 0.2734375
vt 0.73046875 0.48828125
vt 0.7265625 0.48828125
vt 0.7265625 0.484375
vt 0.73046875 0.484375
vn 0 0 -1
vn 1 0 0
vn 0 0 1
vn -1 0 0
vn 0 1 0
vn 0 -1 0
usemtl m_91fe65ba-4f97-40fd-8230-0084d13434eb
f 1772/5308/1327 1775/5307/1327 1773/5306/1327 1770/5305/1327
f 1771/5312/1328 1772/5311/1328 1770/5310/1328 1769/5309/1328
f 1776/5316/1329 1771/5315/1329 1769/5314/1329 1774/5313/1329
f 1775/5320/1330 1776/5319/1330 1774/5318/1330 1773/5317/1330
f 1774/5324/1331 1769/5323/1331 1770/5322/1331 1773/5321/1331
f 1775/5328/1332 1772/5327/1332 1771/5326/1332 1776/5325/1332
o cube
v 0.35625000000000007 2.01875 -0.20625
v 0.35625000000000007 2.01875 -0.30000000000000004
v 0.35625000000000007 1.125 -0.20625
v 0.35625000000000007 1.125 -0.30000000000000004
v 0.275 2.01875 -0.30000000000000004
v 0.275 2.01875 -0.20625
v 0.275 1.125 -0.30000000000000004
v 0.275 1.125 -0.20625
vt 0.40625 0.46484375
vt 0.41015625 0.46484375
vt 0.41015625 0.41015625
vt 0.40625 0.41015625
vt 0.41796875 0.890625
vt 0.42578125 0.890625
vt 0.42578125 0.8359375
vt 0.41796875 0.8359375
vt 0.41015625 0.46484375
vt 0.4140625 0.46484375
vt 0.4140625 0.41015625
vt 0.41015625 0.41015625
vt 0.421875 1
vt 0.4296875 1
vt 0.4296875 0.9453125
vt 0.421875 0.9453125
vt 0.71875 0.70703125
vt 0.71484375 0.70703125
vt 0.71484375 0.71484375
vt 0.71875 0.71484375
vt 0.71875 0.70703125
vt 0.71484375 0.70703125
vt 0.71484375 0.69921875
vt 0.71875 0.69921875
vn 0 0 -1
vn 1 0 0
vn 0 0 1
vn -1 0 0
vn 0 1 0
vn 0 -1 0
usemtl m_91fe65ba-4f97-40fd-8230-0084d13434eb
f 1780/5332/1333 1783/5331/1333 1781/5330/1333 1778/5329/1333
f 1779/5336/1334 1780/5335/1334 1778/5334/1334 1777/5333/1334
f 1784/5340/1335 1779/5339/1335 1777/5338/1335 1782/5337/1335
f 1783/5344/1336 1784/5343/1336 1782/5342/1336 1781/5341/1336
f 1782/5348/1337 1777/5347/1337 1778/5346/1337 1781/5345/1337
f 1783/5352/1338 1780/5351/1338 1779/5350/1338 1784/5349/1338
o cube
v 0.15625 1.7812499999999998 -0.275
v 0.15625 1.7812499999999998 -0.36875
v 0.15625 0.7 -0.275
v 0.15625 0.7 -0.36875
v 0.0062500000000000056 1.7812499999999998 -0.36875
v 0.0062500000000000056 1.7812499999999998 -0.275
v 0.0062500000000000056 0.7 -0.36875
v 0.0062500000000000056 0.7 -0.275
vt 0.26171875 1
vt 0.2734375 1
vt 0.2734375 0.93359375
vt 0.26171875 0.93359375
vt 0.171875 0.66796875
vt 0.1796875 0.66796875
vt 0.1796875 0.6015625
vt 0.171875 0.6015625
vt 0.0546875 0.734375
vt 0.06640625 0.734375
vt 0.06640625 0.66796875
vt 0.0546875 0.66796875
vt 0.33203125 0.82421875
vt 0.33984375 0.82421875
vt 0.33984375 0.7578125
vt 0.33203125 0.7578125
vt 0.70703125 0.38671875
vt 0.6953125 0.38671875
vt 0.6953125 0.39453125
vt 0.70703125 0.39453125
vt 0.70703125 0.38671875
vt 0.6953125 0.38671875
vt 0.6953125 0.37890625
vt 0.70703125 0.37890625
vn 0 0 -1
vn 1 0 0
vn 0 0 1
vn -1 0 0
vn 0 1 0
vn 0 -1 0
usemtl m_91fe65ba-4f97-40fd-8230-0084d13434eb
f 1788/5356/1339 1791/5355/1339 1789/5354/1339 1786/5353/1339
f 1787/5360/1340 1788/5359/1340 1786/5358/1340 1785/5357/1340
f 1792/5364/1341 1787/5363/1341 1785/5362/1341 1790/5361/1341
f 1791/5368/1342 1792/5367/1342 1790/5366/1342 1789/5365/1342
f 1790/5372/1343 1785/5371/1343 1786/5370/1343 1789/5369/1343
f 1791/5376/1344 1788/5375/1344 1787/5374/1344 1792/5373/1344
o cube
v 0.04374999999999998 2.11875 -0.26874999999999993
v 0.04374999999999998 2.11875 -0.35
v 0.04374999999999998 1.1125000000000003 -0.26874999999999993
v 0.04374999999999998 1.1125000000000003 -0.35
v -0.1625 2.11875 -0.35
v -0.1625 2.11875 -0.26874999999999993
v -0.1625 1.1125000000000003 -0.35
v -0.1625 1.1125000000000003 -0.26874999999999993
vt 0.17578125 0.73046875
vt 0.1875 0.73046875
vt 0.1875 0.66796875
vt 0.17578125 0.66796875
vt 0.20703125 0.46875
vt 0.2109375 0.46875
vt 0.2109375 0.40625
vt 0.20703125 0.40625
vt 0.2734375 1
vt 0.28515625 1
vt 0.28515625 0.9375
vt 0.2734375 0.9375
vt 0.2109375 0.46875
vt 0.21484375 0.46875
vt 0.21484375 0.40625
vt 0.2109375 0.40625
vt 0.71875 0.56640625
vt 0.70703125 0.56640625
vt 0.70703125 0.5703125
vt 0.71875 0.5703125
vt 0.71875 0.56640625
vt 0.70703125 0.56640625
vt 0.70703125 0.5625
vt 0.71875 0.5625
vn 0 0 -1
vn 1 0 0
vn 0 0 1
vn -1 0 0
vn 0 1 0
vn 0 -1 0
usemtl m_91fe65ba-4f97-40fd-8230-0084d13434eb
f 1796/5380/1345 1799/5379/1345 1797/5378/1345 1794/5377/1345
f 1795/5384/1346 1796/5383/1346 1794/5382/1346 1793/5381/1346
f 1800/5388/1347 1795/5387/1347 1793/5386/1347 1798/5385/1347
f 1799/5392/1348 1800/5391/1348 1798/5390/1348 1797/5389/1348
f 1798/5396/1349 1793/5395/1349 1794/5394/1349 1797/5393/1349
f 1799/5400/1350 1796/5399/1350 1795/5398/1350 1800/5397/1350
o cube
v 0.10625000000000001 2.08125 -0.33125
v 0.10625000000000001 2.08125 -0.42500000000000004
v 0.10625000000000001 1 -0.33125
v 0.10625000000000001 1 -0.42500000000000004
v -0.056249999999999994 2.08125 -0.42500000000000004
v -0.056249999999999994 2.08125 -0.33125
v -0.056249999999999994 1 -0.42500000000000004
v -0.056249999999999994 1 -0.33125
vt 0.06640625 0.734375
vt 0.078125 0.734375
vt 0.078125 0.66796875
vt 0.06640625 0.66796875
vt 0.1796875 0.66796875
vt 0.1875 0.66796875
vt 0.1875 0.6015625
vt 0.1796875 0.6015625
vt 0.078125 0.734375
vt 0.08984375 0.734375
vt 0.08984375 0.66796875
vt 0.078125 0.66796875
vt 0.3359375 1
vt 0.34375 1
vt 0.34375 0.93359375
vt 0.3359375 0.93359375
vt 0.70703125 0.37109375
vt 0.6953125 0.37109375
vt 0.6953125 0.37890625
vt 0.70703125 0.37890625
vt 0.70703125 0.37109375
vt 0.6953125 0.37109375
vt 0.6953125 0.36328125
vt 0.70703125 0.36328125
vn 0 0 -1
vn 1 0 0
vn 0 0 1
vn -1 0 0
vn 0 1 0
vn 0 -1 0
usemtl m_91fe65ba-4f97-40fd-8230-0084d13434eb
f 1804/5404/1351 1807/5403/1351 1805/5402/1351 1802/5401/1351
f 1803/5408/1352 1804/5407/1352 1802/5406/1352 1801/5405/1352
f 1808/5412/1353 1803/5411/1353 1801/5410/1353 1806/5409/1353
f 1807/5416/1354 1808/5415/1354 1806/5414/1354 1805/5413/1354
f 1806/5420/1355 1801/5419/1355 1802/5418/1355 1805/5417/1355
f 1807/5424/1356 1804/5423/1356 1803/5422/1356 1808/5421/1356
o cube
v 0.28125 1.7812499999999998 -0.21250000000000005
v 0.28125 1.7812499999999998 -0.30625
v 0.28125 0.7 -0.21250000000000005
v 0.28125 0.7 -0.30625
v 0.2 1.7812499999999998 -0.30625
v 0.2 1.7812499999999998 -0.21250000000000005
v 0.2 0.7 -0.30625
v 0.2 0.7 -0.21250000000000005
vt 0.49609375 0.4921875
vt 0.5 0.4921875
vt 0.5 0.42578125
vt 0.49609375 0.42578125
vt 0.0859375 0.6640625
vt 0.09375 0.6640625
vt 0.09375 0.59765625
vt 0.0859375 0.59765625
vt 0.5078125 0.49609375
vt 0.51171875 0.49609375
vt 0.51171875 0.4296875
vt 0.5078125 0.4296875
vt 0.3359375 0.7578125
vt 0.34375 0.7578125
vt 0.34375 0.69140625
vt 0.3359375 0.69140625
vt 0.71875 0.69140625
vt 0.71484375 0.69140625
vt 0.71484375 0.69921875
vt 0.71875 0.69921875
vt 0.71875 0.69140625
vt 0.71484375 0.69140625
vt 0.71484375 0.68359375
vt 0.71875 0.68359375
vn 0 0 -1
vn 1 0 0
vn 0 0 1
vn -1 0 0
vn 0 1 0
vn 0 -1 0
usemtl m_91fe65ba-4f97-40fd-8230-0084d13434eb
f 1812/5428/1357 1815/5427/1357 1813/5426/1357 1810/5425/1357
f 1811/5432/1358 1812/5431/1358 1810/5430/1358 1809/5429/1358
f 1816/5436/1359 1811/5435/1359 1809/5434/1359 1814/5433/1359
f 1815/5440/1360 1816/5439/1360 1814/5438/1360 1813/5437/1360
f 1814/5444/1361 1809/5443/1361 1810/5442/1361 1813/5441/1361
f 1815/5448/1362 1812/5447/1362 1811/5446/1362 1816/5445/1362
o cube
v 0.16875 2.1375 -0.25
v 0.16875 2.1375 -0.30625
v 0.16875 1.1124999999999998 -0.25
v 0.16875 1.1124999999999998 -0.30625
v 0.08749999999999998 2.1375 -0.30625
v 0.08749999999999998 2.1375 -0.25
v 0.08749999999999998 1.1124999999999998 -0.30625
v 0.08749999999999998 1.1124999999999998 -0.25
vt 0.53125 0.7890625
vt 0.53515625 0.7890625
vt 0.53515625 0.7265625
vt 0.53125 0.7265625
vt 0.53125 0.7265625
vt 0.53515625 0.7265625
vt 0.53515625 0.6640625
vt 0.53125 0.6640625
vt 0.328125 0.46875
vt 0.33203125 0.46875
vt 0.33203125 0.40625
vt 0.328125 0.40625
vt 0.33203125 0.46875
vt 0.3359375 0.46875
vt 0.3359375 0.40625
vt 0.33203125 0.40625
vt 0.51953125 0.26953125
vt 0.515625 0.26953125
vt 0.515625 0.2734375
vt 0.51953125 0.2734375
vt 0.73046875 0.484375
vt 0.7265625 0.484375
vt 0.7265625 0.48046875
vt 0.73046875 0.48046875
vn 0 0 -1
vn 1 0 0
vn 0 0 1
vn -1 0 0
vn 0 1 0
vn 0 -1 0
usemtl m_91fe65ba-4f97-40fd-8230-0084d13434eb
f 1820/5452/1363 1823/5451/1363 1821/5450/1363 1818/5449/1363
f 1819/5456/1364 1820/5455/1364 1818/5454/1364 1817/5453/1364
f 1824/5460/1365 1819/5459/1365 1817/5458/1365 1822/5457/1365
f 1823/5464/1366 1824/5463/1366 1822/5462/1366 1821/5461/1366
f 1822/5468/1367 1817/5467/1367 1818/5466/1367 1821/5465/1367
f 1823/5472/1368 1820/5471/1368 1819/5470/1368 1824/5469/1368
o cube
v 0.23125 2.08125 -0.26875
v 0.23125 2.08125 -0.36250000000000004
v 0.23125 1 -0.26875
v 0.23125 1 -0.36250000000000004
v 0.14999999999999997 2.08125 -0.36250000000000004
v 0.14999999999999997 2.08125 -0.26875
v 0.14999999999999997 1 -0.36250000000000004
v 0.14999999999999997 1 -0.26875
vt 0.51171875 1
vt 0.515625 1
vt 0.515625 0.93359375
vt 0.51171875 0.93359375
vt 0.3359375 0.69140625
vt 0.34375 0.69140625
vt 0.34375 0.625
vt 0.3359375 0.625
vt 0.015625 0.48828125
vt 0.01953125 0.48828125
vt 0.01953125 0.421875
vt 0.015625 0.421875
vt 0.33984375 0.93359375
vt 0.34765625 0.93359375
vt 0.34765625 0.8671875
vt 0.33984375 0.8671875
vt 0.71875 0.67578125
vt 0.71484375 0.67578125
vt 0.71484375 0.68359375
vt 0.71875 0.68359375
vt 0.71875 0.67578125
vt 0.71484375 0.67578125
vt 0.71484375 0.66796875
vt 0.71875 0.66796875
vn 0 0 -1
vn 1 0 0
vn 0 0 1
vn -1 0 0
vn 0 1 0
vn 0 -1 0
usemtl m_91fe65ba-4f97-40fd-8230-0084d13434eb
f 1828/5476/1369 1831/5475/1369 1829/5474/1369 1826/5473/1369
f 1827/5480/1370 1828/5479/1370 1826/5478/1370 1825/5477/1370
f 1832/5484/1371 1827/5483/1371 1825/5482/1371 1830/5481/1371
f 1831/5488/1372 1832/5487/1372 1830/5486/1372 1829/5485/1372
f 1830/5492/1373 1825/5491/1373 1826/5490/1373 1829/5489/1373
f 1831/5496/1374 1828/5495/1374 1827/5494/1374 1832/5493/1374
o cube
v 0.25 1.0625 0.6875
v 0.25 1.0625 0.33125000000000004
v 0.25 0.5625 0.6875
v 0.25 0.5625 0.33125000000000004
v -0.375 1.0625 0.33125000000000004
v -0.375 1.0625 0.6875
v -0.375 0.5625 0.33125000000000004
v -0.375 0.5625 0.6875
vt 0.203125 0.81640625
vt 0.2421875 0.81640625
vt 0.2421875 0.7890625
vt 0.203125 0.7890625
vt 0.140625 0.8984375
vt 0.19140625 0.8984375
vt 0.19140625 0.87109375
vt 0.140625 0.87109375
vt 0.20703125 1
vt 0.24609375 1
vt 0.24609375 0.97265625
vt 0.20703125 0.97265625
vt 0.140625 0.87109375
vt 0.19140625 0.87109375
vt 0.19140625 0.84375
vt 0.140625 0.84375
vt 0.1015625 0.87890625
vt 0.0625 0.87890625
vt 0.0625 0.9296875
vt 0.1015625 0.9296875
vt 0.1171875 1
vt 0.078125 1
vt 0.078125 0.94921875
vt 0.1171875 0.94921875
vn 0 0 -1
vn 1 0 0
vn 0 0 1
vn -1 0 0
vn 0 1 0
vn 0 -1 0
usemtl m_91fe65ba-4f97-40fd-8230-0084d13434eb
f 1836/5500/1375 1839/5499/1375 1837/5498/1375 1834/5497/1375
f 1835/5504/1376 1836/5503/1376 1834/5502/1376 1833/5501/1376
f 1840/5508/1377 1835/5507/1377 1833/5506/1377 1838/5505/1377
f 1839/5512/1378 1840/5511/1378 1838/5510/1378 1837/5509/1378
f 1838/5516/1379 1833/5515/1379 1834/5514/1379 1837/5513/1379
f 1839/5520/1380 1836/5519/1380 1835/5518/1380 1840/5517/1380
o cube
v 0.1875 1 0.75
v 0.1875 1 0.26249999999999996
v 0.1875 0.6875 0.75
v 0.1875 0.6875 0.26249999999999996
v -0.3125 1 0.26249999999999996
v -0.3125 1 0.75
v -0.3125 0.6875 0.26249999999999996
v -0.3125 0.6875 0.75
vt 0.1796875 0.9453125
vt 0.2109375 0.9453125
vt 0.2109375 0.90625
vt 0.1796875 0.90625
vt 0.015625 0.86328125
vt 0.0546875 0.86328125
vt 0.0546875 0.82421875
vt 0.015625 0.82421875
vt 0.140625 0.81640625
vt 0.171875 0.81640625
vt 0.171875 0.77734375
vt 0.140625 0.77734375
vt 0.140625 0.9375
vt 0.1796875 0.9375
vt 0.1796875 0.8984375
vt 0.140625 0.8984375
vt 0.203125 0.77734375
vt 0.171875 0.77734375
vt 0.171875 0.81640625
vt 0.203125 0.81640625
vt 0.22265625 0.90625
vt 0.19140625 0.90625
vt 0.19140625 0.8671875
vt 0.22265625 0.8671875
vn 0 0 -1
vn 1 0 0
vn 0 0 1
vn -1 0 0
vn 0 1 0
vn 0 -1 0
usemtl m_91fe65ba-4f97-40fd-8230-0084d13434eb
f 1844/5524/1381 1847/5523/1381 1845/5522/1381 1842/5521/1381
f 1843/5528/1382 1844/5527/1382 1842/5526/1382 1841/5525/1382
f 1848/5532/1383 1843/5531/1383 1841/5530/1383 1846/5529/1383
f 1847/5536/1384 1848/5535/1384 1846/5534/1384 1845/5533/1384
f 1846/5540/1385 1841/5539/1385 1842/5538/1385 1845/5537/1385
f 1847/5544/1386 1844/5543/1386 1843/5542/1386 1848/5541/1386
o cube
v -0.34682476570749077 1.1726530945777132 0.0503469970823579
v -0.43411152956508225 1.1963749965075636 0.025702429240749947
v -0.7102219681946254 0.22633566614299871 0.426548220319649
v -0.797508732052217 0.2500575680728492 0.40190365247804105
v -0.44565162248445 1.2298739410313608 0.09882020731970897
v -0.3583648586268585 1.2061520391015104 0.12346477516131693
v -0.8090488249715848 0.2835565125966464 0.4750214305570001
v -0.7217620611139932 0.2598346106667959 0.4996659983986081
vt 0.01953125 0.48828125
vt 0.0234375 0.48828125
vt 0.0234375 0.421875
vt 0.01953125 0.421875
vt 0.33984375 0.8671875
vt 0.34765625 0.8671875
vt 0.34765625 0.80078125
vt 0.33984375 0.80078125
vt 0.0234375 0.48828125
vt 0.02734375 0.48828125
vt 0.02734375 0.421875
vt 0.0234375 0.421875
vt 0.34375 1
vt 0.3515625 1
vt 0.3515625 0.93359375
vt 0.34375 0.93359375
vt 0.71875 0.66015625
vt 0.71484375 0.66015625
vt 0.71484375 0.66796875
vt 0.71875 0.66796875
vt 0.71875 0.66015625
vt 0.71484375 0.66015625
vt 0.71484375 0.65234375
vt 0.71875 0.65234375
vn -0.931058814480976 0.2530336205850714 -0.26287539031048507
vn 0.1420319128537579 -0.4122947018313517 -0.8999111148179577
vn 0.931058814480976 -0.2530336205850714 0.26287539031048507
vn -0.1420319128537579 0.4122947018313517 0.8999111148179577
vn 0.33608989825399727 0.8752068702286374 -0.3479317671558761
vn -0.33608989825399727 -0.8752068702286374 0.3479317671558761
usemtl m_91fe65ba-4f97-40fd-8230-0084d13434eb
f 1852/5548/1387 1855/5547/1387 1853/5546/1387 1850/5545/1387
f 1851/5552/1388 1852/5551/1388 1850/5550/1388 1849/5549/1388
f 1856/5556/1389 1851/5555/1389 1849/5554/1389 1854/5553/1389
f 1855/5560/1390 1856/5559/1390 1854/5558/1390 1853/5557/1390
f 1854/5564/1391 1849/5563/1391 1850/5562/1391 1853/5561/1391
f 1855/5568/1392 1852/5567/1392 1851/5566/1392 1856/5565/1392
o cube
v -0.3473045767084756 1.3598060398399763 0.08953940528935345
v -0.3996766350230305 1.3740391809978865 0.07475266458438867
v -0.6224781809039359 0.6432304148402792 0.37440853964822707
v -0.6748502392184909 0.6574635559981894 0.3596217989432623
v -0.4112167279423983 1.4075381255216841 0.1478704426633477
v -0.35884466962784334 1.3933049843637737 0.16265718336831247
v -0.6863903321378586 0.6909625005219868 0.4327395770222214
v -0.6340182738233038 0.6767293593640766 0.4475263177271862
vt 0.08984375 0.421875
vt 0.09375 0.421875
vt 0.09375 0.37109375
vt 0.08984375 0.37109375
vt 0.09375 0.421875
vt 0.09765625 0.421875
vt 0.09765625 0.37109375
vt 0.09375 0.37109375
vt 0.09765625 0.421875
vt 0.1015625 0.421875
vt 0.1015625 0.37109375
vt 0.09765625 0.37109375
vt 0.1015625 0.421875
vt 0.10546875 0.421875
vt 0.10546875 0.37109375
vt 0.1015625 0.37109375
vt 0.5234375 0.26953125
vt 0.51953125 0.26953125
vt 0.51953125 0.2734375
vt 0.5234375 0.2734375
vt 0.73046875 0.48046875
vt 0.7265625 0.48046875
vt 0.7265625 0.4765625
vt 0.73046875 0.4765625
vn -0.931058814480976 0.2530336205850714 -0.26287539031048507
vn 0.1420319128537579 -0.4122947018313517 -0.8999111148179577
vn 0.931058814480976 -0.2530336205850714 0.26287539031048507
vn -0.1420319128537579 0.4122947018313517 0.8999111148179577
vn 0.33608989825399727 0.8752068702286374 -0.3479317671558761
vn -0.33608989825399727 -0.8752068702286374 0.3479317671558761
usemtl m_91fe65ba-4f97-40fd-8230-0084d13434eb
f 1860/5572/1393 1863/5571/1393 1861/5570/1393 1858/5569/1393
f 1859/5576/1394 1860/5575/1394 1858/5574/1394 1857/5573/1394
f 1864/5580/1395 1859/5579/1395 1857/5578/1395 1862/5577/1395
f 1863/5584/1396 1864/5583/1396 1862/5582/1396 1861/5581/1396
f 1862/5588/1397 1857/5587/1397 1858/5586/1397 1861/5585/1397
f 1863/5592/1398 1860/5591/1398 1859/5590/1398 1864/5589/1398
o cube
v -0.38529280102385893 1.2622014002164805 0.05881007667104887
v -0.4725795648814505 1.285923302146331 0.034165508829440916
v -0.6688686526756691 0.5237456034610677 0.3523775052088194
v -0.7561554165332607 0.5474675053909182 0.3277329373672113
v -0.4841196578008182 1.3194222466701284 0.10728328690839994
v -0.3968328939432267 1.295700344740278 0.131927854750008
v -0.7676955094526285 0.5809664499147156 0.4008507154461704
v -0.680408745595037 0.5572445479848651 0.4254952832877784
vt 0.4140625 0.46484375
vt 0.41796875 0.46484375
vt 0.41796875 0.41015625
vt 0.4140625 0.41015625
vt 0.421875 0.8359375
vt 0.4296875 0.8359375
vt 0.4296875 0.78125
vt 0.421875 0.78125
vt 0.41796875 0.46484375
vt 0.421875 0.46484375
vt 0.421875 0.41015625
vt 0.41796875 0.41015625
vt 0.265625 0.578125
vt 0.2734375 0.578125
vt 0.2734375 0.5234375
vt 0.265625 0.5234375
vt 0.71875 0.64453125
vt 0.71484375 0.64453125
vt 0.71484375 0.65234375
vt 0.71875 0.65234375
vt 0.71875 0.64453125
vt 0.71484375 0.64453125
vt 0.71484375 0.63671875
vt 0.71875 0.63671875
vn -0.931058814480976 0.2530336205850714 -0.26287539031048507
vn 0.1420319128537579 -0.4122947018313517 -0.8999111148179577
vn 0.931058814480976 -0.2530336205850714 0.26287539031048507
vn -0.1420319128537579 0.4122947018313517 0.8999111148179577
vn 0.33608989825399727 0.8752068702286374 -0.3479317671558761
vn -0.33608989825399727 -0.8752068702286374 0.3479317671558761
usemtl m_91fe65ba-4f97-40fd-8230-0084d13434eb
f 1868/5596/1399 1871/5595/1399 1869/5594/1399 1866/5593/1399
f 1867/5600/1400 1868/5599/1400 1866/5598/1400 1865/5597/1400
f 1872/5604/1401 1867/5603/1401 1865/5602/1401 1870/5601/1401
f 1871/5608/1402 1872/5607/1402 1870/5606/1402 1869/5605/1402
f 1870/5612/1403 1865/5611/1403 1866/5610/1403 1869/5609/1403
f 1871/5616/1404 1868/5615/1404 1867/5614/1404 1872/5613/1404
o cube
v 0.25570023666661634 1.2061520391015104 0.0697410406561717
v 0.337381434153834 1.2298739410313608 0.0303136916978064
v 0.6789032759501192 0.2598346106667959 0.3771236600117811
v 0.7605844734373368 0.2835565125966464 0.3376963110534158
v 0.313319892257893 1.1963749965075636 -0.039689346931823244
v 0.23163869477067534 1.1726530945777132 -0.0002619979734579392
v 0.7365229315413959 0.2500575680728492 0.26769327242378604
v 0.6548417340541782 0.22633566614299871 0.30712062138215135
vt 0.02734375 0.48828125
vt 0.03125 0.48828125
vt 0.03125 0.421875
vt 0.02734375 0.421875
vt 0.34375 0.80078125
vt 0.3515625 0.80078125
vt 0.3515625 0.734375
vt 0.34375 0.734375
vt 0.03125 0.48828125
vt 0.03515625 0.48828125
vt 0.03515625 0.421875
vt 0.03125 0.421875
vt 0.34375 0.734375
vt 0.3515625 0.734375
vt 0.3515625 0.66796875
vt 0.34375 0.66796875
vt 0.36328125 0.27734375
vt 0.359375 0.27734375
vt 0.359375 0.28515625
vt 0.36328125 0.28515625
vt 0.3671875 0.28515625
vt 0.36328125 0.28515625
vt 0.36328125 0.27734375
vt 0.3671875 0.27734375
vn 0.8712661065303215 0.2530336205850711 -0.42055838888923003
vn 0.2961420541038891 0.41229470183135164 0.8615758600569807
vn -0.8712661065303215 -0.2530336205850711 0.42055838888923003
vn -0.2961420541038891 -0.41229470183135164 -0.8615758600569807
vn -0.391401654828673 0.8752068702286375 -0.2842845034502745
vn 0.391401654828673 -0.8752068702286375 0.2842845034502745
usemtl m_91fe65ba-4f97-40fd-8230-0084d13434eb
f 1876/5620/1405 1879/5619/1405 1877/5618/1405 1874/5617/1405
f 1875/5624/1406 1876/5623/1406 1874/5622/1406 1873/5621/1406
f 1880/5628/1407 1875/5627/1407 1873/5626/1407 1878/5625/1407
f 1879/5632/1408 1880/5631/1408 1878/5630/1408 1877/5629/1408
f 1878/5636/1409 1873/5635/1409 1874/5634/1409 1877/5633/1409
f 1879/5640/1410 1876/5639/1410 1875/5638/1410 1880/5637/1410
o cube
v 0.26297844852388996 1.3933049843637735 0.10825470981169472
v 0.3119871670162206 1.4075381255216837 0.0845983004366756
v 0.5834385534148661 0.6767293593640764 0.341012647011607
v 0.6324472719071967 0.6909625005219866 0.3173562376365878
v 0.2879256251202796 1.3740391809978865 0.014595261807045956
v 0.23891690662794896 1.359806039839976 0.03825167118206518
v 0.6083857300112557 0.6574635559981894 0.24735319900695807
v 0.5593770115189252 0.643230414840279 0.2710096083819773
vt 0.578125 0.8984375
vt 0.58203125 0.8984375
vt 0.58203125 0.84765625
vt 0.578125 0.84765625
vt 0.10546875 0.421875
vt 0.109375 0.421875
vt 0.109375 0.37109375
vt 0.10546875 0.37109375
vt 0.578125 0.84765625
vt 0.58203125 0.84765625
vt 0.58203125 0.796875
vt 0.578125 0.796875
vt 0.1640625 0.421875
vt 0.16796875 0.421875
vt 0.16796875 0.37109375
vt 0.1640625 0.37109375
vt 0.52734375 0.26953125
vt 0.5234375 0.26953125
vt 0.5234375 0.2734375
vt 0.52734375 0.2734375
vt 0.73046875 0.4765625
vt 0.7265625 0.4765625
vt 0.7265625 0.47265625
vt 0.73046875 0.47265625
vn 0.8712661065303215 0.2530336205850711 -0.42055838888923003
vn 0.2961420541038891 0.41229470183135164 0.8615758600569807
vn -0.8712661065303215 -0.2530336205850711 0.42055838888923003
vn -0.2961420541038891 -0.41229470183135164 -0.8615758600569807
vn -0.391401654828673 0.8752068702286375 -0.2842845034502745
vn 0.391401654828673 -0.8752068702286375 0.2842845034502745
usemtl m_91fe65ba-4f97-40fd-8230-0084d13434eb
f 1884/5644/1411 1887/5643/1411 1885/5642/1411 1882/5641/1411
f 1883/5648/1412 1884/5647/1412 1882/5646/1412 1881/5645/1412
f 1888/5652/1413 1883/5651/1413 1881/5650/1413 1886/5649/1413
f 1887/5656/1414 1888/5655/1414 1886/5654/1414 1885/5653/1414
f 1886/5660/1415 1881/5659/1415 1882/5658/1415 1885/5657/1415
f 1887/5664/1416 1884/5663/1416 1883/5662/1416 1888/5661/1416
o cube
v 0.2950534544373495 1.295700344740278 0.07139564281835942
v 0.3767346519245672 1.3194222466701282 0.03196829385999411
v 0.6252986006990424 0.5572445479848651 0.3112606926045286
v 0.7069797981862601 0.5809664499147154 0.2718333436461633
v 0.35267311002862617 1.285923302146331 -0.03803474476963553
v 0.2709919125414085 1.2622014002164805 0.0013926041887297735
v 0.6829182562903191 0.5474675053909182 0.20183030501653354
v 0.6012370588031014 0.5237456034610677 0.24125765397489884
vt 0.421875 0.46484375
vt 0.42578125 0.46484375
vt 0.42578125 0.41015625
vt 0.421875 0.41015625
vt 0.421875 0.7265625
vt 0.4296875 0.7265625
vt 0.4296875 0.671875
vt 0.421875 0.671875
vt 0.42578125 0.46484375
vt 0.4296875 0.46484375
vt 0.4296875 0.41015625
vt 0.42578125 0.41015625
vt 0.421875 0.671875
vt 0.4296875 0.671875
vt 0.4296875 0.6171875
vt 0.421875 0.6171875
vt 0.37109375 0.27734375
vt 0.3671875 0.27734375
vt 0.3671875 0.28515625
vt 0.37109375 0.28515625
vt 0.375 0.28515625
vt 0.37109375 0.28515625
vt 0.37109375 0.27734375
vt 0.375 0.27734375
vn 0.8712661065303215 0.2530336205850711 -0.42055838888923003
vn 0.2961420541038891 0.41229470183135164 0.8615758600569807
vn -0.8712661065303215 -0.2530336205850711 0.42055838888923003
vn -0.2961420541038891 -0.41229470183135164 -0.8615758600569807
vn -0.391401654828673 0.8752068702286375 -0.2842845034502745
vn 0.391401654828673 -0.8752068702286375 0.2842845034502745
usemtl m_91fe65ba-4f97-40fd-8230-0084d13434eb
f 1892/5668/1417 1895/5667/1417 1893/5666/1417 1890/5665/1417
f 1891/5672/1418 1892/5671/1418 1890/5670/1418 1889/5669/1418
f 1896/5676/1419 1891/5675/1419 1889/5674/1419 1894/5673/1419
f 1895/5680/1420 1896/5679/1420 1894/5678/1420 1893/5677/1420
f 1894/5684/1421 1889/5683/1421 1890/5682/1421 1893/5681/1421
f 1895/5688/1422 1892/5687/1422 1891/5686/1422 1896/5685/1422
o cube
v 0.1913146485131621 1.1600089911436835 -0.04190108990204988
v 0.21880483758859337 1.1552495711174813 -0.1314036034176559
v 0.41745499410656023 0.11012076923941017 0.08338589306737976
v 0.4449451831819915 0.10536134921320794 -0.006116620448226251
v 0.14300793179090926 1.1362656297872666 -0.15367469551184787
v 0.11551774271547799 1.1410250498134689 -0.06417218199624186
v 0.36914827738430733 0.0863774078829933 -0.02838771254241812
v 0.34165808830887606 0.09113682790919553 0.06111480097318778
vt 0.03515625 0.48828125
vt 0.0390625 0.48828125
vt 0.0390625 0.421875
vt 0.03515625 0.421875
vt 0.34375 0.66796875
vt 0.3515625 0.66796875
vt 0.3515625 0.6015625
vt 0.34375 0.6015625
vt 0.0859375 0.48828125
vt 0.08984375 0.48828125
vt 0.08984375 0.421875
vt 0.0859375 0.421875
vt 0.34765625 0.93359375
vt 0.35546875 0.93359375
vt 0.35546875 0.8671875
vt 0.34765625 0.8671875
vt 0.37890625 0.27734375
vt 0.375 0.27734375
vt 0.375 0.28515625
vt 0.37890625 0.28515625
vt 0.3828125 0.28515625
vt 0.37890625 0.28515625
vt 0.37890625 0.27734375
vt 0.3828125 0.27734375
vn 0.2932286834712669 -0.050767146946156486 -0.9546934774997968
vn 0.9328849944330344 0.23364850867956527 0.2741057488515929
vn -0.2932286834712669 0.050767146946156486 0.9546934774997968
vn -0.9328849944330344 -0.23364850867956527 -0.2741057488515929
vn -0.20914714043320032 0.9709948873103105 -0.11587235419138014
vn 0.20914714043320032 -0.9709948873103105 0.11587235419138014
usemtl m_91fe65ba-4f97-40fd-8230-0084d13434eb
f 1900/5692/1423 1903/5691/1423 1901/5690/1423 1898/5689/1423
f 1899/5696/1424 1900/5695/1424 1898/5694/1424 1897/5693/1424
f 1904/5700/1425 1899/5699/1425 1897/5698/1425 1902/5697/1425
f 1903/5704/1426 1904/5703/1426 1902/5702/1426 1901/5701/1426
f 1902/5708/1427 1897/5707/1427 1898/5706/1427 1901/5705/1427
f 1903/5712/1428 1900/5711/1428 1899/5710/1428 1904/5709/1428
o cube
v 0.27588821495207105 1.3300399134562002 -0.06424605169119513
v 0.2923823283973298 1.327184261440479 -0.11794755980055871
v 0.447127436181754 0.5350378494708834 0.030624438302997326
v 0.46362154962701274 0.5321821974551622 -0.023077069806366257
v 0.2165854225996457 1.3082003201102643 -0.14021865189475058
v 0.2000913091543869 1.3110559721259856 -0.086517143785387
v 0.3878246438293286 0.5131982561249475 -0.045348161900558126
v 0.3713305303840698 0.5160539081406688 0.008353346208805346
vt 0.16796875 0.421875
vt 0.171875 0.421875
vt 0.171875 0.37109375
vt 0.16796875 0.37109375
vt 0.17578125 0.421875
vt 0.1796875 0.421875
vt 0.1796875 0.37109375
vt 0.17578125 0.37109375
vt 0.1796875 0.421875
vt 0.18359375 0.421875
vt 0.18359375 0.37109375
vt 0.1796875 0.37109375
vt 0.578125 0.796875
vt 0.58203125 0.796875
vt 0.58203125 0.74609375
vt 0.578125 0.74609375
vt 0.53125 0.26953125
vt 0.52734375 0.26953125
vt 0.52734375 0.2734375
vt 0.53125 0.2734375
vt 0.73046875 0.47265625
vt 0.7265625 0.47265625
vt 0.7265625 0.46875
vt 0.73046875 0.46875
vn 0.2932286834712669 -0.050767146946156486 -0.9546934774997968
vn 0.9328849944330344 0.23364850867956527 0.2741057488515929
vn -0.2932286834712669 0.050767146946156486 0.9546934774997968
vn -0.9328849944330344 -0.23364850867956527 -0.2741057488515929
vn -0.20914714043320032 0.9709948873103105 -0.11587235419138014
vn 0.20914714043320032 -0.9709948873103105 0.11587235419138014
usemtl m_91fe65ba-4f97-40fd-8230-0084d13434eb
f 1908/5716/1429 1911/5715/1429 1909/5714/1429 1906/5713/1429
f 1907/5720/1430 1908/5719/1430 1906/5718/1430 1905/5717/1430
f 1912/5724/1431 1907/5723/1431 1905/5722/1431 1910/5721/1431
f 1911/5728/1432 1912/5727/1432 1910/5726/1432 1909/5725/1432
f 1910/5732/1433 1905/5731/1433 1906/5730/1433 1909/5729/1433
f 1911/5736/1434 1908/5735/1434 1907/5734/1434 1912/5733/1434
o cube
v 0.24138131540299776 1.2295229450188345 -0.089139332705795
v 0.26887150447842906 1.2247635249926323 -0.178641846221401
v 0.4178492151435107 0.41024600885076 0.008627966143181842
v 0.445339404218942 0.4054865888245578 -0.08087454737242417
v 0.19307459868074495 1.2057795836624177 -0.20091293831559298
v 0.16558440960531368 1.2105390036886199 -0.11141042479998697
v 0.36954249842125786 0.38650264749434315 -0.10314563946661603
v 0.3420523093458266 0.3912620675205454 -0.013643125951010027
vt 0.4296875 0.46484375
vt 0.43359375 0.46484375
vt 0.43359375 0.41015625
vt 0.4296875 0.41015625
vt 0.421875 0.6171875
vt 0.4296875 0.6171875
vt 0.4296875 0.5625
vt 0.421875 0.5625
vt 0.43359375 0.46484375
vt 0.4375 0.46484375
vt 0.4375 0.41015625
vt 0.43359375 0.41015625
vt 0.42578125 0.9453125
vt 0.43359375 0.9453125
vt 0.43359375 0.890625
vt 0.42578125 0.890625
vt 0.38671875 0.27734375
vt 0.3828125 0.27734375
vt 0.3828125 0.28515625
vt 0.38671875 0.28515625
vt 0.390625 0.28515625
vt 0.38671875 0.28515625
vt 0.38671875 0.27734375
vt 0.390625 0.27734375
vn 0.2932286834712669 -0.050767146946156486 -0.9546934774997968
vn 0.9328849944330344 0.23364850867956527 0.2741057488515929
vn -0.2932286834712669 0.050767146946156486 0.9546934774997968
vn -0.9328849944330344 -0.23364850867956527 -0.2741057488515929
vn -0.20914714043320032 0.9709948873103105 -0.11587235419138014
vn 0.20914714043320032 -0.9709948873103105 0.11587235419138014
usemtl m_91fe65ba-4f97-40fd-8230-0084d13434eb
f 1916/5740/1435 1919/5739/1435 1917/5738/1435 1914/5737/1435
f 1915/5744/1436 1916/5743/1436 1914/5742/1436 1913/5741/1436
f 1920/5748/1437 1915/5747/1437 1913/5746/1437 1918/5745/1437
f 1919/5752/1438 1920/5751/1438 1918/5750/1438 1917/5749/1438
f 1918/5756/1439 1913/5755/1439 1914/5754/1439 1917/5753/1439
f 1919/5760/1440 1916/5759/1440 1915/5758/1440 1920/5757/1440
o cube
v -0.26552490951447794 1.2256247063531474 0.01593135655930411
v -0.29871973768759186 1.2151023334232876 -0.07111142344272947
v -0.40491289733106695 0.1687702473152246 0.19684902779156077
v -0.43810772550418087 0.15824787438536525 0.10980624778952708
v -0.37398065692740223 1.2296408913633408 -0.04416727995657588
v -0.3407858287542883 1.2401632642932006 0.042875500045457815
v -0.5133686447439912 0.17278643232541868 0.13675039127568067
v -0.4801738165708773 0.18330880525527804 0.22379317127771436
vt 0.08984375 0.48828125
vt 0.09375 0.48828125
vt 0.09375 0.421875
vt 0.08984375 0.421875
vt 0.34765625 0.8671875
vt 0.35546875 0.8671875
vt 0.35546875 0.80078125
vt 0.34765625 0.80078125
vt 0.09375 0.48828125
vt 0.09765625 0.48828125
vt 0.09765625 0.421875
vt 0.09375 0.421875
vt 0 0.6484375
vt 0.0078125 0.6484375
vt 0.0078125 0.58203125
vt 0 0.58203125
vt 0.71875 0.58984375
vt 0.71484375 0.58984375
vt 0.71484375 0.59765625
vt 0.71875 0.59765625
vt 0.47265625 0.28515625
vt 0.46875 0.28515625
vt 0.46875 0.27734375
vt 0.47265625 0.27734375
vn -0.3540781671798808 -0.11223864458516646 -0.9284563200216912
vn 0.9262882367976675 -0.1789360977237347 -0.3316202275218907
vn 0.3540781671798808 0.11223864458516646 0.9284563200216912
vn -0.9262882367976675 0.1789360977237347 0.3316202275218907
vn 0.1289137459575388 0.9774376499772693 -0.16732270171769417
vn -0.1289137459575388 -0.9774376499772693 0.16732270171769417
usemtl m_91fe65ba-4f97-40fd-8230-0084d13434eb
f 1924/5764/1441 1927/5763/1441 1925/5762/1441 1922/5761/1441
f 1923/5768/1442 1924/5767/1442 1922/5766/1442 1921/5765/1442
f 1928/5772/1443 1923/5771/1443 1921/5770/1443 1926/5769/1443
f 1927/5776/1444 1928/5775/1444 1926/5774/1444 1925/5773/1444
f 1926/5780/1445 1921/5779/1445 1922/5778/1445 1925/5777/1445
f 1927/5784/1446 1924/5783/1446 1923/5782/1446 1928/5781/1446
o cube
v -0.15525835225035492 1.3479010936838742 -0.08129143629537616
v -0.17517524915422325 1.3415876699259586 -0.13351710429659625
v -0.26080648175308985 0.5476240177649847 0.055704025735985874
v -0.2807233786569582 0.541310594007069 0.0034783577347656802
v -0.2504361683940338 1.3561262278660118 -0.10657296081044265
v -0.23051927149016546 1.3624396516239274 -0.05434729280922246
v -0.3559842978967688 0.5558491519471225 0.030422501220919274
v -0.33606740099290044 0.5621625757050381 0.08264816922213947
vt 0.22265625 0.421875
vt 0.2265625 0.421875
vt 0.2265625 0.37109375
vt 0.22265625 0.37109375
vt 0.2265625 0.421875
vt 0.23046875 0.421875
vt 0.23046875 0.37109375
vt 0.2265625 0.37109375
vt 0.23046875 0.421875
vt 0.234375 0.421875
vt 0.234375 0.37109375
vt 0.23046875 0.37109375
vt 0.234375 0.421875
vt 0.23828125 0.421875
vt 0.23828125 0.37109375
vt 0.234375 0.37109375
vt 0.53515625 0.26953125
vt 0.53125 0.26953125
vt 0.53125 0.2734375
vt 0.53515625 0.2734375
vt 0.73046875 0.46875
vt 0.7265625 0.46875
vt 0.7265625 0.46484375
vt 0.73046875 0.46484375
vn -0.3540781671798808 -0.11223864458516646 -0.9284563200216912
vn 0.9262882367976675 -0.1789360977237347 -0.3316202275218907
vn 0.3540781671798808 0.11223864458516646 0.9284563200216912
vn -0.9262882367976675 0.1789360977237347 0.3316202275218907
vn 0.1289137459575388 0.9774376499772693 -0.16732270171769417
vn -0.1289137459575388 -0.9774376499772693 0.16732270171769417
usemtl m_91fe65ba-4f97-40fd-8230-0084d13434eb
f 1932/5788/1447 1935/5787/1447 1933/5786/1447 1930/5785/1447
f 1931/5792/1448 1932/5791/1448 1930/5790/1448 1929/5789/1448
f 1936/5796/1449 1931/5795/1449 1929/5794/1449 1934/5793/1449
f 1935/5800/1450 1936/5799/1450 1934/5798/1450 1933/5797/1450
f 1934/5804/1451 1929/5803/1451 1930/5802/1451 1933/5801/1451
f 1935/5808/1452 1932/5807/1452 1931/5806/1452 1936/5805/1452
o cube
v -0.23107028545611666 1.2714543308326236 -0.06333299167536621
v -0.26426511362923044 1.2609319579027642 -0.1503757716773998
v -0.33984125860779013 0.4467413136643028 0.07784553789893811
v -0.37303608678090394 0.43621894073444345 -0.009197242103095471
v -0.33952603286904104 1.2754705158428175 -0.12343162819124609
v -0.30633120469592723 1.2859928887726768 -0.03638884818921262
v -0.44829700602071454 0.4507574986744969 0.017746901383058233
v -0.41510217784760073 0.46127987160435624 0.1047896813850917
vt 0.4375 0.46484375
vt 0.44140625 0.46484375
vt 0.44140625 0.41015625
vt 0.4375 0.41015625
vt 0.42578125 0.890625
vt 0.43359375 0.890625
vt 0.43359375 0.8359375
vt 0.42578125 0.8359375
vt 0.44140625 0.46484375
vt 0.4453125 0.46484375
vt 0.4453125 0.41015625
vt 0.44140625 0.41015625
vt 0.2421875 0.57421875
vt 0.25 0.57421875
vt 0.25 0.51953125
vt 0.2421875 0.51953125
vt 0.4765625 0.27734375
vt 0.47265625 0.27734375
vt 0.47265625 0.28515625
vt 0.4765625 0.28515625
vt 0.48046875 0.28515625
vt 0.4765625 0.28515625
vt 0.4765625 0.27734375
vt 0.48046875 0.27734375
vn -0.3540781671798808 -0.11223864458516646 -0.9284563200216912
vn 0.9262882367976675 -0.1789360977237347 -0.3316202275218907
vn 0.3540781671798808 0.11223864458516646 0.9284563200216912
vn -0.9262882367976675 0.1789360977237347 0.3316202275218907
vn 0.1289137459575388 0.9774376499772693 -0.16732270171769417
vn -0.1289137459575388 -0.9774376499772693 0.16732270171769417
usemtl m_91fe65ba-4f97-40fd-8230-0084d13434eb
f 1940/5812/1453 1943/5811/1453 1941/5810/1453 1938/5809/1453
f 1939/5816/1454 1940/5815/1454 1938/5814/1454 1937/5813/1454
f 1944/5820/1455 1939/5819/1455 1937/5818/1455 1942/5817/1455
f 1943/5824/1456 1944/5823/1456 1942/5822/1456 1941/5821/1456
f 1942/5828/1457 1937/5827/1457 1938/5826/1457 1941/5825/1457
f 1943/5832/1458 1940/5831/1458 1939/5830/1458 1944/5829/1458
o cube
v -0.059924198671933465 1.1658956952984036 -0.12707940304665621
v -0.07177309296366872 1.1618437265326849 -0.21998929354914754
v -0.0756362889069564 0.08587562548612548 -0.07797399068581234
v -0.08748518319869165 0.08182365672040692 -0.17088388118830378
v -0.15236288936044717 1.1634801963287984 -0.20978296299736876
v -0.14051399506871193 1.1675321650945172 -0.11687307249487733
v -0.16807497959547013 0.0834601265165209 -0.1606775506365249
v -0.15622608530373486 0.08751209528223947 -0.06776766013403357
vt 0.09765625 0.48828125
vt 0.1015625 0.48828125
vt 0.1015625 0.421875
vt 0.09765625 0.421875
vt 0.3515625 1
vt 0.359375 1
vt 0.359375 0.93359375
vt 0.3515625 0.93359375
vt 0.1015625 0.48828125
vt 0.10546875 0.48828125
vt 0.10546875 0.421875
vt 0.1015625 0.421875
vt 0.0078125 0.6484375
vt 0.015625 0.6484375
vt 0.015625 0.58203125
vt 0.0078125 0.58203125
vt 0.484375 0.27734375
vt 0.48046875 0.27734375
vt 0.48046875 0.28515625
vt 0.484375 0.28515625
vt 0.49609375 0.28515625
vt 0.4921875 0.28515625
vt 0.4921875 0.27734375
vt 0.49609375 0.27734375
vn -0.12638820577850937 -0.04322100016766625 -0.991038832026574
vn 0.9918744171911216 -0.020141166721400375 -0.12561637602189316
vn 0.12638820577850937 0.04322100016766625 0.991038832026574
vn -0.9918744171911216 0.020141166721400375 0.12561637602189316
vn 0.014531412934125253 0.9988624923119336 -0.04541541027592487
vn -0.014531412934125253 -0.9988624923119336 0.04541541027592487
usemtl m_91fe65ba-4f97-40fd-8230-0084d13434eb
f 1948/5836/1459 1951/5835/1459 1949/5834/1459 1946/5833/1459
f 1947/5840/1460 1948/5839/1460 1946/5838/1460 1945/5837/1460
f 1952/5844/1461 1947/5843/1461 1945/5842/1461 1950/5841/1461
f 1951/5848/1462 1952/5847/1462 1950/5846/1462 1949/5845/1462
f 1950/5852/1463 1945/5851/1463 1946/5850/1463 1949/5849/1463
f 1951/5856/1464 1948/5855/1464 1947/5854/1464 1952/5853/1464
o cube
v 0.04910182748549249 1.3118384003827486 -0.1851875130915045
v 0.041992490910451326 1.3094072191233175 -0.24093344739299938
v 0.03720423314567742 0.49401973480235295 -0.1480036459280909
v 0.03009489657063625 0.49158855354292186 -0.20374958022958578
v -0.03859730548632738 1.311043688919431 -0.2307271168412205
v -0.03148796891128621 1.313474870178862 -0.1749811825397256
v -0.050494899826142435 0.49322502333903584 -0.193543249677807
v -0.04338556325110127 0.49565620459846693 -0.13779731537631212
vt 0.578125 0.74609375
vt 0.58203125 0.74609375
vt 0.58203125 0.6953125
vt 0.578125 0.6953125
vt 0.2578125 0.421875
vt 0.26171875 0.421875
vt 0.26171875 0.37109375
vt 0.2578125 0.37109375
vt 0.26171875 0.421875
vt 0.265625 0.421875
vt 0.265625 0.37109375
vt 0.26171875 0.37109375
vt 0.578125 0.6953125
vt 0.58203125 0.6953125
vt 0.58203125 0.64453125
vt 0.578125 0.64453125
vt 0.5390625 0.26953125
vt 0.53515625 0.26953125
vt 0.53515625 0.2734375
vt 0.5390625 0.2734375
vt 0.73046875 0.46484375
vt 0.7265625 0.46484375
vt 0.7265625 0.4609375
vt 0.73046875 0.4609375
vn -0.12638820577850937 -0.04322100016766625 -0.991038832026574
vn 0.9918744171911216 -0.020141166721400375 -0.12561637602189316
vn 0.12638820577850937 0.04322100016766625 0.991038832026574
vn -0.9918744171911216 0.020141166721400375 0.12561637602189316
vn 0.014531412934125253 0.9988624923119336 -0.04541541027592487
vn -0.014531412934125253 -0.9988624923119336 0.04541541027592487
usemtl m_91fe65ba-4f97-40fd-8230-0084d13434eb
f 1956/5860/1465 1959/5859/1465 1957/5858/1465 1954/5857/1465
f 1955/5864/1466 1956/5863/1466 1954/5862/1466 1953/5861/1466
f 1960/5868/1467 1955/5867/1467 1953/5866/1467 1958/5865/1467
f 1959/5872/1468 1960/5871/1468 1958/5870/1468 1957/5869/1468
f 1958/5876/1469 1953/5875/1469 1954/5874/1469 1957/5873/1469
f 1959/5880/1470 1956/5879/1470 1955/5878/1470 1960/5877/1470
o cube
v -0.016531601079035688 1.224886361472398 -0.19194461929149098
v -0.028380495370770947 1.2208343927066792 -0.2848545097939823
v -0.028792480742203877 0.3820961335842037 -0.15362536687117928
v -0.04064137503393914 0.37804416481848513 -0.24653525737367066
v -0.10897029176754963 1.2224708625027927 -0.2746481792422034
v -0.09712139747581437 1.2265228312685115 -0.1817382887397121
v -0.12123117143071782 0.3796806346145991 -0.23632892682189177
v -0.10938227713898256 0.38373260338031767 -0.14341903631940045
vt 0.53515625 0.4921875
vt 0.5390625 0.4921875
vt 0.5390625 0.4375
vt 0.53515625 0.4375
vt 0.25 0.57421875
vt 0.2578125 0.57421875
vt 0.2578125 0.51953125
vt 0.25 0.51953125
vt 0.5390625 1
vt 0.54296875 1
vt 0.54296875 0.9453125
vt 0.5390625 0.9453125
vt 0.4296875 1
vt 0.4375 1
vt 0.4375 0.9453125
vt 0.4296875 0.9453125
vt 0.5 0.27734375
vt 0.49609375 0.27734375
vt 0.49609375 0.28515625
vt 0.5 0.28515625
vt 0.51171875 0.28515625
vt 0.5078125 0.28515625
vt 0.5078125 0.27734375
vt 0.51171875 0.27734375
vn -0.12638820577850937 -0.04322100016766625 -0.991038832026574
vn 0.9918744171911216 -0.020141166721400375 -0.12561637602189316
vn 0.12638820577850937 0.04322100016766625 0.991038832026574
vn -0.9918744171911216 0.020141166721400375 0.12561637602189316
vn 0.014531412934125253 0.9988624923119336 -0.04541541027592487
vn -0.014531412934125253 -0.9988624923119336 0.04541541027592487
usemtl m_91fe65ba-4f97-40fd-8230-0084d13434eb
f 1964/5884/1471 1967/5883/1471 1965/5882/1471 1962/5881/1471
f 1963/5888/1472 1964/5887/1472 1962/5886/1472 1961/5885/1472
f 1968/5892/1473 1963/5891/1473 1961/5890/1473 1966/5889/1473
f 1967/5896/1474 1968/5895/1474 1966/5894/1474 1965/5893/1474
f 1966/5900/1475 1961/5899/1475 1962/5898/1475 1965/5897/1475
f 1967/5904/1476 1964/5903/1476 1963/5902/1476 1968/5901/1476
o cube
v 0.10842326358311372 1.3685225973520834 -0.17942830897190742
v 0.19010446107033135 1.3922444992819338 -0.21885565793027273
v 0.5316263028666164 0.42220516891736937 0.12795431038370186
v 0.613307500353834 0.44592707084721983 0.08852696142533656
v 0.16604291917439035 1.3587455547581366 -0.2888586965599024
v 0.0843617216871726 1.3350236528282862 -0.24943134760153707
v 0.5892459584578931 0.41242812632342263 0.018523922795706804
v 0.5075647609706753 0.38870622439357216 0.05795127175407211
vt 0.10546875 0.48828125
vt 0.109375 0.48828125
vt 0.109375 0.421875
vt 0.10546875 0.421875
vt 0.3515625 0.80078125
vt 0.359375 0.80078125
vt 0.359375 0.734375
vt 0.3515625 0.734375
vt 0.1640625 0.48828125
vt 0.16796875 0.48828125
vt 0.16796875 0.421875
vt 0.1640625 0.421875
vt 0.3515625 0.734375
vt 0.359375 0.734375
vt 0.359375 0.66796875
vt 0.3515625 0.66796875
vt 0.515625 0.27734375
vt 0.51171875 0.27734375
vt 0.51171875 0.28515625
vt 0.515625 0.28515625
vt 0.57421875 0.28515625
vt 0.5703125 0.28515625
vt 0.5703125 0.27734375
vt 0.57421875 0.27734375
vn 0.8712661065303215 0.2530336205850711 -0.42055838888923003
vn 0.2961420541038891 0.41229470183135164 0.8615758600569807
vn -0.8712661065303215 -0.2530336205850711 0.42055838888923003
vn -0.2961420541038891 -0.41229470183135164 -0.8615758600569807
vn -0.391401654828673 0.8752068702286375 -0.2842845034502745
vn 0.391401654828673 -0.8752068702286375 0.2842845034502745
usemtl m_91fe65ba-4f97-40fd-8230-0084d13434eb
f 1972/5908/1477 1975/5907/1477 1973/5906/1477 1970/5905/1477
f 1971/5912/1478 1972/5911/1478 1970/5910/1478 1969/5909/1478
f 1976/5916/1479 1971/5915/1479 1969/5914/1479 1974/5913/1479
f 1975/5920/1480 1976/5919/1480 1974/5918/1480 1973/5917/1480
f 1974/5924/1481 1969/5923/1481 1970/5922/1481 1973/5921/1481
f 1975/5928/1482 1972/5927/1482 1971/5926/1482 1976/5925/1482
o cube
v 0.11570147544038711 1.555675542614347 -0.14091463981638452
v 0.16471019393271774 1.5699086837722573 -0.16457104919140364
v 0.4361615803313632 0.8390999176146499 0.09184329738352776
v 0.48517029882369384 0.8533330587725603 0.06818688800850858
v 0.14064865203677673 1.5364097392484601 -0.2345740878210334
v 0.0916399335444461 1.5221765980905497 -0.21091767844601428
v 0.4611087569277529 0.8198341142487631 -0.0018161506211211709
v 0.41210003843542226 0.8056009730908527 0.021840258753897945
vt 0.578125 0.64453125
vt 0.58203125 0.64453125
vt 0.58203125 0.59375
vt 0.578125 0.59375
vt 0.578125 0.59375
vt 0.58203125 0.59375
vt 0.58203125 0.54296875
vt 0.578125 0.54296875
vt 0.578125 0.54296875
vt 0.58203125 0.54296875
vt 0.58203125 0.4921875
vt 0.578125 0.4921875
vt 0.578125 0.4921875
vt 0.58203125 0.4921875
vt 0.58203125 0.44140625
vt 0.578125 0.44140625
vt 0.54296875 0.26953125
vt 0.5390625 0.26953125
vt 0.5390625 0.2734375
vt 0.54296875 0.2734375
vt 0.73046875 0.4609375
vt 0.7265625 0.4609375
vt 0.7265625 0.45703125
vt 0.73046875 0.45703125
vn 0.8712661065303215 0.2530336205850711 -0.42055838888923003
vn 0.2961420541038891 0.41229470183135164 0.8615758600569807
vn -0.8712661065303215 -0.2530336205850711 0.42055838888923003
vn -0.2961420541038891 -0.41229470183135164 -0.8615758600569807
vn -0.391401654828673 0.8752068702286375 -0.2842845034502745
vn 0.391401654828673 -0.8752068702286375 0.2842845034502745
usemtl m_91fe65ba-4f97-40fd-8230-0084d13434eb
f 1980/5932/1483 1983/5931/1483 1981/5930/1483 1978/5929/1483
f 1979/5936/1484 1980/5935/1484 1978/5934/1484 1977/5933/1484
f 1984/5940/1485 1979/5939/1485 1977/5938/1485 1982/5937/1485
f 1983/5944/1486 1984/5943/1486 1982/5942/1486 1981/5941/1486
f 1982/5948/1487 1977/5947/1487 1978/5946/1487 1981/5945/1487
f 1983/5952/1488 1980/5951/1488 1979/5950/1488 1984/5949/1488
o cube
v 0.14777648135384663 1.4580709029908512 -0.1777737068097197
v 0.22945767884106433 1.4817928049207016 -0.21720105576808502
v 0.4780216276155395 0.7196151062354383 0.06209134297644936
v 0.5597028251027572 0.7433370081652888 0.022663994018084055
v 0.20539613694512332 1.4482938603969044 -0.28720409439771477
v 0.12371493945790563 1.424571958467054 -0.24777674543934947
v 0.5356412832068163 0.7098380636414916 -0.0473390446115457
v 0.45396008571959856 0.6861161617116411 -0.007911695653180284
vt 0.5390625 0.9453125
vt 0.54296875 0.9453125
vt 0.54296875 0.890625
vt 0.5390625 0.890625
vt 0.4296875 0.8359375
vt 0.4375 0.8359375
vt 0.4375 0.78125
vt 0.4296875 0.78125
vt 0.5390625 0.7890625
vt 0.54296875 0.7890625
vt 0.54296875 0.734375
vt 0.5390625 0.734375
vt 0.18359375 0.5703125
vt 0.19140625 0.5703125
vt 0.19140625 0.515625
vt 0.18359375 0.515625
vt 0.71875 0.421875
vt 0.71484375 0.421875
vt 0.71484375 0.4296875
vt 0.71875 0.4296875
vt 0.578125 0.28515625
vt 0.57421875 0.28515625
vt 0.57421875 0.27734375
vt 0.578125 0.27734375
vn 0.8712661065303215 0.2530336205850711 -0.42055838888923003
vn 0.2961420541038891 0.41229470183135164 0.8615758600569807
vn -0.8712661065303215 -0.2530336205850711 0.42055838888923003
vn -0.2961420541038891 -0.41229470183135164 -0.8615758600569807
vn -0.391401654828673 0.8752068702286375 -0.2842845034502745
vn 0.391401654828673 -0.8752068702286375 0.2842845034502745
usemtl m_91fe65ba-4f97-40fd-8230-0084d13434eb
f 1988/5956/1489 1991/5955/1489 1989/5954/1489 1986/5953/1489
f 1987/5960/1490 1988/5959/1490 1986/5958/1490 1985/5957/1490
f 1992/5964/1491 1987/5963/1491 1985/5962/1491 1990/5961/1491
f 1991/5968/1492 1992/5967/1492 1990/5966/1492 1989/5965/1492
f 1990/5972/1493 1985/5971/1493 1986/5970/1493 1989/5969/1493
f 1991/5976/1494 1988/5975/1494 1987/5974/1494 1992/5973/1494
o cube
v -0.24505306426805723 1.3350236528282862 -0.22061128823263565
v -0.3323398281256488 1.3587455547581366 -0.24525585607424372
v -0.6084502667551918 0.38870622439357216 0.15558993500465512
v -0.6957370306127832 0.41242812632342263 0.13094536716304717
v -0.3438799210450165 1.3922444992819338 -0.1721380779952847
v -0.256593157187425 1.3685225973520834 -0.14749351015367673
v -0.7072771235321511 0.44592707084721983 0.2040631452420062
v -0.6199903596745596 0.42220516891736937 0.2287077130836142
vt 0.16796875 0.48828125
vt 0.171875 0.48828125
vt 0.171875 0.421875
vt 0.16796875 0.421875
vt 0.3515625 0.66796875
vt 0.359375 0.66796875
vt 0.359375 0.6015625
vt 0.3515625 0.6015625
vt 0.17578125 0.48828125
vt 0.1796875 0.48828125
vt 0.1796875 0.421875
vt 0.17578125 0.421875
vt 0.35546875 0.93359375
vt 0.36328125 0.93359375
vt 0.36328125 0.8671875
vt 0.35546875 0.8671875
vt 0.58203125 0.27734375
vt 0.578125 0.27734375
vt 0.578125 0.28515625
vt 0.58203125 0.28515625
vt 0.71875 0.421875
vt 0.71484375 0.421875
vt 0.71484375 0.4140625
vt 0.71875 0.4140625
vn -0.931058814480976 0.2530336205850714 -0.26287539031048507
vn 0.1420319128537579 -0.4122947018313517 -0.8999111148179577
vn 0.931058814480976 -0.2530336205850714 0.26287539031048507
vn -0.1420319128537579 0.4122947018313517 0.8999111148179577
vn 0.33608989825399727 0.8752068702286374 -0.3479317671558761
vn -0.33608989825399727 -0.8752068702286374 0.3479317671558761
usemtl m_91fe65ba-4f97-40fd-8230-0084d13434eb
f 1996/5980/1495 1999/5979/1495 1997/5978/1495 1994/5977/1495
f 1995/5984/1496 1996/5983/1496 1994/5982/1496 1993/5981/1496
f 2000/5988/1497 1995/5987/1497 1993/5986/1497 1998/5985/1497
f 1999/5992/1498 2000/5991/1498 1998/5990/1498 1997/5989/1498
f 1998/5996/1499 1993/5995/1499 1994/5994/1499 1997/5993/1499
f 1999/6000/1500 1996/5999/1500 1995/5998/1500 2000/5997/1500
o cube
v -0.24553287526904188 1.5221765980905497 -0.18141888002564044
v -0.2979049335835968 1.53640973924846 -0.1962056207306052
v -0.5207064794645022 0.8056009730908527 0.1034502543332333
v -0.5730785377790572 0.8198341142487628 0.08866351362826852
v -0.3094450265029647 1.5699086837722576 -0.12308784265164607
v -0.25707296818840975 1.5556755426143472 -0.1083011019466813
v -0.5846186306984249 0.8533330587725603 0.16178129170722755
v -0.5322465723838701 0.8390999176146501 0.17656803241219232
vt 0.578125 0.44140625
vt 0.58203125 0.44140625
vt 0.58203125 0.390625
vt 0.578125 0.390625
vt 0.58203125 1
vt 0.5859375 1
vt 0.5859375 0.94921875
vt 0.58203125 0.94921875
vt 0.58203125 0.94921875
vt 0.5859375 0.94921875
vt 0.5859375 0.8984375
vt 0.58203125 0.8984375
vt 0.58203125 0.8984375
vt 0.5859375 0.8984375
vt 0.5859375 0.84765625
vt 0.58203125 0.84765625
vt 0.546875 0.26953125
vt 0.54296875 0.26953125
vt 0.54296875 0.2734375
vt 0.546875 0.2734375
vt 0.73046875 0.45703125
vt 0.7265625 0.45703125
vt 0.7265625 0.453125
vt 0.73046875 0.453125
vn -0.931058814480976 0.2530336205850714 -0.26287539031048507
vn 0.1420319128537579 -0.4122947018313517 -0.8999111148179577
vn 0.931058814480976 -0.2530336205850714 0.26287539031048507
vn -0.1420319128537579 0.4122947018313517 0.8999111148179577
vn 0.33608989825399727 0.8752068702286374 -0.3479317671558761
vn -0.33608989825399727 -0.8752068702286374 0.3479317671558761
usemtl m_91fe65ba-4f97-40fd-8230-0084d13434eb
f 2004/6004/1501 2007/6003/1501 2005/6002/1501 2002/6001/1501
f 2003/6008/1502 2004/6007/1502 2002/6006/1502 2001/6005/1502
f 2008/6012/1503 2003/6011/1503 2001/6010/1503 2006/6009/1503
f 2007/6016/1504 2008/6015/1504 2006/6014/1504 2005/6013/1504
f 2006/6020/1505 2001/6019/1505 2002/6018/1505 2005/6017/1505
f 2007/6024/1506 2004/6023/1506 2003/6022/1506 2008/6021/1506
o cube
v -0.28352109958442534 1.424571958467054 -0.212148208643945
v -0.3708078634420169 1.4482938603969044 -0.23679277648555297
v -0.5670969512362356 0.6861161617116411 0.0814192198938255
v -0.6543837150938271 0.7098380636414916 0.056774652052217434
v -0.38234795636138463 1.4817928049207019 -0.16367499840659394
v -0.2950611925037931 1.4580709029908514 -0.13903043056498587
v -0.6659238080131948 0.743337008165289 0.12989243013117652
v -0.5786370441556034 0.7196151062354386 0.15453699797278453
vt 0.5390625 0.734375
vt 0.54296875 0.734375
vt 0.54296875 0.6796875
vt 0.5390625 0.6796875
vt 0.4296875 0.7265625
vt 0.4375 0.7265625
vt 0.4375 0.671875
vt 0.4296875 0.671875
vt 0.5 0.4609375
vt 0.50390625 0.4609375
vt 0.50390625 0.40625
vt 0.5 0.40625
vt 0.4296875 0.671875
vt 0.4375 0.671875
vt 0.4375 0.6171875
vt 0.4296875 0.6171875
vt 0.5859375 0.27734375
vt 0.58203125 0.27734375
vt 0.58203125 0.28515625
vt 0.5859375 0.28515625
vt 0.58984375 0.28515625
vt 0.5859375 0.28515625
vt 0.5859375 0.27734375
vt 0.58984375 0.27734375
vn -0.931058814480976 0.2530336205850714 -0.26287539031048507
vn 0.1420319128537579 -0.4122947018313517 -0.8999111148179577
vn 0.931058814480976 -0.2530336205850714 0.26287539031048507
vn -0.1420319128537579 0.4122947018313517 0.8999111148179577
vn 0.33608989825399727 0.8752068702286374 -0.3479317671558761
vn -0.33608989825399727 -0.8752068702286374 0.3479317671558761
usemtl m_91fe65ba-4f97-40fd-8230-0084d13434eb
f 2012/6028/1507 2015/6027/1507 2013/6026/1507 2010/6025/1507
f 2011/6032/1508 2012/6031/1508 2010/6030/1508 2009/6029/1508
f 2016/6036/1509 2011/6035/1509 2009/6034/1509 2014/6033/1509
f 2015/6040/1510 2016/6039/1510 2014/6038/1510 2013/6037/1510
f 2014/6044/1511 2009/6043/1511 2010/6042/1511 2013/6041/1511
f 2015/6048/1512 2012/6047/1512 2011/6046/1512 2016/6045/1512
o cube
v -0.16007311017893264 1.341915431053088 -0.21296321732385082
v -0.1932679383520465 1.3313930581232283 -0.3000059973258844
v -0.2994610979955217 0.28506097201516534 -0.03204554609159416
v -0.3326559261686355 0.274538599085306 -0.11908832609362785
v -0.26852885759185685 1.3459316160632815 -0.2730618538397308
v -0.235334029418743 1.3564539889931413 -0.18601907383769722
v -0.40791684540844586 0.2890771570253594 -0.09214418260747426
v -0.37472201723533205 0.29959952995521877 -0.005101402605440675
vt 0.1796875 0.48828125
vt 0.18359375 0.48828125
vt 0.18359375 0.421875
vt 0.1796875 0.421875
vt 0.35546875 0.8671875
vt 0.36328125 0.8671875
vt 0.36328125 0.80078125
vt 0.35546875 0.80078125
vt 0.22265625 0.48828125
vt 0.2265625 0.48828125
vt 0.2265625 0.421875
vt 0.22265625 0.421875
vt 0.26953125 0.64453125
vt 0.27734375 0.64453125
vt 0.27734375 0.578125
vt 0.26953125 0.578125
vt 0.71875 0.40625
vt 0.71484375 0.40625
vt 0.71484375 0.4140625
vt 0.71875 0.4140625
vt 0.59375 0.28515625
vt 0.58984375 0.28515625
vt 0.58984375 0.27734375
vt 0.59375 0.27734375
vn -0.3540781671798808 -0.11223864458516646 -0.9284563200216912
vn 0.9262882367976675 -0.1789360977237347 -0.3316202275218907
vn 0.3540781671798808 0.11223864458516646 0.9284563200216912
vn -0.9262882367976675 0.1789360977237347 0.3316202275218907
vn 0.1289137459575388 0.9774376499772693 -0.16732270171769417
vn -0.1289137459575388 -0.9774376499772693 0.16732270171769417
usemtl m_91fe65ba-4f97-40fd-8230-0084d13434eb
f 2020/6052/1513 2023/6051/1513 2021/6050/1513 2018/6049/1513
f 2019/6056/1514 2020/6055/1514 2018/6054/1514 2017/6053/1514
f 2024/6060/1515 2019/6059/1515 2017/6058/1515 2022/6057/1515
f 2023/6064/1516 2024/6063/1516 2022/6062/1516 2021/6061/1516
f 2022/6068/1517 2017/6067/1517 2018/6066/1517 2021/6065/1517
f 2023/6072/1518 2020/6071/1518 2019/6070/1518 2024/6069/1518
o cube
v -0.04980655291480954 1.464191818383815 -0.3101860101785311
v -0.06972344981867787 1.4578783946258993 -0.3624116781797512
v -0.1553546824175445 0.6639147424649254 -0.17319054814716905
v -0.17527157932141282 0.6576013187070098 -0.22541621614838925
v -0.1449843690584884 1.4724169525659525 -0.3354675346935976
v -0.12506747215462008 1.4787303763238682 -0.2832418666923774
v -0.2505324985612234 0.6721398766470632 -0.19847207266223565
v -0.2306156016573551 0.6784533004049789 -0.14624640466101546
vt 0.58203125 0.84765625
vt 0.5859375 0.84765625
vt 0.5859375 0.796875
vt 0.58203125 0.796875
vt 0.58203125 0.796875
vt 0.5859375 0.796875
vt 0.5859375 0.74609375
vt 0.58203125 0.74609375
vt 0.58203125 0.74609375
vt 0.5859375 0.74609375
vt 0.5859375 0.6953125
vt 0.58203125 0.6953125
vt 0.58203125 0.6953125
vt 0.5859375 0.6953125
vt 0.5859375 0.64453125
vt 0.58203125 0.64453125
vt 0.55078125 0.26953125
vt 0.546875 0.26953125
vt 0.546875 0.2734375
vt 0.55078125 0.2734375
vt 0.73046875 0.453125
vt 0.7265625 0.453125
vt 0.7265625 0.44921875
vt 0.73046875 0.44921875
vn -0.3540781671798808 -0.11223864458516646 -0.9284563200216912
vn 0.9262882367976675 -0.1789360977237347 -0.3316202275218907
vn 0.3540781671798808 0.11223864458516646 0.9284563200216912
vn -0.9262882367976675 0.1789360977237347 0.3316202275218907
vn 0.1289137459575388 0.9774376499772693 -0.16732270171769417
vn -0.1289137459575388 -0.9774376499772693 0.16732270171769417
usemtl m_91fe65ba-4f97-40fd-8230-0084d13434eb
f 2028/6076/1519 2031/6075/1519 2029/6074/1519 2026/6073/1519
f 2027/6080/1520 2028/6079/1520 2026/6078/1520 2025/6077/1520
f 2032/6084/1521 2027/6083/1521 2025/6082/1521 2030/6081/1521
f 2031/6088/1522 2032/6087/1522 2030/6086/1522 2029/6085/1522
f 2030/6092/1523 2025/6091/1523 2026/6090/1523 2029/6089/1523
f 2031/6096/1524 2028/6095/1524 2027/6094/1524 2032/6093/1524
o cube
v -0.12561848612057128 1.3877450555325643 -0.29222756555852114
v -0.1588133142936851 1.377222682602705 -0.3792703455605547
v -0.23438945927224472 0.5630320383642435 -0.15104903598421682
v -0.26758428744535856 0.5525096654343842 -0.2380918159862504
v -0.23407423353349563 1.3917612405427582 -0.352326202074401
v -0.20087940536038182 1.4022836134726175 -0.26528342207236755
v -0.34284520668516916 0.5670482233744376 -0.2111476725000967
v -0.30965037851205535 0.577570596304297 -0.12410489249806322
vt 0.50390625 0.4609375
vt 0.5078125 0.4609375
vt 0.5078125 0.40625
vt 0.50390625 0.40625
vt 0.4296875 0.6171875
vt 0.4375 0.6171875
vt 0.4375 0.5625
vt 0.4296875 0.5625
vt 0.5390625 0.4921875
vt 0.54296875 0.4921875
vt 0.54296875 0.4375
vt 0.5390625 0.4375
vt 0.43359375 0.9453125
vt 0.44140625 0.9453125
vt 0.44140625 0.890625
vt 0.43359375 0.890625
vt 0.59765625 0.27734375
vt 0.59375 0.27734375
vt 0.59375 0.28515625
vt 0.59765625 0.28515625
vt 0.6015625 0.28515625
vt 0.59765625 0.28515625
vt 0.59765625 0.27734375
vt 0.6015625 0.27734375
vn -0.3540781671798808 -0.11223864458516646 -0.9284563200216912
vn 0.9262882367976675 -0.1789360977237347 -0.3316202275218907
vn 0.3540781671798808 0.11223864458516646 0.9284563200216912
vn -0.9262882367976675 0.1789360977237347 0.3316202275218907
vn 0.1289137459575388 0.9774376499772693 -0.16732270171769417
vn -0.1289137459575388 -0.9774376499772693 0.16732270171769417
usemtl m_91fe65ba-4f97-40fd-8230-0084d13434eb
f 2036/6100/1525 2039/6099/1525 2037/6098/1525 2034/6097/1525
f 2035/6104/1526 2036/6103/1526 2034/6102/1526 2033/6101/1526
f 2040/6108/1527 2035/6107/1527 2033/6106/1527 2038/6105/1527
f 2039/6112/1528 2040/6111/1528 2038/6110/1528 2037/6109/1528
f 2038/6116/1529 2033/6115/1529 2034/6114/1529 2037/6113/1529
f 2039/6120/1530 2036/6119/1530 2035/6118/1530 2040/6117/1530
o cube
v 0.14305938443765104 1.3564539889931408 -0.2191242079030049
v 0.16063508845602498 1.3459316160632815 -0.3106088339129718
v 0.3117457794334251 0.29959952995521877 -0.06515955268957585
v 0.329321483451799 0.2890771570253594 -0.15664417869954272
v 0.08183875027466708 1.3313930581232283 -0.32407471384087805
v 0.06426304625629314 1.3419154310530876 -0.23259008783091129
v 0.25052514527044106 0.274538599085306 -0.1701100586274491
v 0.23294944125206712 0.28506097201516534 -0.07862543261748223
vt 0.2265625 0.48828125
vt 0.23046875 0.48828125
vt 0.23046875 0.421875
vt 0.2265625 0.421875
vt 0.359375 1
vt 0.3671875 1
vt 0.3671875 0.93359375
vt 0.359375 0.93359375
vt 0.23046875 0.48828125
vt 0.234375 0.48828125
vt 0.234375 0.421875
vt 0.23046875 0.421875
vt 0.359375 0.80078125
vt 0.3671875 0.80078125
vt 0.3671875 0.734375
vt 0.359375 0.734375
vt 0.60546875 0.27734375
vt 0.6015625 0.27734375
vt 0.6015625 0.28515625
vt 0.60546875 0.28515625
vt 0.609375 0.28515625
vt 0.60546875 0.28515625
vt 0.60546875 0.27734375
vt 0.609375 0.27734375
vn 0.18747417619598836 -0.11223864458516651 -0.9758360107729784
vn 0.9698010853090201 0.1789360977237345 0.1657339068050014
vn -0.18747417619598836 0.11223864458516651 0.9758360107729784
vn -0.9698010853090201 -0.1789360977237345 -0.1657339068050014
vn -0.1560105387244151 0.9774376499772695 -0.1423950568447902
vn 0.1560105387244151 -0.9774376499772695 0.1423950568447902
usemtl m_91fe65ba-4f97-40fd-8230-0084d13434eb
f 2044/6124/1531 2047/6123/1531 2045/6122/1531 2042/6121/1531
f 2043/6128/1532 2044/6127/1532 2042/6126/1532 2041/6125/1532
f 2048/6132/1533 2043/6131/1533 2041/6130/1533 2046/6129/1533
f 2047/6136/1534 2048/6135/1534 2046/6134/1534 2045/6133/1534
f 2046/6140/1535 2041/6139/1535 2042/6138/1535 2045/6137/1535
f 2047/6144/1536 2044/6143/1536 2043/6142/1536 2048/6141/1536
o cube
v 0.0175854631390735 1.478730376323868 -0.2957223813492726
v 0.02813088555009785 1.4724169525659523 -0.3506131569552526
v 0.1453190917196885 0.6784533004049786 -0.17913642855760087
v 0.15586451413071287 0.672139876647063 -0.23402720416358097
v -0.050665452631260044 1.457878394625899 -0.36407903688315896
v -0.061210875042284396 1.4641918183838147 -0.30918826127717897
v 0.07706817594935494 0.6576013187070096 -0.24749308409148735
v 0.06652275353833059 0.6639147424649252 -0.19260230848550725
vt 0.58203125 0.64453125
vt 0.5859375 0.64453125
vt 0.5859375 0.59375
vt 0.58203125 0.59375
vt 0.58203125 0.59375
vt 0.5859375 0.59375
vt 0.5859375 0.54296875
vt 0.58203125 0.54296875
vt 0.58203125 0.54296875
vt 0.5859375 0.54296875
vt 0.5859375 0.4921875
vt 0.58203125 0.4921875
vt 0.58203125 0.4921875
vt 0.5859375 0.4921875
vt 0.5859375 0.44140625
vt 0.58203125 0.44140625
vt 0.5546875 0.26953125
vt 0.55078125 0.26953125
vt 0.55078125 0.2734375
vt 0.5546875 0.2734375
vt 0.73046875 0.44921875
vt 0.7265625 0.44921875
vt 0.7265625 0.4453125
vt 0.73046875 0.4453125
vn 0.18747417619598836 -0.11223864458516651 -0.9758360107729784
vn 0.9698010853090201 0.1789360977237345 0.1657339068050014
vn -0.18747417619598836 0.11223864458516651 0.9758360107729784
vn -0.9698010853090201 -0.1789360977237345 -0.1657339068050014
vn -0.1560105387244151 0.9774376499772695 -0.1423950568447902
vn 0.1560105387244151 -0.9774376499772695 0.1423950568447902
usemtl m_91fe65ba-4f97-40fd-8230-0084d13434eb
f 2052/6148/1537 2055/6147/1537 2053/6146/1537 2050/6145/1537
f 2051/6152/1538 2052/6151/1538 2050/6150/1538 2049/6149/1538
f 2056/6156/1539 2051/6155/1539 2049/6154/1539 2054/6153/1539
f 2055/6160/1540 2056/6159/1540 2054/6158/1540 2053/6157/1540
f 2054/6164/1541 2049/6163/1541 2050/6162/1541 2053/6161/1541
f 2055/6168/1542 2052/6167/1542 2051/6166/1542 2056/6165/1542
o cube
v 0.09536409391294848 1.402283613472618 -0.2912013699020343
v 0.11293979793132242 1.3917612405427586 -0.382685995912001
v 0.22699798596167386 0.5775705963042974 -0.17105554068924284
v 0.2445736899800478 0.567048223374438 -0.2625401666992095
v 0.03414345974996452 1.3772226826027054 -0.39615187583990735
v 0.016567755731590583 1.3877450555325648 -0.3046672498299407
v 0.16577735179868985 0.5525096654343846 -0.27600604662711586
v 0.14820164778031591 0.563032038364244 -0.1845214206171492
vt 0.54296875 1
vt 0.546875 1
vt 0.546875 0.9453125
vt 0.54296875 0.9453125
vt 0.43359375 0.890625
vt 0.44140625 0.890625
vt 0.44140625 0.8359375
vt 0.43359375 0.8359375
vt 0.54296875 0.9453125
vt 0.546875 0.9453125
vt 0.546875 0.890625
vt 0.54296875 0.890625
vt 0.19140625 0.56640625
vt 0.19921875 0.56640625
vt 0.19921875 0.51171875
vt 0.19140625 0.51171875
vt 0.61328125 0.27734375
vt 0.609375 0.27734375
vt 0.609375 0.28515625
vt 0.61328125 0.28515625
vt 0.62109375 0.28515625
vt 0.6171875 0.28515625
vt 0.6171875 0.27734375
vt 0.62109375 0.27734375
vn 0.18747417619598836 -0.11223864458516651 -0.9758360107729784
vn 0.9698010853090201 0.1789360977237345 0.1657339068050014
vn -0.18747417619598836 0.11223864458516651 0.9758360107729784
vn -0.9698010853090201 -0.1789360977237345 -0.1657339068050014
vn -0.1560105387244151 0.9774376499772695 -0.1423950568447902
vn 0.1560105387244151 -0.9774376499772695 0.1423950568447902
usemtl m_91fe65ba-4f97-40fd-8230-0084d13434eb
f 2060/6172/1543 2063/6171/1543 2061/6170/1543 2058/6169/1543
f 2059/6176/1544 2060/6175/1544 2058/6174/1544 2057/6173/1544
f 2064/6180/1545 2059/6179/1545 2057/6178/1545 2062/6177/1545
f 2063/6184/1546 2064/6183/1546 2062/6182/1546 2061/6181/1546
f 2062/6188/1547 2057/6187/1547 2058/6186/1547 2061/6185/1547
f 2063/6192/1548 2060/6191/1548 2059/6190/1548 2064/6189/1548
o cube
v -0.3468247657074909 1.6726530945777127 0.050346997082358125
v -0.43411152956508237 1.6963749965075632 0.02570242924075017
v -0.7102219681946254 0.7263356661429987 0.426548220319649
v -0.797508732052217 0.7500575680728492 0.40190365247804105
v -0.4456516224844501 1.7298739410313604 0.0988202073197092
v -0.35836485862685863 1.70615203910151 0.12346477516131715
v -0.8090488249715848 0.7835565125966464 0.4750214305570001
v -0.7217620611139932 0.7598346106667959 0.4996659983986081
vt 0.234375 0.48828125
vt 0.23828125 0.48828125
vt 0.23828125 0.421875
vt 0.234375 0.421875
vt 0.2421875 0.640625
vt 0.25 0.640625
vt 0.25 0.57421875
vt 0.2421875 0.57421875
vt 0.2578125 0.48828125
vt 0.26171875 0.48828125
vt 0.26171875 0.421875
vt 0.2578125 0.421875
vt 0.25 0.640625
vt 0.2578125 0.640625
vt 0.2578125 0.57421875
vt 0.25 0.57421875
vt 0.625 0.27734375
vt 0.62109375 0.27734375
vt 0.62109375 0.28515625
vt 0.625 0.28515625
vt 0.62890625 0.28515625
vt 0.625 0.28515625
vt 0.625 0.27734375
vt 0.62890625 0.27734375
vn -0.931058814480976 0.2530336205850714 -0.26287539031048507
vn 0.1420319128537579 -0.4122947018313517 -0.8999111148179577
vn 0.931058814480976 -0.2530336205850714 0.26287539031048507
vn -0.1420319128537579 0.4122947018313517 0.8999111148179577
vn 0.33608989825399727 0.8752068702286374 -0.3479317671558761
vn -0.33608989825399727 -0.8752068702286374 0.3479317671558761
usemtl m_91fe65ba-4f97-40fd-8230-0084d13434eb
f 2068/6196/1549 2071/6195/1549 2069/6194/1549 2066/6193/1549
f 2067/6200/1550 2068/6199/1550 2066/6198/1550 2065/6197/1550
f 2072/6204/1551 2067/6203/1551 2065/6202/1551 2070/6201/1551
f 2071/6208/1552 2072/6207/1552 2070/6206/1552 2069/6205/1552
f 2070/6212/1553 2065/6211/1553 2066/6210/1553 2069/6209/1553
f 2071/6216/1554 2068/6215/1554 2067/6214/1554 2072/6213/1554
o cube
v -0.3473045767084756 1.8598060398399763 0.08953940528935345
v -0.3996766350230305 1.8740391809978865 0.07475266458438867
v -0.6224781809039359 1.1432304148402792 0.37440853964822707
v -0.6748502392184909 1.1574635559981894 0.3596217989432623
v -0.4112167279423983 1.9075381255216841 0.1478704426633477
v -0.35884466962784334 1.8933049843637737 0.16265718336831247
v -0.6863903321378586 1.1909625005219868 0.4327395770222214
v -0.6340182738233038 1.1767293593640766 0.4475263177271862
vt 0.58203125 0.44140625
vt 0.5859375 0.44140625
vt 0.5859375 0.390625
vt 0.58203125 0.390625
vt 0 0.4140625
vt 0.00390625 0.4140625
vt 0.00390625 0.36328125
vt 0 0.36328125
vt 0.5859375 1
vt 0.58984375 1
vt 0.58984375 0.94921875
vt 0.5859375 0.94921875
vt 0.00390625 0.4140625
vt 0.0078125 0.4140625
vt 0.0078125 0.36328125
vt 0.00390625 0.36328125
vt 0.55859375 0.26953125
vt 0.5546875 0.26953125
vt 0.5546875 0.2734375
vt 0.55859375 0.2734375
vt 0.73046875 0.4453125
vt 0.7265625 0.4453125
vt 0.7265625 0.44140625
vt 0.73046875 0.44140625
vn -0.931058814480976 0.2530336205850714 -0.26287539031048507
vn 0.1420319128537579 -0.4122947018313517 -0.8999111148179577
vn 0.931058814480976 -0.2530336205850714 0.26287539031048507
vn -0.1420319128537579 0.4122947018313517 0.8999111148179577
vn 0.33608989825399727 0.8752068702286374 -0.3479317671558761
vn -0.33608989825399727 -0.8752068702286374 0.3479317671558761
usemtl m_91fe65ba-4f97-40fd-8230-0084d13434eb
f 2076/6220/1555 2079/6219/1555 2077/6218/1555 2074/6217/1555
f 2075/6224/1556 2076/6223/1556 2074/6222/1556 2073/6221/1556
f 2080/6228/1557 2075/6227/1557 2073/6226/1557 2078/6225/1557
f 2079/6232/1558 2080/6231/1558 2078/6230/1558 2077/6229/1558
f 2078/6236/1559 2073/6235/1559 2074/6234/1559 2077/6233/1559
f 2079/6240/1560 2076/6239/1560 2075/6238/1560 2080/6237/1560
o cube
v -0.3852928010238587 1.762201400216481 0.05881007667104876
v -0.47257956488145025 1.7859233021463314 0.034165508829440805
v -0.6688686526756689 1.0237456034610681 0.3523775052088193
v -0.7561554165332605 1.0474675053909186 0.3277329373672112
v -0.484119657800818 1.8194222466701289 0.10728328690839983
v -0.39683289394322646 1.7957003447402784 0.1319278547500079
v -0.7676955094526283 1.080966449914716 0.4008507154461703
v -0.6804087455950367 1.0572445479848656 0.4254952832877783
vt 0.54296875 0.7890625
vt 0.546875 0.7890625
vt 0.546875 0.734375
vt 0.54296875 0.734375
vt 0.19921875 0.56640625
vt 0.20703125 0.56640625
vt 0.20703125 0.51171875
vt 0.19921875 0.51171875
vt 0.54296875 0.734375
vt 0.546875 0.734375
vt 0.546875 0.6796875
vt 0.54296875 0.6796875
vt 0.20703125 0.56640625
vt 0.21484375 0.56640625
vt 0.21484375 0.51171875
vt 0.20703125 0.51171875
vt 0.71875 0.35546875
vt 0.71484375 0.35546875
vt 0.71484375 0.36328125
vt 0.71875 0.36328125
vt 0.6484375 0.28515625
vt 0.64453125 0.28515625
vt 0.64453125 0.27734375
vt 0.6484375 0.27734375
vn -0.931058814480976 0.2530336205850714 -0.26287539031048507
vn 0.1420319128537579 -0.4122947018313517 -0.8999111148179577
vn 0.931058814480976 -0.2530336205850714 0.26287539031048507
vn -0.1420319128537579 0.4122947018313517 0.8999111148179577
vn 0.33608989825399727 0.8752068702286374 -0.3479317671558761
vn -0.33608989825399727 -0.8752068702286374 0.3479317671558761
usemtl m_91fe65ba-4f97-40fd-8230-0084d13434eb
f 2084/6244/1561 2087/6243/1561 2085/6242/1561 2082/6241/1561
f 2083/6248/1562 2084/6247/1562 2082/6246/1562 2081/6245/1562
f 2088/6252/1563 2083/6251/1563 2081/6250/1563 2086/6249/1563
f 2087/6256/1564 2088/6255/1564 2086/6254/1564 2085/6253/1564
f 2086/6260/1565 2081/6259/1565 2082/6258/1565 2085/6257/1565
f 2087/6264/1566 2084/6263/1566 2083/6262/1566 2088/6261/1566
o cube
v 0.25570023666661656 1.70615203910151 0.06974104065617182
v 0.3373814341538342 1.7298739410313604 0.03031369169780651
v 0.6789032759501192 0.7598346106667959 0.3771236600117811
v 0.7605844734373368 0.7835565125966464 0.3376963110534158
v 0.3133198922578932 1.6963749965075632 -0.03968934693182313
v 0.23163869477067556 1.6726530945777127 -0.00026199797345782816
v 0.7365229315413959 0.7500575680728492 0.26769327242378604
v 0.6548417340541782 0.7263356661429987 0.30712062138215135
vt 0.26171875 0.48828125
vt 0.265625 0.48828125
vt 0.265625 0.421875
vt 0.26171875 0.421875
vt 0.359375 0.734375
vt 0.3671875 0.734375
vt 0.3671875 0.66796875
vt 0.359375 0.66796875
vt 0.51171875 0.62890625
vt 0.515625 0.62890625
vt 0.515625 0.5625
vt 0.51171875 0.5625
vt 0.359375 0.66796875
vt 0.3671875 0.66796875
vt 0.3671875 0.6015625
vt 0.359375 0.6015625
vt 0.65234375 0.27734375
vt 0.6484375 0.27734375
vt 0.6484375 0.28515625
vt 0.65234375 0.28515625
vt 0.71875 0.34765625
vt 0.71484375 0.34765625
vt 0.71484375 0.33984375
vt 0.71875 0.33984375
vn 0.8712661065303215 0.2530336205850711 -0.42055838888923003
vn 0.2961420541038891 0.41229470183135164 0.8615758600569807
vn -0.8712661065303215 -0.2530336205850711 0.42055838888923003
vn -0.2961420541038891 -0.41229470183135164 -0.8615758600569807
vn -0.391401654828673 0.8752068702286375 -0.2842845034502745
vn 0.391401654828673 -0.8752068702286375 0.2842845034502745
usemtl m_91fe65ba-4f97-40fd-8230-0084d13434eb
f 2092/6268/1567 2095/6267/1567 2093/6266/1567 2090/6265/1567
f 2091/6272/1568 2092/6271/1568 2090/6270/1568 2089/6269/1568
f 2096/6276/1569 2091/6275/1569 2089/6274/1569 2094/6273/1569
f 2095/6280/1570 2096/6279/1570 2094/6278/1570 2093/6277/1570
f 2094/6284/1571 2089/6283/1571 2090/6282/1571 2093/6281/1571
f 2095/6288/1572 2092/6287/1572 2091/6286/1572 2096/6285/1572
o cube
v 0.26297844852388996 1.8933049843637735 0.10825470981169472
v 0.3119871670162206 1.9075381255216837 0.0845983004366756
v 0.5834385534148661 1.1767293593640764 0.341012647011607
v 0.6324472719071967 1.1909625005219866 0.3173562376365878
v 0.2879256251202796 1.8740391809978865 0.014595261807045956
v 0.23891690662794896 1.859806039839976 0.03825167118206518
v 0.6083857300112557 1.1574635559981894 0.24735319900695807
v 0.5593770115189252 1.143230414840279 0.2710096083819773
vt 0.0078125 0.4140625
vt 0.01171875 0.4140625
vt 0.01171875 0.36328125
vt 0.0078125 0.36328125
vt 0.01171875 0.4140625
vt 0.015625 0.4140625
vt 0.015625 0.36328125
vt 0.01171875 0.36328125
vt 0.5859375 0.94921875
vt 0.58984375 0.94921875
vt 0.58984375 0.8984375
vt 0.5859375 0.8984375
vt 0.5859375 0.8984375
vt 0.58984375 0.8984375
vt 0.58984375 0.84765625
vt 0.5859375 0.84765625
vt 0.5625 0.26953125
vt 0.55859375 0.26953125
vt 0.55859375 0.2734375
vt 0.5625 0.2734375
vt 0.73046875 0.44140625
vt 0.7265625 0.44140625
vt 0.7265625 0.4375
vt 0.73046875 0.4375
vn 0.8712661065303215 0.2530336205850711 -0.42055838888923003
vn 0.2961420541038891 0.41229470183135164 0.8615758600569807
vn -0.8712661065303215 -0.2530336205850711 0.42055838888923003
vn -0.2961420541038891 -0.41229470183135164 -0.8615758600569807
vn -0.391401654828673 0.8752068702286375 -0.2842845034502745
vn 0.391401654828673 -0.8752068702286375 0.2842845034502745
usemtl m_91fe65ba-4f97-40fd-8230-0084d13434eb
f 2100/6292/1573 2103/6291/1573 2101/6290/1573 2098/6289/1573
f 2099/6296/1574 2100/6295/1574 2098/6294/1574 2097/6293/1574
f 2104/6300/1575 2099/6299/1575 2097/6298/1575 2102/6297/1575
f 2103/6304/1576 2104/6303/1576 2102/6302/1576 2101/6301/1576
f 2102/6308/1577 2097/6307/1577 2098/6306/1577 2101/6305/1577
f 2103/6312/1578 2100/6311/1578 2099/6310/1578 2104/6309/1578
o cube
v 0.29505345443734926 1.7957003447402784 0.0713956428183592
v 0.37673465192456695 1.8194222466701286 0.03196829385999389
v 0.6252986006990422 1.0572445479848656 0.3112606926045284
v 0.7069797981862599 1.0809664499147158 0.2718333436461631
v 0.35267311002862595 1.7859233021463314 -0.03803474476963575
v 0.27099191254140825 1.762201400216481 0.0013926041887295515
v 0.6829182562903189 1.0474675053909186 0.20183030501653332
v 0.6012370588031012 1.0237456034610681 0.24125765397489862
vt 0.54296875 0.4921875
vt 0.546875 0.4921875
vt 0.546875 0.4375
vt 0.54296875 0.4375
vt 0.21484375 0.56640625
vt 0.22265625 0.56640625
vt 0.22265625 0.51171875
vt 0.21484375 0.51171875
vt 0.546875 1
vt 0.55078125 1
vt 0.55078125 0.9453125
vt 0.546875 0.9453125
vt 0.2734375 0.56640625
vt 0.28125 0.56640625
vt 0.28125 0.51171875
vt 0.2734375 0.51171875
vt 0.71875 0.33203125
vt 0.71484375 0.33203125
vt 0.71484375 0.33984375
vt 0.71875 0.33984375
vt 0.71875 0.33203125
vt 0.71484375 0.33203125
vt 0.71484375 0.32421875
vt 0.71875 0.32421875
vn 0.8712661065303215 0.2530336205850711 -0.42055838888923003
vn 0.2961420541038891 0.41229470183135164 0.8615758600569807
vn -0.8712661065303215 -0.2530336205850711 0.42055838888923003
vn -0.2961420541038891 -0.41229470183135164 -0.8615758600569807
vn -0.391401654828673 0.8752068702286375 -0.2842845034502745
vn 0.391401654828673 -0.8752068702286375 0.2842845034502745
usemtl m_91fe65ba-4f97-40fd-8230-0084d13434eb
f 2108/6316/1579 2111/6315/1579 2109/6314/1579 2106/6313/1579
f 2107/6320/1580 2108/6319/1580 2106/6318/1580 2105/6317/1580
f 2112/6324/1581 2107/6323/1581 2105/6322/1581 2110/6321/1581
f 2111/6328/1582 2112/6327/1582 2110/6326/1582 2109/6325/1582
f 2110/6332/1583 2105/6331/1583 2106/6330/1583 2109/6329/1583
f 2111/6336/1584 2108/6335/1584 2107/6334/1584 2112/6333/1584
o cube
v 0.1913146485131622 1.660008991143683 -0.04190108990204988
v 0.21880483758859348 1.6552495711174808 -0.1314036034176559
v 0.41745499410656023 0.6101207692394102 0.08338589306737976
v 0.4449451831819915 0.6053613492132079 -0.006116620448226251
v 0.14300793179090937 1.6362656297872662 -0.15367469551184776
v 0.1155177427154781 1.6410250498134684 -0.06417218199624186
v 0.36914827738430733 0.5863774078829933 -0.02838771254241812
v 0.34165808830887606 0.5911368279091955 0.06111480097318778
vt 0.51171875 0.5625
vt 0.515625 0.5625
vt 0.515625 0.49609375
vt 0.51171875 0.49609375
vt 0.36328125 0.93359375
vt 0.37109375 0.93359375
vt 0.37109375 0.8671875
vt 0.36328125 0.8671875
vt 0.51171875 0.49609375
vt 0.515625 0.49609375
vt 0.515625 0.4296875
vt 0.51171875 0.4296875
vt 0.36328125 0.8671875
vt 0.37109375 0.8671875
vt 0.37109375 0.80078125
vt 0.36328125 0.80078125
vt 0.71875 0.31640625
vt 0.71484375 0.31640625
vt 0.71484375 0.32421875
vt 0.71875 0.32421875
vt 0.71875 0.31640625
vt 0.71484375 0.31640625
vt 0.71484375 0.30859375
vt 0.71875 0.30859375
vn 0.2932286834712669 -0.050767146946156486 -0.9546934774997968
vn 0.9328849944330344 0.23364850867956527 0.2741057488515929
vn -0.2932286834712669 0.050767146946156486 0.9546934774997968
vn -0.9328849944330344 -0.23364850867956527 -0.2741057488515929
vn -0.20914714043320032 0.9709948873103105 -0.11587235419138014
vn 0.20914714043320032 -0.9709948873103105 0.11587235419138014
usemtl m_91fe65ba-4f97-40fd-8230-0084d13434eb
f 2116/6340/1585 2119/6339/1585 2117/6338/1585 2114/6337/1585
f 2115/6344/1586 2116/6343/1586 2114/6342/1586 2113/6341/1586
f 2120/6348/1587 2115/6347/1587 2113/6346/1587 2118/6345/1587
f 2119/6352/1588 2120/6351/1588 2118/6350/1588 2117/6349/1588
f 2118/6356/1589 2113/6355/1589 2114/6354/1589 2117/6353/1589
f 2119/6360/1590 2116/6359/1590 2115/6358/1590 2120/6357/1590
o cube
v 0.27588821495207105 1.8300399134562002 -0.06424605169119513
v 0.2923823283973298 1.827184261440479 -0.11794755980055871
v 0.447127436181754 1.0350378494708834 0.030624438302997326
v 0.46362154962701274 1.0321821974551622 -0.023077069806366257
v 0.2165854225996457 1.8082003201102643 -0.14021865189475058
v 0.2000913091543869 1.8110559721259856 -0.086517143785387
v 0.3878246438293286 1.0131982561249475 -0.045348161900558126
v 0.3713305303840698 1.0160539081406688 0.008353346208805346
vt 0.5859375 0.84765625
vt 0.58984375 0.84765625
vt 0.58984375 0.796875
vt 0.5859375 0.796875
vt 0.5859375 0.796875
vt 0.58984375 0.796875
vt 0.58984375 0.74609375
vt 0.5859375 0.74609375
vt 0.5859375 0.74609375
vt 0.58984375 0.74609375
vt 0.58984375 0.6953125
vt 0.5859375 0.6953125
vt 0.5859375 0.6953125
vt 0.58984375 0.6953125
vt 0.58984375 0.64453125
vt 0.5859375 0.64453125
vt 0.56640625 0.26953125
vt 0.5625 0.26953125
vt 0.5625 0.2734375
vt 0.56640625 0.2734375
vt 0.73046875 0.4375
vt 0.7265625 0.4375
vt 0.7265625 0.43359375
vt 0.73046875 0.43359375
vn 0.2932286834712669 -0.050767146946156486 -0.9546934774997968
vn 0.9328849944330344 0.23364850867956527 0.2741057488515929
vn -0.2932286834712669 0.050767146946156486 0.9546934774997968
vn -0.9328849944330344 -0.23364850867956527 -0.2741057488515929
vn -0.20914714043320032 0.9709948873103105 -0.11587235419138014
vn 0.20914714043320032 -0.9709948873103105 0.11587235419138014
usemtl m_91fe65ba-4f97-40fd-8230-0084d13434eb
f 2124/6364/1591 2127/6363/1591 2125/6362/1591 2122/6361/1591
f 2123/6368/1592 2124/6367/1592 2122/6366/1592 2121/6365/1592
f 2128/6372/1593 2123/6371/1593 2121/6370/1593 2126/6369/1593
f 2127/6376/1594 2128/6375/1594 2126/6374/1594 2125/6373/1594
f 2126/6380/1595 2121/6379/1595 2122/6378/1595 2125/6377/1595
f 2127/6384/1596 2124/6383/1596 2123/6382/1596 2128/6381/1596
o cube
v 0.24138131540299765 1.729522945018835 -0.089139332705795
v 0.26887150447842895 1.7247635249926327 -0.178641846221401
v 0.4178492151435106 0.9102460088507605 0.008627966143181842
v 0.4453394042189419 0.9054865888245582 -0.08087454737242417
v 0.19307459868074484 1.705779583662418 -0.20091293831559298
v 0.16558440960531357 1.7105390036886203 -0.11141042479998697
v 0.36954249842125775 0.8865026474943436 -0.10314563946661603
v 0.3420523093458265 0.8912620675205458 -0.013643125951010027
vt 0.546875 0.9453125
vt 0.55078125 0.9453125
vt 0.55078125 0.890625
vt 0.546875 0.890625
vt 0.28125 0.56640625
vt 0.2890625 0.56640625
vt 0.2890625 0.51171875
vt 0.28125 0.51171875
vt 0.546875 0.890625
vt 0.55078125 0.890625
vt 0.55078125 0.8359375
vt 0.546875 0.8359375
vt 0.2890625 0.56640625
vt 0.296875 0.56640625
vt 0.296875 0.51171875
vt 0.2890625 0.51171875
vt 0.71875 0.30078125
vt 0.71484375 0.30078125
vt 0.71484375 0.30859375
vt 0.71875 0.30859375
vt 0.69921875 0.28515625
vt 0.6953125 0.28515625
vt 0.6953125 0.27734375
vt 0.69921875 0.27734375
vn 0.2932286834712669 -0.050767146946156486 -0.9546934774997968
vn 0.9328849944330344 0.23364850867956527 0.2741057488515929
vn -0.2932286834712669 0.050767146946156486 0.9546934774997968
vn -0.9328849944330344 -0.23364850867956527 -0.2741057488515929
vn -0.20914714043320032 0.9709948873103105 -0.11587235419138014
vn 0.20914714043320032 -0.9709948873103105 0.11587235419138014
usemtl m_91fe65ba-4f97-40fd-8230-0084d13434eb
f 2132/6388/1597 2135/6387/1597 2133/6386/1597 2130/6385/1597
f 2131/6392/1598 2132/6391/1598 2130/6390/1598 2129/6389/1598
f 2136/6396/1599 2131/6395/1599 2129/6394/1599 2134/6393/1599
f 2135/6400/1600 2136/6399/1600 2134/6398/1600 2133/6397/1600
f 2134/6404/1601 2129/6403/1601 2130/6402/1601 2133/6401/1601
f 2135/6408/1602 2132/6407/1602 2131/6406/1602 2136/6405/1602
o cube
v -0.26552490951447794 1.7256247063531474 0.01593135655930411
v -0.29871973768759186 1.7151023334232876 -0.07111142344272947
v -0.40491289733106695 0.6687702473152246 0.19684902779156077
v -0.43810772550418087 0.6582478743853653 0.10980624778952708
v -0.37398065692740223 1.7296408913633408 -0.04416727995657588
v -0.3407858287542883 1.7401632642932006 0.042875500045457815
v -0.5133686447439912 0.6727864323254187 0.13675039127568067
v -0.4801738165708773 0.683308805255278 0.22379317127771436
vt 0.515625 1
vt 0.51953125 1
vt 0.51953125 0.93359375
vt 0.515625 0.93359375
vt 0.1875 0.63671875
vt 0.1953125 0.63671875
vt 0.1953125 0.5703125
vt 0.1875 0.5703125
vt 0.515625 0.62890625
vt 0.51953125 0.62890625
vt 0.51953125 0.5625
vt 0.515625 0.5625
vt 0.3671875 1
vt 0.375 1
vt 0.375 0.93359375
vt 0.3671875 0.93359375
vt 0.703125 0.27734375
vt 0.69921875 0.27734375
vt 0.69921875 0.28515625
vt 0.703125 0.28515625
vt 0.71875 0.30078125
vt 0.71484375 0.30078125
vt 0.71484375 0.29296875
vt 0.71875 0.29296875
vn -0.3540781671798808 -0.11223864458516646 -0.9284563200216912
vn 0.9262882367976675 -0.1789360977237347 -0.3316202275218907
vn 0.3540781671798808 0.11223864458516646 0.9284563200216912
vn -0.9262882367976675 0.1789360977237347 0.3316202275218907
vn 0.1289137459575388 0.9774376499772693 -0.16732270171769417
vn -0.1289137459575388 -0.9774376499772693 0.16732270171769417
usemtl m_91fe65ba-4f97-40fd-8230-0084d13434eb
f 2140/6412/1603 2143/6411/1603 2141/6410/1603 2138/6409/1603
f 2139/6416/1604 2140/6415/1604 2138/6414/1604 2137/6413/1604
f 2144/6420/1605 2139/6419/1605 2137/6418/1605 2142/6417/1605
f 2143/6424/1606 2144/6423/1606 2142/6422/1606 2141/6421/1606
f 2142/6428/1607 2137/6427/1607 2138/6426/1607 2141/6425/1607
f 2143/6432/1608 2140/6431/1608 2139/6430/1608 2144/6429/1608
o cube
v -0.15525835225035492 1.8479010936838742 -0.08129143629537616
v -0.17517524915422325 1.8415876699259586 -0.13351710429659625
v -0.26080648175308985 1.0476240177649847 0.055704025735985874
v -0.2807233786569582 1.041310594007069 0.0034783577347656802
v -0.2504361683940338 1.8561262278660118 -0.10657296081044265
v -0.23051927149016546 1.8624396516239274 -0.05434729280922246
v -0.3559842978967688 1.0558491519471225 0.030422501220919274
v -0.33606740099290044 1.0621625757050381 0.08264816922213947
vt 0.5859375 0.64453125
vt 0.58984375 0.64453125
vt 0.58984375 0.59375
vt 0.5859375 0.59375
vt 0.5859375 0.59375
vt 0.58984375 0.59375
vt 0.58984375 0.54296875
vt 0.5859375 0.54296875
vt 0.5859375 0.54296875
vt 0.58984375 0.54296875
vt 0.58984375 0.4921875
vt 0.5859375 0.4921875
vt 0.5859375 0.4921875
vt 0.58984375 0.4921875
vt 0.58984375 0.44140625
vt 0.5859375 0.44140625
vt 0.5703125 0.26953125
vt 0.56640625 0.26953125
vt 0.56640625 0.2734375
vt 0.5703125 0.2734375
vt 0.73046875 0.43359375
vt 0.7265625 0.43359375
vt 0.7265625 0.4296875
vt 0.73046875 0.4296875
vn -0.3540781671798808 -0.11223864458516646 -0.9284563200216912
vn 0.9262882367976675 -0.1789360977237347 -0.3316202275218907
vn 0.3540781671798808 0.11223864458516646 0.9284563200216912
vn -0.9262882367976675 0.1789360977237347 0.3316202275218907
vn 0.1289137459575388 0.9774376499772693 -0.16732270171769417
vn -0.1289137459575388 -0.9774376499772693 0.16732270171769417
usemtl m_91fe65ba-4f97-40fd-8230-0084d13434eb
f 2148/6436/1609 2151/6435/1609 2149/6434/1609 2146/6433/1609
f 2147/6440/1610 2148/6439/1610 2146/6438/1610 2145/6437/1610
f 2152/6444/1611 2147/6443/1611 2145/6442/1611 2150/6441/1611
f 2151/6448/1612 2152/6447/1612 2150/6446/1612 2149/6445/1612
f 2150/6452/1613 2145/6451/1613 2146/6450/1613 2149/6449/1613
f 2151/6456/1614 2148/6455/1614 2147/6454/1614 2152/6453/1614
o cube
v -0.23107028545611655 1.771454330832624 -0.06333299167536632
v -0.26426511362923033 1.7609319579027647 -0.1503757716773999
v -0.33984125860779 0.9467413136643033 0.077845537898938
v -0.37303608678090383 0.9362189407344439 -0.009197242103095582
v -0.33952603286904093 1.775470515842818 -0.1234316281912462
v -0.3063312046959271 1.7859928887726773 -0.03638884818921273
v -0.44829700602071443 0.9507574986744973 0.017746901383058122
v -0.4151021778476006 0.9612798716043567 0.1047896813850916
vt 0.546875 0.7890625
vt 0.55078125 0.7890625
vt 0.55078125 0.734375
vt 0.546875 0.734375
vt 0.296875 0.56640625
vt 0.3046875 0.56640625
vt 0.3046875 0.51171875
vt 0.296875 0.51171875
vt 0.25390625 0.453125
vt 0.2578125 0.453125
vt 0.2578125 0.3984375
vt 0.25390625 0.3984375
vt 0.3046875 0.56640625
vt 0.3125 0.56640625
vt 0.3125 0.51171875
vt 0.3046875 0.51171875
vt 0.71875 0.28515625
vt 0.71484375 0.28515625
vt 0.71484375 0.29296875
vt 0.71875 0.29296875
vt 0.71875 0.28515625
vt 0.71484375 0.28515625
vt 0.71484375 0.27734375
vt 0.71875 0.27734375
vn -0.3540781671798808 -0.11223864458516646 -0.9284563200216912
vn 0.9262882367976675 -0.1789360977237347 -0.3316202275218907
vn 0.3540781671798808 0.11223864458516646 0.9284563200216912
vn -0.9262882367976675 0.1789360977237347 0.3316202275218907
vn 0.1289137459575388 0.9774376499772693 -0.16732270171769417
vn -0.1289137459575388 -0.9774376499772693 0.16732270171769417
usemtl m_91fe65ba-4f97-40fd-8230-0084d13434eb
f 2156/6460/1615 2159/6459/1615 2157/6458/1615 2154/6457/1615
f 2155/6464/1616 2156/6463/1616 2154/6462/1616 2153/6461/1616
f 2160/6468/1617 2155/6467/1617 2153/6466/1617 2158/6465/1617
f 2159/6472/1618 2160/6471/1618 2158/6470/1618 2157/6469/1618
f 2158/6476/1619 2153/6475/1619 2154/6474/1619 2157/6473/1619
f 2159/6480/1620 2156/6479/1620 2155/6478/1620 2160/6477/1620
o cube
v -0.04367547248560179 1.663351956309381 -0.13082806238428057
v -0.051457012933006516 1.6592214679002026 -0.22416320685712665
v -0.012376861572406278 0.5834997259255297 -0.08564930642613139
v -0.020158402019811006 0.5793692375163513 -0.17898445089897752
v -0.13239247746512903 1.657161746854567 -0.2173243012294931
v -0.1246109370177243 1.6612922352637454 -0.12398915675664701
v -0.10109386655193353 0.577309516470716 -0.17214554527134396
v -0.0933123261045288 0.5814400048798944 -0.07881040079849783
vt 0.515625 0.5625
vt 0.51953125 0.5625
vt 0.51953125 0.49609375
vt 0.515625 0.49609375
vt 0.1953125 0.6328125
vt 0.203125 0.6328125
vt 0.203125 0.56640625
vt 0.1953125 0.56640625
vt 0.515625 0.49609375
vt 0.51953125 0.49609375
vt 0.51953125 0.4296875
vt 0.515625 0.4296875
vt 0.3671875 0.80078125
vt 0.375 0.80078125
vt 0.375 0.734375
vt 0.3671875 0.734375
vt 0.00390625 0.2734375
vt 0 0.2734375
vt 0 0.28125
vt 0.00390625 0.28125
vt 0.72265625 1
vt 0.71875 1
vt 0.71875 0.9921875
vt 0.72265625 0.9921875
vn -0.08300309810565033 -0.044058543031236075 -0.9955748743770247
vn 0.99612879424151 0.025350412869359077 -0.08417114618625952
vn 0.08300309810565033 0.044058543031236075 0.9955748743770247
vn -0.99612879424151 -0.025350412869359077 0.08417114618625952
vn -0.02894669217405363 0.9987072650948915 -0.04178382053932851
vn 0.02894669217405363 -0.9987072650948915 0.04178382053932851
usemtl m_91fe65ba-4f97-40fd-8230-0084d13434eb
f 2164/6484/1621 2167/6483/1621 2165/6482/1621 2162/6481/1621
f 2163/6488/1622 2164/6487/1622 2162/6486/1622 2161/6485/1622
f 2168/6492/1623 2163/6491/1623 2161/6490/1623 2166/6489/1623
f 2167/6496/1624 2168/6495/1624 2166/6494/1624 2165/6493/1624
f 2166/6500/1625 2161/6499/1625 2162/6498/1625 2165/6497/1625
f 2167/6504/1626 2164/6503/1626 2163/6502/1626 2168/6501/1626
o cube
v 0.0609343968614982 1.8143577721577469 -0.1838989472002725
v 0.05626547259305536 1.8118794791122395 -0.23990003388398012
v 0.08463450107900462 0.9966661988613039 -0.14968844413369714
v 0.07996557681056178 0.994187905815797 -0.20568953081740476
v -0.02466999193906738 1.8098197580666038 -0.23306112825634656
v -0.02000106767062454 1.8122980511121112 -0.17706004157263894
v -0.0009698877215609525 0.9921281847701617 -0.1988506251897712
v 0.0036990365468818898 0.9946064778156687 -0.14284953850606358
vt 0.52734375 0.4140625
vt 0.53125 0.4140625
vt 0.53125 0.36328125
vt 0.52734375 0.36328125
vt 0.5859375 0.44140625
vt 0.58984375 0.44140625
vt 0.58984375 0.390625
vt 0.5859375 0.390625
vt 0.58984375 1
vt 0.59375 1
vt 0.59375 0.94921875
vt 0.58984375 0.94921875
vt 0.58984375 0.94921875
vt 0.59375 0.94921875
vt 0.59375 0.8984375
vt 0.58984375 0.8984375
vt 0.57421875 0.26953125
vt 0.5703125 0.26953125
vt 0.5703125 0.2734375
vt 0.57421875 0.2734375
vt 0.73046875 0.4296875
vt 0.7265625 0.4296875
vt 0.7265625 0.42578125
vt 0.73046875 0.42578125
vn -0.08300309810565033 -0.044058543031236075 -0.9955748743770247
vn 0.99612879424151 0.025350412869359077 -0.08417114618625952
vn 0.08300309810565033 0.044058543031236075 0.9955748743770247
vn -0.99612879424151 -0.025350412869359077 0.08417114618625952
vn -0.02894669217405363 0.9987072650948915 -0.04178382053932851
vn 0.02894669217405363 -0.9987072650948915 0.04178382053932851
usemtl m_91fe65ba-4f97-40fd-8230-0084d13434eb
f 2172/6508/1627 2175/6507/1627 2173/6506/1627 2170/6505/1627
f 2171/6512/1628 2172/6511/1628 2170/6510/1628 2169/6509/1628
f 2176/6516/1629 2171/6515/1629 2169/6514/1629 2174/6513/1629
f 2175/6520/1630 2176/6519/1630 2174/6518/1630 2173/6517/1630
f 2174/6524/1631 2169/6523/1631 2170/6522/1631 2173/6521/1631
f 2175/6528/1632 2172/6527/1632 2171/6526/1632 2176/6525/1632
o cube
v -0.00034712530284743137 1.7245603879757732 -0.1936491951610093
v -0.008128665750252152 1.7204298995665948 -0.2869843396338554
v 0.024076646219010338 0.8819011330519584 -0.15839409658095072
v 0.016295105771605617 0.87777064464278 -0.2517292410537968
v -0.08906413028237489 1.718370178520959 -0.2801454340062217
v -0.08128258983497016 1.7225006669301375 -0.18681028953337575
v -0.06464035876051713 0.8757109235971448 -0.24489033542616312
v -0.0568588183131124 0.8798414120063232 -0.15155519095331715
vt 0.0546875 0.41015625
vt 0.05859375 0.41015625
vt 0.05859375 0.359375
vt 0.0546875 0.359375
vt 0.22265625 0.5390625
vt 0.23046875 0.5390625
vt 0.23046875 0.48828125
vt 0.22265625 0.48828125
vt 0.05859375 0.41015625
vt 0.0625 0.41015625
vt 0.0625 0.359375
vt 0.05859375 0.359375
vt 0.23046875 0.5390625
vt 0.23828125 0.5390625
vt 0.23828125 0.48828125
vt 0.23046875 0.48828125
vt 0.0078125 0.2734375
vt 0.00390625 0.2734375
vt 0.00390625 0.28125
vt 0.0078125 0.28125
vt 0.01171875 0.28125
vt 0.0078125 0.28125
vt 0.0078125 0.2734375
vt 0.01171875 0.2734375
vn -0.08300309810565033 -0.044058543031236075 -0.9955748743770247
vn 0.99612879424151 0.025350412869359077 -0.08417114618625952
vn 0.08300309810565033 0.044058543031236075 0.9955748743770247
vn -0.99612879424151 -0.025350412869359077 0.08417114618625952
vn -0.02894669217405363 0.9987072650948915 -0.04178382053932851
vn 0.02894669217405363 -0.9987072650948915 0.04178382053932851
usemtl m_91fe65ba-4f97-40fd-8230-0084d13434eb
f 2180/6532/1633 2183/6531/1633 2181/6530/1633 2178/6529/1633
f 2179/6536/1634 2180/6535/1634 2178/6534/1634 2177/6533/1634
f 2184/6540/1635 2179/6539/1635 2177/6538/1635 2182/6537/1635
f 2183/6544/1636 2184/6543/1636 2182/6542/1636 2181/6541/1636
f 2182/6548/1637 2177/6547/1637 2178/6546/1637 2181/6545/1637
f 2183/6552/1638 2180/6551/1638 2179/6550/1638 2184/6549/1638
o cube
v -0.3468247657074908 0.6136504438250127 0.4978049125980424
v -0.43411152956508237 0.6070691196693334 0.4642375247397812
v -0.7102219681946254 0.37903106664538916 1.4887629256219896
v -0.797508732052217 0.37244974248970986 1.4551955377637287
v -0.4456516224844501 0.6861779022780626 0.47873543043602496
v -0.3583648586268586 0.6927592264337419 0.5123028182942861
v -0.8090488249715848 0.45155852509843913 1.4696934434599727
v -0.7217620611139932 0.45813984925411844 1.5032608313182336
vt 0 0.48046875
vt 0.00390625 0.48046875
vt 0.00390625 0.4140625
vt 0 0.4140625
vt 0.203125 0.6328125
vt 0.2109375 0.6328125
vt 0.2109375 0.56640625
vt 0.203125 0.56640625
vt 0.51953125 1
vt 0.5234375 1
vt 0.5234375 0.93359375
vt 0.51953125 0.93359375
vt 0.2109375 0.6328125
vt 0.21875 0.6328125
vt 0.21875 0.56640625
vt 0.2109375 0.56640625
vt 0.72265625 0.984375
vt 0.71875 0.984375
vt 0.71875 0.9921875
vt 0.72265625 0.9921875
vt 0.015625 0.28125
vt 0.01171875 0.28125
vt 0.01171875 0.2734375
vt 0.015625 0.2734375
vn -0.9310588144809759 -0.07020079099391241 -0.35805213715478457
vn 0.14203191285375785 -0.9736465551843594 -0.17843576241530937
vn 0.9310588144809759 0.07020079099391241 0.35805213715478457
vn -0.14203191285375785 0.9736465551843594 0.17843576241530937
vn 0.33608989825399727 0.21698901935687712 -0.9164929600221481
vn -0.33608989825399727 -0.21698901935687712 0.9164929600221481
usemtl m_91fe65ba-4f97-40fd-8230-0084d13434eb
f 2188/6556/1639 2191/6555/1639 2189/6554/1639 2186/6553/1639
f 2187/6560/1640 2188/6559/1640 2186/6558/1640 2185/6557/1640
f 2192/6564/1641 2187/6563/1641 2185/6562/1641 2190/6561/1641
f 2191/6568/1642 2192/6567/1642 2190/6566/1642 2189/6565/1642
f 2190/6572/1643 2185/6571/1643 2186/6570/1643 2189/6569/1643
f 2191/6576/1644 2188/6575/1644 2187/6574/1644 2192/6573/1644
o cube
v -0.3473045767084756 0.7531015045245129 0.3669780367231388
v -0.3996766350230305 0.7491527100311053 0.346837604008182
v -0.6224781809039359 0.5754417449260698 1.117356647741272
v -0.6748502392184907 0.5714929504326622 1.0972162150263154
v -0.4112167279423983 0.8282614926398345 0.36133550970442574
v -0.35884466962784334 0.8322102871332422 0.38147594241938254
v -0.6863903321378586 0.6506017330413914 1.1117141207225594
v -0.6340182738233037 0.6545505275347989 1.131854553437516
vt 0.0625 0.41015625
vt 0.06640625 0.41015625
vt 0.06640625 0.359375
vt 0.0625 0.359375
vt 0.06640625 0.41015625
vt 0.0703125 0.41015625
vt 0.0703125 0.359375
vt 0.06640625 0.359375
vt 0.0703125 0.41015625
vt 0.07421875 0.41015625
vt 0.07421875 0.359375
vt 0.0703125 0.359375
vt 0.07421875 0.41015625
vt 0.078125 0.41015625
vt 0.078125 0.359375
vt 0.07421875 0.359375
vt 0.578125 0.26953125
vt 0.57421875 0.26953125
vt 0.57421875 0.2734375
vt 0.578125 0.2734375
vt 0.73046875 0.42578125
vt 0.7265625 0.42578125
vt 0.7265625 0.421875
vt 0.73046875 0.421875
vn -0.9310588144809759 -0.07020079099391241 -0.35805213715478457
vn 0.14203191285375785 -0.9736465551843594 -0.17843576241530937
vn 0.9310588144809759 0.07020079099391241 0.35805213715478457
vn -0.14203191285375785 0.9736465551843594 0.17843576241530937
vn 0.33608989825399727 0.21698901935687712 -0.9164929600221481
vn -0.33608989825399727 -0.21698901935687712 0.9164929600221481
usemtl m_91fe65ba-4f97-40fd-8230-0084d13434eb
f 2196/6580/1645 2199/6579/1645 2197/6578/1645 2194/6577/1645
f 2195/6584/1646 2196/6583/1646 2194/6582/1646 2193/6581/1646
f 2200/6588/1647 2195/6587/1647 2193/6586/1647 2198/6585/1647
f 2199/6592/1648 2200/6591/1648 2198/6590/1648 2197/6589/1648
f 2198/6596/1649 2193/6595/1649 2194/6594/1649 2197/6593/1649
f 2199/6600/1650 2196/6599/1650 2195/6598/1650 2200/6597/1650
o cube
v -0.38529280102385877 0.6719457908006278 0.4293054580024669
v -0.47257956488145025 0.6653644666449485 0.3957380701442057
v -0.668868652675669 0.4888613057182627 1.2025963930211543
v -0.7561554165332605 0.4822799815625834 1.1690290051628933
v -0.484119657800818 0.7444732492536779 0.4102359758404499
v -0.3968328939432265 0.751054573409357 0.4438033636987111
v -0.7676955094526283 0.5613887641713127 1.1835269108591373
v -0.6804087455950367 0.567970088326992 1.2170942987173983
vt 0.546875 0.734375
vt 0.55078125 0.734375
vt 0.55078125 0.6796875
vt 0.546875 0.6796875
vt 0.3125 0.56640625
vt 0.3203125 0.56640625
vt 0.3203125 0.51171875
vt 0.3125 0.51171875
vt 0.546875 0.6796875
vt 0.55078125 0.6796875
vt 0.55078125 0.625
vt 0.546875 0.625
vt 0.3203125 0.56640625
vt 0.328125 0.56640625
vt 0.328125 0.51171875
vt 0.3203125 0.51171875
vt 0.72265625 0.9765625
vt 0.71875 0.9765625
vt 0.71875 0.984375
vt 0.72265625 0.984375
vt 0.72265625 0.9765625
vt 0.71875 0.9765625
vt 0.71875 0.96875
vt 0.72265625 0.96875
vn -0.9310588144809759 -0.07020079099391241 -0.35805213715478457
vn 0.14203191285375785 -0.9736465551843594 -0.17843576241530937
vn 0.9310588144809759 0.07020079099391241 0.35805213715478457
vn -0.14203191285375785 0.9736465551843594 0.17843576241530937
vn 0.33608989825399727 0.21698901935687712 -0.9164929600221481
vn -0.33608989825399727 -0.21698901935687712 0.9164929600221481
usemtl m_91fe65ba-4f97-40fd-8230-0084d13434eb
f 2204/6604/1651 2207/6603/1651 2205/6602/1651 2202/6601/1651
f 2203/6608/1652 2204/6607/1652 2202/6606/1652 2201/6605/1652
f 2208/6612/1653 2203/6611/1653 2201/6610/1653 2206/6609/1653
f 2207/6616/1654 2208/6615/1654 2206/6614/1654 2205/6613/1654
f 2206/6620/1655 2201/6619/1655 2202/6618/1655 2205/6617/1655
f 2207/6624/1656 2204/6623/1656 2203/6622/1656 2208/6621/1656
o cube
v 0.25570023666661634 0.648751319487013 0.48148815010935486
v 0.337381434153834 0.6300606499592651 0.4394417073387866
v 0.678903275950119 0.3577590422525955 1.4329734335641935
v 0.7605844734373368 0.33906837272484774 1.3909269907936253
v 0.313319892257893 0.5535033125378817 0.42673034279605115
v 0.23163869477067522 0.5721939820656295 0.4687767855666194
v 0.7365229315413957 0.26251103530346426 1.3782156262508896
v 0.6548417340541781 0.28120170483121204 1.4202620690214578
vt 0.00390625 0.48046875
vt 0.0078125 0.48046875
vt 0.0078125 0.4140625
vt 0.00390625 0.4140625
vt 0.21875 0.6328125
vt 0.2265625 0.6328125
vt 0.2265625 0.56640625
vt 0.21875 0.56640625
vt 0.0078125 0.48046875
vt 0.01171875 0.48046875
vt 0.01171875 0.4140625
vt 0.0078125 0.4140625
vt 0.3671875 0.734375
vt 0.375 0.734375
vt 0.375 0.66796875
vt 0.3671875 0.66796875
vt 0.72265625 0.9609375
vt 0.71875 0.9609375
vt 0.71875 0.96875
vt 0.72265625 0.96875
vt 0.72265625 0.9609375
vt 0.71875 0.9609375
vt 0.71875 0.953125
vt 0.72265625 0.953125
vn 0.8712661065303215 -0.19936714162930966 -0.44849538955272816
vn 0.2961420541038892 0.9422441528785659 0.15644756360289883
vn -0.8712661065303215 0.19936714162930966 0.44849538955272816
vn -0.2961420541038892 -0.9422441528785659 -0.15644756360289883
vn -0.3914016548286732 0.2691258055347213 -0.8799863893223939
vn 0.3914016548286732 -0.2691258055347213 0.8799863893223939
usemtl m_91fe65ba-4f97-40fd-8230-0084d13434eb
f 2212/6628/1657 2215/6627/1657 2213/6626/1657 2210/6625/1657
f 2211/6632/1658 2212/6631/1658 2210/6630/1658 2209/6629/1658
f 2216/6636/1659 2211/6635/1659 2209/6634/1659 2214/6633/1659
f 2215/6640/1660 2216/6639/1660 2214/6638/1660 2213/6637/1660
f 2214/6644/1661 2209/6643/1661 2210/6642/1661 2213/6641/1661
f 2215/6648/1662 2212/6647/1662 2211/6646/1662 2216/6645/1662
o cube
v 0.26297844852388996 0.7876463897049608 0.35027196550809503
v 0.3119871670162206 0.7764319879883119 0.325044099845754
v 0.5834385534148661 0.5672996364234076 1.0707608217658047
v 0.6324472719071967 0.556085234706759 1.0455329561034639
v 0.2879256251202796 0.6998746505669285 0.3123327353030181
v 0.23891690662794896 0.7110890522835772 0.3375606009653591
v 0.6083857300112556 0.4795278972853755 1.0328215915607282
v 0.559377011518925 0.49074229900202415 1.0580494572230692
vt 0.078125 0.41015625
vt 0.08203125 0.41015625
vt 0.08203125 0.359375
vt 0.078125 0.359375
vt 0.08203125 0.41015625
vt 0.0859375 0.41015625
vt 0.0859375 0.359375
vt 0.08203125 0.359375
vt 0.58984375 0.8984375
vt 0.59375 0.8984375
vt 0.59375 0.84765625
vt 0.58984375 0.84765625
vt 0.58984375 0.84765625
vt 0.59375 0.84765625
vt 0.59375 0.796875
vt 0.58984375 0.796875
vt 0.58203125 0.26953125
vt 0.578125 0.26953125
vt 0.578125 0.2734375
vt 0.58203125 0.2734375
vt 0.73046875 0.421875
vt 0.7265625 0.421875
vt 0.7265625 0.41796875
vt 0.73046875 0.41796875
vn 0.8712661065303215 -0.19936714162930966 -0.44849538955272816
vn 0.2961420541038892 0.9422441528785659 0.15644756360289883
vn -0.8712661065303215 0.19936714162930966 0.44849538955272816
vn -0.2961420541038892 -0.9422441528785659 -0.15644756360289883
vn -0.3914016548286732 0.2691258055347213 -0.8799863893223939
vn 0.3914016548286732 -0.2691258055347213 0.8799863893223939
usemtl m_91fe65ba-4f97-40fd-8230-0084d13434eb
f 2220/6652/1663 2223/6651/1663 2221/6650/1663 2218/6649/1663
f 2219/6656/1664 2220/6655/1664 2218/6654/1664 2217/6653/1664
f 2224/6660/1665 2219/6659/1665 2217/6658/1665 2222/6657/1665
f 2223/6664/1666 2224/6663/1666 2222/6662/1666 2221/6661/1666
f 2222/6668/1667 2217/6667/1667 2218/6666/1667 2221/6665/1667
f 2223/6672/1668 2220/6671/1668 2219/6670/1668 2224/6669/1668
o cube
v 0.2950534544373493 0.7014694882602126 0.40908351329450987
v 0.37673465192456695 0.6827788187324647 0.36703707052394163
v 0.6252986006990422 0.47439458984029154 1.1515720292852796
v 0.7069797981862599 0.45570392031254375 1.1095255865147113
v 0.35267311002862595 0.6062214813110813 0.3543257059812057
v 0.2709919125414083 0.6249121508388291 0.39637214875177396
v 0.6829182562903189 0.3791465828911602 1.0968142219719756
v 0.6012370588031013 0.397837252418908 1.1388606647425439
vt 0.546875 0.625
vt 0.55078125 0.625
vt 0.55078125 0.5703125
vt 0.546875 0.5703125
vt 0.4375 1
vt 0.4453125 1
vt 0.4453125 0.9453125
vt 0.4375 0.9453125
vt 0.546875 0.4921875
vt 0.55078125 0.4921875
vt 0.55078125 0.4375
vt 0.546875 0.4375
vt 0.125 0.5625
vt 0.1328125 0.5625
vt 0.1328125 0.5078125
vt 0.125 0.5078125
vt 0.72265625 0.9453125
vt 0.71875 0.9453125
vt 0.71875 0.953125
vt 0.72265625 0.953125
vt 0.72265625 0.9453125
vt 0.71875 0.9453125
vt 0.71875 0.9375
vt 0.72265625 0.9375
vn 0.8712661065303215 -0.19936714162930966 -0.44849538955272816
vn 0.2961420541038892 0.9422441528785659 0.15644756360289883
vn -0.8712661065303215 0.19936714162930966 0.44849538955272816
vn -0.2961420541038892 -0.9422441528785659 -0.15644756360289883
vn -0.3914016548286732 0.2691258055347213 -0.8799863893223939
vn 0.3914016548286732 -0.2691258055347213 0.8799863893223939
usemtl m_91fe65ba-4f97-40fd-8230-0084d13434eb
f 2228/6676/1669 2231/6675/1669 2229/6674/1669 2226/6673/1669
f 2227/6680/1670 2228/6679/1670 2226/6678/1670 2225/6677/1670
f 2232/6684/1671 2227/6683/1671 2225/6682/1671 2230/6681/1671
f 2231/6688/1672 2232/6687/1672 2230/6686/1672 2229/6685/1672
f 2230/6692/1673 2225/6691/1673 2226/6690/1673 2229/6689/1673
f 2231/6696/1674 2228/6695/1674 2227/6694/1674 2232/6693/1674
o cube
v 0.19131464851316204 0.5308328750014415 0.4552510267815113
v 0.21880483758859337 0.45478681690840284 0.40781318267886224
v 0.4174549941065602 0.031270818336860295 1.387130771242111
v 0.44494518318199144 -0.044775239756178364 1.339692927139462
v 0.14300793179090926 0.4256546648748152 0.41058974339113696
v 0.11551774271547799 0.5017007229678538 0.45802758749378647
v 0.36914827738430733 -0.07390739178976602 1.342469487851737
v 0.341658088308876 0.0021386663032726405 1.389907331954386
vt 0.01171875 0.48046875
vt 0.015625 0.48046875
vt 0.015625 0.4140625
vt 0.01171875 0.4140625
vt 0.27734375 0.6328125
vt 0.28515625 0.6328125
vt 0.28515625 0.56640625
vt 0.27734375 0.56640625
vt 0.51953125 0.93359375
vt 0.5234375 0.93359375
vt 0.5234375 0.8671875
vt 0.51953125 0.8671875
vt 0.28515625 0.6328125
vt 0.29296875 0.6328125
vt 0.29296875 0.56640625
vt 0.28515625 0.56640625
vt 0.72265625 0.9296875
vt 0.71875 0.9296875
vt 0.71875 0.9375
vt 0.72265625 0.9375
vt 0.72265625 0.9296875
vt 0.71875 0.9296875
vt 0.71875 0.921875
vt 0.72265625 0.921875
vn 0.29322868347126685 -0.8111579529924114 -0.5060036704282573
vn 0.9328849944330345 0.3585495634903088 -0.034173054920308546
vn -0.29322868347126685 0.8111579529924114 0.5060036704282573
vn -0.9328849944330345 -0.3585495634903088 0.034173054920308546
vn -0.20914714043320035 0.4620227113660866 -0.861854098923098
vn 0.20914714043320035 -0.4620227113660866 0.861854098923098
usemtl m_91fe65ba-4f97-40fd-8230-0084d13434eb
f 2236/6700/1675 2239/6699/1675 2237/6698/1675 2234/6697/1675
f 2235/6704/1676 2236/6703/1676 2234/6702/1676 2233/6701/1676
f 2240/6708/1677 2235/6707/1677 2233/6706/1677 2238/6705/1677
f 2239/6712/1678 2240/6711/1678 2238/6710/1678 2237/6709/1678
f 2238/6716/1679 2233/6715/1679 2234/6714/1679 2237/6713/1679
f 2239/6720/1680 2236/6719/1680 2235/6718/1680 2240/6717/1680
o cube
v 0.27588821495207105 0.6100546843617985 0.3031533056234528
v 0.2923823283973298 0.5644270495059753 0.2746905991618629
v 0.4471274361817539 0.23177358943081527 1.008796349116739
v 0.4636215496270127 0.18614595457499206 0.9803336426551497
v 0.2165854225996457 0.5352948974723877 0.27746715987413806
v 0.2000913091543869 0.5809225323282109 0.3059298663357275
v 0.3878246438293286 0.1570138025414044 0.9831102033674246
v 0.37133053038406977 0.20264143739722762 1.011572909829014
vt 0.58984375 0.796875
vt 0.59375 0.796875
vt 0.59375 0.74609375
vt 0.58984375 0.74609375
vt 0.21484375 0.41015625
vt 0.21875 0.41015625
vt 0.21875 0.359375
vt 0.21484375 0.359375
vt 0.21875 0.41015625
vt 0.22265625 0.41015625
vt 0.22265625 0.359375
vt 0.21875 0.359375
vt 0.58984375 0.74609375
vt 0.59375 0.74609375
vt 0.59375 0.6953125
vt 0.58984375 0.6953125
vt 0.5859375 0.26953125
vt 0.58203125 0.26953125
vt 0.58203125 0.2734375
vt 0.5859375 0.2734375
vt 0.73046875 0.41796875
vt 0.7265625 0.41796875
vt 0.7265625 0.4140625
vt 0.73046875 0.4140625
vn 0.29322868347126685 -0.8111579529924114 -0.5060036704282573
vn 0.9328849944330345 0.3585495634903088 -0.034173054920308546
vn -0.29322868347126685 0.8111579529924114 0.5060036704282573
vn -0.9328849944330345 -0.3585495634903088 0.034173054920308546
vn -0.20914714043320035 0.4620227113660866 -0.861854098923098
vn 0.20914714043320035 -0.4620227113660866 0.861854098923098
usemtl m_91fe65ba-4f97-40fd-8230-0084d13434eb
f 2244/6724/1681 2247/6723/1681 2245/6722/1681 2242/6721/1681
f 2243/6728/1682 2244/6727/1682 2242/6726/1682 2241/6725/1682
f 2248/6732/1683 2243/6731/1683 2241/6730/1683 2246/6729/1683
f 2247/6736/1684 2248/6735/1684 2246/6734/1684 2245/6733/1684
f 2246/6740/1685 2241/6739/1685 2242/6738/1685 2245/6737/1685
f 2247/6744/1686 2244/6743/1686 2243/6742/1686 2248/6741/1686
o cube
v 0.24138131540299768 0.5320091377805142 0.3712137863912133
v 0.26887150447842895 0.4559630796874755 0.323775942288564
v 0.41784921514351064 0.14217747506537853 1.098403182357577
v 0.4453394042189419 0.06613141697233993 1.050965338254928
v 0.19307459868074484 0.42683092765388786 0.32655250300083916
v 0.16558440960531357 0.5028769857469265 0.3739903471034882
v 0.36954249842125775 0.036999264938752274 1.053741898967203
v 0.3420523093458265 0.11304532303179088 1.101179743069852
vt 0.55078125 1
vt 0.5546875 1
vt 0.5546875 0.9453125
vt 0.55078125 0.9453125
vt 0.4375 0.8359375
vt 0.4453125 0.8359375
vt 0.4453125 0.78125
vt 0.4375 0.78125
vt 0.55078125 0.9453125
vt 0.5546875 0.9453125
vt 0.5546875 0.890625
vt 0.55078125 0.890625
vt 0.4375 0.78125
vt 0.4453125 0.78125
vt 0.4453125 0.7265625
vt 0.4375 0.7265625
vt 0.72265625 0.9140625
vt 0.71875 0.9140625
vt 0.71875 0.921875
vt 0.72265625 0.921875
vt 0.72265625 0.9140625
vt 0.71875 0.9140625
vt 0.71875 0.90625
vt 0.72265625 0.90625
vn 0.29322868347126685 -0.8111579529924114 -0.5060036704282573
vn 0.9328849944330345 0.3585495634903088 -0.034173054920308546
vn -0.29322868347126685 0.8111579529924114 0.5060036704282573
vn -0.9328849944330345 -0.3585495634903088 0.034173054920308546
vn -0.20914714043320035 0.4620227113660866 -0.861854098923098
vn 0.20914714043320035 -0.4620227113660866 0.861854098923098
usemtl m_91fe65ba-4f97-40fd-8230-0084d13434eb
f 2252/6748/1687 2255/6747/1687 2253/6746/1687 2250/6745/1687
f 2251/6752/1688 2252/6751/1688 2250/6750/1688 2249/6749/1688
f 2256/6756/1689 2251/6755/1689 2249/6754/1689 2254/6753/1689
f 2255/6760/1690 2256/6759/1690 2254/6758/1690 2253/6757/1690
f 2254/6764/1691 2249/6763/1691 2250/6762/1691 2253/6761/1691
f 2255/6768/1692 2252/6767/1692 2251/6766/1692 2256/6765/1692
o cube
v -0.26552490951447794 0.6158420698449626 0.4346731080769617
v -0.29871973768759175 0.5385054134986343 0.3933668438095723
v -0.40491289733106695 0.157854335726185 1.4041677118521396
v -0.43810772550418076 0.08051767937985677 1.3628614475847505
v -0.3739806569274021 0.568915737969872 0.3969120801532826
v -0.3407858287542883 0.6462523943162003 0.43821834442067154
v -0.5133686447439911 0.11092800385109441 1.366406683928461
v -0.4801738165708773 0.18826466019742266 1.4077129481958501
vt 0.51953125 0.8671875
vt 0.5234375 0.8671875
vt 0.5234375 0.80078125
vt 0.51953125 0.80078125
vt 0.29296875 0.6328125
vt 0.30078125 0.6328125
vt 0.30078125 0.56640625
vt 0.29296875 0.56640625
vt 0.51953125 0.62890625
vt 0.5234375 0.62890625
vt 0.5234375 0.5625
vt 0.51953125 0.5625
vt 0.30078125 0.6328125
vt 0.30859375 0.6328125
vt 0.30859375 0.56640625
vt 0.30078125 0.56640625
vt 0.72265625 0.8984375
vt 0.71875 0.8984375
vt 0.71875 0.90625
vt 0.72265625 0.90625
vt 0.72265625 0.8984375
vt 0.71875 0.8984375
vt 0.71875 0.890625
vt 0.72265625 0.890625
vn -0.35407816717988083 -0.8249243343608342 -0.4406001521854836
vn 0.9262882367976675 -0.3742809165690796 -0.04363367807643715
vn 0.35407816717988083 0.8249243343608342 0.4406001521854836
vn -0.9262882367976675 0.3742809165690796 0.04363367807643715
vn 0.12891374595753877 0.423572470861297 -0.8966424081157721
vn -0.12891374595753877 -0.423572470861297 0.8966424081157721
usemtl m_91fe65ba-4f97-40fd-8230-0084d13434eb
f 2260/6772/1693 2263/6771/1693 2261/6770/1693 2258/6769/1693
f 2259/6776/1694 2260/6775/1694 2258/6774/1694 2257/6773/1694
f 2264/6780/1695 2259/6779/1695 2257/6778/1695 2262/6777/1695
f 2263/6784/1696 2264/6783/1696 2262/6782/1696 2261/6781/1696
f 2262/6788/1697 2257/6787/1697 2258/6786/1697 2261/6785/1697
f 2263/6792/1698 2260/6791/1698 2259/6790/1698 2264/6789/1698
o cube
v -0.15525835225035492 0.6063366748216044 0.2787454523690407
v -0.1751752491542232 0.5599346810138075 0.25396169380860734
v -0.26080648175308985 0.2595367143039174 1.012871424013829
v -0.2807233786569582 0.21313472049612053 0.9880876654533954
v -0.2504361683940337 0.5903450054850452 0.25750693015231807
v -0.23051927149016546 0.6367469992928421 0.2822906887127514
v -0.35598429789676866 0.24354504496735824 0.991632901797106
v -0.33606740099290044 0.2899470387751551 1.0164166603575393
vt 0.265625 0.41015625
vt 0.26953125 0.41015625
vt 0.26953125 0.359375
vt 0.265625 0.359375
vt 0.26953125 0.41015625
vt 0.2734375 0.41015625
vt 0.2734375 0.359375
vt 0.26953125 0.359375
vt 0.2734375 0.41015625
vt 0.27734375 0.41015625
vt 0.27734375 0.359375
vt 0.2734375 0.359375
vt 0.27734375 0.41015625
vt 0.28125 0.41015625
vt 0.28125 0.359375
vt 0.27734375 0.359375
vt 0.58984375 0.26953125
vt 0.5859375 0.26953125
vt 0.5859375 0.2734375
vt 0.58984375 0.2734375
vt 0.73046875 0.4140625
vt 0.7265625 0.4140625
vt 0.7265625 0.41015625
vt 0.73046875 0.41015625
vn -0.35407816717988083 -0.8249243343608342 -0.4406001521854836
vn 0.9262882367976675 -0.3742809165690796 -0.04363367807643715
vn 0.35407816717988083 0.8249243343608342 0.4406001521854836
vn -0.9262882367976675 0.3742809165690796 0.04363367807643715
vn 0.12891374595753877 0.423572470861297 -0.8966424081157721
vn -0.12891374595753877 -0.423572470861297 0.8966424081157721
usemtl m_91fe65ba-4f97-40fd-8230-0084d13434eb
f 2268/6796/1699 2271/6795/1699 2269/6794/1699 2266/6793/1699
f 2267/6800/1700 2268/6799/1700 2266/6798/1700 2265/6797/1700
f 2272/6804/1701 2267/6803/1701 2265/6802/1701 2270/6801/1701
f 2271/6808/1702 2272/6807/1702 2270/6806/1702 2269/6805/1702
f 2270/6812/1703 2265/6811/1703 2266/6810/1703 2269/6809/1703
f 2271/6816/1704 2268/6815/1704 2267/6814/1704 2272/6813/1704
o cube
v -0.23107028545611655 0.5771993096375428 0.35166751510547023
v -0.26426511362923044 0.49986265329121454 0.31036125083808086
v -0.33984125860779 0.21981003734832338 1.1082095469531528
v -0.37303608678090383 0.14247338100199508 1.0669032826857636
v -0.33952603286904093 0.5302729777624522 0.3139064871817916
v -0.3063312046959271 0.6076096341087805 0.3552127514491805
v -0.44829700602071443 0.17288370547323278 1.0704485190294741
v -0.4151021778476006 0.2502203618195611 1.1117547832968633
vt 0.55078125 0.890625
vt 0.5546875 0.890625
vt 0.5546875 0.8359375
vt 0.55078125 0.8359375
vt 0.4375 0.7265625
vt 0.4453125 0.7265625
vt 0.4453125 0.671875
vt 0.4375 0.671875
vt 0.55078125 0.7890625
vt 0.5546875 0.7890625
vt 0.5546875 0.734375
vt 0.55078125 0.734375
vt 0.4375 0.671875
vt 0.4453125 0.671875
vt 0.4453125 0.6171875
vt 0.4375 0.6171875
vt 0.1640625 0.2734375
vt 0.16015625 0.2734375
vt 0.16015625 0.28125
vt 0.1640625 0.28125
vt 0.72265625 0.80078125
vt 0.71875 0.80078125
vt 0.71875 0.79296875
vt 0.72265625 0.79296875
vn -0.35407816717988083 -0.8249243343608342 -0.4406001521854836
vn 0.9262882367976675 -0.3742809165690796 -0.04363367807643715
vn 0.35407816717988083 0.8249243343608342 0.4406001521854836
vn -0.9262882367976675 0.3742809165690796 0.04363367807643715
vn 0.12891374595753877 0.423572470861297 -0.8966424081157721
vn -0.12891374595753877 -0.423572470861297 0.8966424081157721
usemtl m_91fe65ba-4f97-40fd-8230-0084d13434eb
f 2276/6820/1705 2279/6819/1705 2277/6818/1705 2274/6817/1705
f 2275/6824/1706 2276/6823/1706 2274/6822/1706 2273/6821/1706
f 2280/6828/1707 2275/6827/1707 2273/6826/1707 2278/6825/1707
f 2279/6832/1708 2280/6831/1708 2278/6830/1708 2277/6829/1708
f 2278/6836/1709 2273/6835/1709 2274/6834/1709 2277/6833/1709
f 2279/6840/1710 2276/6839/1710 2275/6838/1710 2280/6837/1710
o cube
v -0.059924198671933465 0.4644353604508664 0.40157264773117163
v -0.07177309296366872 0.3860039199062376 0.3516009023328204
v -0.0756362889069564 -0.11481390345862919 1.3144390032185198
v -0.08748518319869165 -0.193245344003258 1.2644672578201686
v -0.15236288936044717 0.3953030969562673 0.3561144954600266
v -0.14051399506871193 0.4737345375008961 0.40608624085837786
v -0.16807497959547013 -0.18394616695322819 1.2689808509473748
v -0.15622608530373486 -0.10551472640859938 1.318952596345726
vt 0.51953125 0.5625
vt 0.5234375 0.5625
vt 0.5234375 0.49609375
vt 0.51953125 0.49609375
vt 0.30859375 0.6328125
vt 0.31640625 0.6328125
vt 0.31640625 0.56640625
vt 0.30859375 0.56640625
vt 0.51953125 0.49609375
vt 0.5234375 0.49609375
vt 0.5234375 0.4296875
vt 0.51953125 0.4296875
vt 0.31640625 0.6328125
vt 0.32421875 0.6328125
vt 0.32421875 0.56640625
vt 0.31640625 0.56640625
vt 0.72265625 0.78515625
vt 0.71875 0.78515625
vt 0.71875 0.79296875
vt 0.72265625 0.79296875
vt 0.72265625 0.78515625
vt 0.71875 0.78515625
vt 0.71875 0.77734375
vt 0.72265625 0.77734375
vn -0.12638820577850937 -0.8366020324760407 -0.533031950915747
vn 0.9918744171911216 -0.11445140984652154 -0.05555191541176998
vn 0.12638820577850937 0.8366020324760407 0.533031950915747
vn -0.9918744171911216 0.11445140984652154 0.05555191541176998
vn 0.014531412934125253 0.535721862575256 -0.8442694617224032
vn -0.014531412934125253 -0.535721862575256 0.8442694617224032
usemtl m_91fe65ba-4f97-40fd-8230-0084d13434eb
f 2284/6844/1711 2287/6843/1711 2285/6842/1711 2282/6841/1711
f 2283/6848/1712 2284/6847/1712 2282/6846/1712 2281/6845/1712
f 2288/6852/1713 2283/6851/1713 2281/6850/1713 2286/6849/1713
f 2287/6856/1714 2288/6855/1714 2286/6854/1714 2285/6853/1714
f 2286/6860/1715 2281/6859/1715 2282/6858/1715 2285/6857/1715
f 2287/6864/1716 2284/6863/1716 2283/6862/1716 2288/6861/1716
o cube
v 0.04910182748549249 0.5005452800115695 0.24869393982964594
v 0.041992490910451326 0.4534864156847922 0.21871089259063536
v 0.03720423314567741 0.06192300502807857 0.9399395616148636
v 0.03009489657063625 0.014864140701301265 0.9099565143758528
v -0.03859730548632738 0.4627855927348221 0.2232244857178416
v -0.03148796891128622 0.5098444570615994 0.25320753295685217
v -0.050494899826142435 0.02416331775133107 0.914470107503059
v -0.043385563251101274 0.07122218207810838 0.9444531547420698
vt 0.28125 0.41015625
vt 0.28515625 0.41015625
vt 0.28515625 0.359375
vt 0.28125 0.359375
vt 0.28515625 0.41015625
vt 0.2890625 0.41015625
vt 0.2890625 0.359375
vt 0.28515625 0.359375
vt 0.2890625 0.41015625
vt 0.29296875 0.41015625
vt 0.29296875 0.359375
vt 0.2890625 0.359375
vt 0.29296875 0.41015625
vt 0.296875 0.41015625
vt 0.296875 0.359375
vt 0.29296875 0.359375
vt 0.59375 0.26953125
vt 0.58984375 0.26953125
vt 0.58984375 0.2734375
vt 0.59375 0.2734375
vt 0.73046875 0.41015625
vt 0.7265625 0.41015625
vt 0.7265625 0.40625
vt 0.73046875 0.40625
vn -0.12638820577850937 -0.8366020324760407 -0.533031950915747
vn 0.9918744171911216 -0.11445140984652154 -0.05555191541176998
vn 0.12638820577850937 0.8366020324760407 0.533031950915747
vn -0.9918744171911216 0.11445140984652154 0.05555191541176998
vn 0.014531412934125253 0.535721862575256 -0.8442694617224032
vn -0.014531412934125253 -0.535721862575256 0.8442694617224032
usemtl m_91fe65ba-4f97-40fd-8230-0084d13434eb
f 2292/6868/1717 2295/6867/1717 2293/6866/1717 2290/6865/1717
f 2291/6872/1718 2292/6871/1718 2290/6870/1718 2289/6869/1718
f 2296/6876/1719 2291/6875/1719 2289/6874/1719 2294/6873/1719
f 2295/6880/1720 2296/6879/1720 2294/6878/1720 2293/6877/1720
f 2294/6884/1721 2289/6883/1721 2290/6882/1721 2293/6881/1721
f 2295/6888/1722 2292/6887/1722 2291/6886/1722 2296/6885/1722
o cube
v -0.016531601079035674 0.44513654204271647 0.31604516336392185
v -0.028380495370770933 0.36670510149808766 0.2660734179655706
v -0.028792480742203835 -0.006878779505155641 1.0283975216921997
v -0.04064137503393911 -0.0853102200497845 0.9784257762938482
v -0.10897029176754962 0.3760042785481176 0.27058701109277683
v -0.09712139747581436 0.4544357190927464 0.3205587564911281
v -0.12123117143071781 -0.0760110429997547 0.9829393694210544
v -0.10938227713898255 0.0024203975448741644 1.032911114819406
vt 0.55078125 0.734375
vt 0.5546875 0.734375
vt 0.5546875 0.6796875
vt 0.55078125 0.6796875
vt 0.4375 0.6171875
vt 0.4453125 0.6171875
vt 0.4453125 0.5625
vt 0.4375 0.5625
vt 0.55078125 0.6796875
vt 0.5546875 0.6796875
vt 0.5546875 0.625
vt 0.55078125 0.625
vt 0.39453125 0.5625
vt 0.40234375 0.5625
vt 0.40234375 0.5078125
vt 0.39453125 0.5078125
vt 0.72265625 0.76953125
vt 0.71875 0.76953125
vt 0.71875 0.77734375
vt 0.72265625 0.77734375
vt 0.72265625 0.76953125
vt 0.71875 0.76953125
vt 0.71875 0.76171875
vt 0.72265625 0.76171875
vn -0.12638820577850937 -0.8366020324760407 -0.533031950915747
vn 0.9918744171911216 -0.11445140984652154 -0.05555191541176998
vn 0.12638820577850937 0.8366020324760407 0.533031950915747
vn -0.9918744171911216 0.11445140984652154 0.05555191541176998
vn 0.014531412934125253 0.535721862575256 -0.8442694617224032
vn -0.014531412934125253 -0.535721862575256 0.8442694617224032
usemtl m_91fe65ba-4f97-40fd-8230-0084d13434eb
f 2300/6892/1723 2303/6891/1723 2301/6890/1723 2298/6889/1723
f 2299/6896/1724 2300/6895/1724 2298/6894/1724 2297/6893/1724
f 2304/6900/1725 2299/6899/1725 2297/6898/1725 2302/6897/1725
f 2303/6904/1726 2304/6903/1726 2302/6902/1726 2301/6901/1726
f 2302/6908/1727 2297/6907/1727 2298/6906/1727 2301/6905/1727
f 2303/6912/1728 2300/6911/1728 2299/6910/1728 2304/6909/1728
o cube
v 0.1084232635831135 0.5377756635347073 0.2055643077784719
v 0.19010446107033113 0.5190849940069594 0.16351786500790366
v 0.5316263028666163 0.2467833863002898 1.1570495912333105
v 0.613307500353834 0.228092716772542 1.1150031484627423
v 0.16604291917439012 0.4425276565855759 0.1508065004651682
v 0.08436172168717249 0.4612183261133238 0.19285294323573643
v 0.5892459584578928 0.15153537935115852 1.1022917839200066
v 0.5075647609706753 0.1702260488789063 1.1443382266905748
vt 0.5234375 1
vt 0.52734375 1
vt 0.52734375 0.93359375
vt 0.5234375 0.93359375
vt 0.32421875 0.6328125
vt 0.33203125 0.6328125
vt 0.33203125 0.56640625
vt 0.32421875 0.56640625
vt 0.0546875 0.4765625
vt 0.05859375 0.4765625
vt 0.05859375 0.41015625
vt 0.0546875 0.41015625
vt 0.3671875 0.66796875
vt 0.375 0.66796875
vt 0.375 0.6015625
vt 0.3671875 0.6015625
vt 0.23828125 0.2734375
vt 0.234375 0.2734375
vt 0.234375 0.28125
vt 0.23828125 0.28125
vt 0.72265625 0.76171875
vt 0.71875 0.76171875
vt 0.71875 0.75390625
vt 0.72265625 0.75390625
vn 0.8712661065303215 -0.19936714162930966 -0.44849538955272816
vn 0.2961420541038892 0.9422441528785659 0.15644756360289883
vn -0.8712661065303215 0.19936714162930966 0.44849538955272816
vn -0.2961420541038892 -0.9422441528785659 -0.15644756360289883
vn -0.3914016548286732 0.2691258055347213 -0.8799863893223939
vn 0.3914016548286732 -0.2691258055347213 0.8799863893223939
usemtl m_91fe65ba-4f97-40fd-8230-0084d13434eb
f 2308/6916/1729 2311/6915/1729 2309/6914/1729 2306/6913/1729
f 2307/6920/1730 2308/6919/1730 2306/6918/1730 2305/6917/1730
f 2312/6924/1731 2307/6923/1731 2305/6922/1731 2310/6921/1731
f 2311/6928/1732 2312/6927/1732 2310/6926/1732 2309/6925/1732
f 2310/6932/1733 2305/6931/1733 2306/6930/1733 2309/6929/1733
f 2311/6936/1734 2308/6935/1734 2307/6934/1734 2312/6933/1734
o cube
v 0.11570147544038711 0.676670733752655 0.07434812317721207
v 0.16471019393271774 0.6654563320360063 0.049120257514871035
v 0.4361615803313632 0.45632398047110184 0.7948369794349219
v 0.48517029882369384 0.4451095787544532 0.7696091137725811
v 0.14064865203677673 0.5888989946146228 0.03640889297213512
v 0.0916399335444461 0.6001133963312715 0.06163675863447615
v 0.4611087569277529 0.3685522413330697 0.7568977492298454
v 0.41210003843542226 0.37976664304971836 0.7821256148921862
vt 0.296875 0.41015625
vt 0.30078125 0.41015625
vt 0.30078125 0.359375
vt 0.296875 0.359375
vt 0.30078125 0.41015625
vt 0.3046875 0.41015625
vt 0.3046875 0.359375
vt 0.30078125 0.359375
vt 0.3046875 0.41015625
vt 0.30859375 0.41015625
vt 0.30859375 0.359375
vt 0.3046875 0.359375
vt 0.58984375 0.6953125
vt 0.59375 0.6953125
vt 0.59375 0.64453125
vt 0.58984375 0.64453125
vt 0.59765625 0.26953125
vt 0.59375 0.26953125
vt 0.59375 0.2734375
vt 0.59765625 0.2734375
vt 0.73046875 0.40625
vt 0.7265625 0.40625
vt 0.7265625 0.40234375
vt 0.73046875 0.40234375
vn 0.8712661065303215 -0.19936714162930966 -0.44849538955272816
vn 0.2961420541038892 0.9422441528785659 0.15644756360289883
vn -0.8712661065303215 0.19936714162930966 0.44849538955272816
vn -0.2961420541038892 -0.9422441528785659 -0.15644756360289883
vn -0.3914016548286732 0.2691258055347213 -0.8799863893223939
vn 0.3914016548286732 -0.2691258055347213 0.8799863893223939
usemtl m_91fe65ba-4f97-40fd-8230-0084d13434eb
f 2316/6940/1735 2319/6939/1735 2317/6938/1735 2314/6937/1735
f 2315/6944/1736 2316/6943/1736 2314/6942/1736 2313/6941/1736
f 2320/6948/1737 2315/6947/1737 2313/6946/1737 2318/6945/1737
f 2319/6952/1738 2320/6951/1738 2318/6950/1738 2317/6949/1738
f 2318/6956/1739 2313/6955/1739 2314/6954/1739 2317/6953/1739
f 2319/6960/1740 2316/6959/1740 2315/6958/1740 2320/6957/1740
o cube
v 0.14777648135384647 0.590493832307907 0.13315967096362646
v 0.2294576788410641 0.5718031627801591 0.09111322819305823
v 0.47802162761553935 0.3634189338879858 0.8756481869543962
v 0.5597028251027569 0.344728264360238 0.8336017441838279
v 0.2053961369451231 0.49524582535877565 0.07840186365032231
v 0.12371493945790546 0.5139364948865235 0.12044830642089055
v 0.535641283206816 0.2681709269388545 0.8208903796410922
v 0.4539600857195984 0.2868615964666023 0.8629368224116605
vt 0.55078125 0.625
vt 0.5546875 0.625
vt 0.5546875 0.5703125
vt 0.55078125 0.5703125
vt 0.40234375 0.5625
vt 0.41015625 0.5625
vt 0.41015625 0.5078125
vt 0.40234375 0.5078125
vt 0.55078125 0.4921875
vt 0.5546875 0.4921875
vt 0.5546875 0.4375
vt 0.55078125 0.4375
vt 0.41015625 0.5625
vt 0.41796875 0.5625
vt 0.41796875 0.5078125
vt 0.41015625 0.5078125
vt 0.72265625 0.7421875
vt 0.71875 0.7421875
vt 0.71875 0.75
vt 0.72265625 0.75
vt 0.2578125 0.28125
vt 0.25390625 0.28125
vt 0.25390625 0.2734375
vt 0.2578125 0.2734375
vn 0.8712661065303215 -0.19936714162930966 -0.44849538955272816
vn 0.2961420541038892 0.9422441528785659 0.15644756360289883
vn -0.8712661065303215 0.19936714162930966 0.44849538955272816
vn -0.2961420541038892 -0.9422441528785659 -0.15644756360289883
vn -0.3914016548286732 0.2691258055347213 -0.8799863893223939
vn 0.3914016548286732 -0.2691258055347213 0.8799863893223939
usemtl m_91fe65ba-4f97-40fd-8230-0084d13434eb
f 2324/6964/1741 2327/6963/1741 2325/6962/1741 2322/6961/1741
f 2323/6968/1742 2324/6967/1742 2322/6966/1742 2321/6965/1742
f 2328/6972/1743 2323/6971/1743 2321/6970/1743 2326/6969/1743
f 2327/6976/1744 2328/6975/1744 2326/6974/1744 2325/6973/1744
f 2326/6980/1745 2321/6979/1745 2322/6978/1745 2325/6977/1745
f 2327/6984/1746 2324/6983/1746 2323/6982/1746 2328/6981/1746
o cube
v -0.24505306426805717 0.4848263366618895 0.20938345018397664
v -0.33233982812564866 0.4782450125062102 0.17581606232571545
v -0.6084502667551918 0.250206959482266 1.200341463207924
v -0.6957370306127832 0.2436256353265867 1.166774075349663
v -0.3438799210450164 0.5573537951149394 0.1903139680219592
v -0.2565931571874249 0.5639351192706188 0.2238813558802204
v -0.7072771235321511 0.322734417935316 1.181271981045907
v -0.6199903596745596 0.3293157420909953 1.2148393689041679
vt 0.05859375 0.4765625
vt 0.0625 0.4765625
vt 0.0625 0.41015625
vt 0.05859375 0.41015625
vt 0.37109375 0.93359375
vt 0.37890625 0.93359375
vt 0.37890625 0.8671875
vt 0.37109375 0.8671875
vt 0.0625 0.4765625
vt 0.06640625 0.4765625
vt 0.06640625 0.41015625
vt 0.0625 0.41015625
vt 0.12890625 0.62890625
vt 0.13671875 0.62890625
vt 0.13671875 0.5625
vt 0.12890625 0.5625
vt 0.26171875 0.2734375
vt 0.2578125 0.2734375
vt 0.2578125 0.28125
vt 0.26171875 0.28125
vt 0.72265625 0.7421875
vt 0.71875 0.7421875
vt 0.71875 0.734375
vt 0.72265625 0.734375
vn -0.9310588144809759 -0.07020079099391241 -0.35805213715478457
vn 0.14203191285375785 -0.9736465551843594 -0.17843576241530937
vn 0.9310588144809759 0.07020079099391241 0.35805213715478457
vn -0.14203191285375785 0.9736465551843594 0.17843576241530937
vn 0.33608989825399727 0.21698901935687712 -0.9164929600221481
vn -0.33608989825399727 -0.21698901935687712 0.9164929600221481
usemtl m_91fe65ba-4f97-40fd-8230-0084d13434eb
f 2332/6988/1747 2335/6987/1747 2333/6986/1747 2330/6985/1747
f 2331/6992/1748 2332/6991/1748 2330/6990/1748 2329/6989/1748
f 2336/6996/1749 2331/6995/1749 2329/6994/1749 2334/6993/1749
f 2335/7000/1750 2336/6999/1750 2334/6998/1750 2333/6997/1750
f 2334/7004/1751 2329/7003/1751 2330/7002/1751 2333/7001/1751
f 2335/7008/1752 2332/7007/1752 2331/7006/1752 2336/7005/1752
o cube
v -0.24553287526904188 0.6242773973613897 0.07855657430907215
v -0.2979049335835968 0.6203286028679821 0.058416141594115345
v -0.5207064794645022 0.4466176377629465 0.8289351853272056
v -0.5730785377790572 0.4426688432695389 0.808794752612249
v -0.3094450265029647 0.6994373854767113 0.07291404729035911
v -0.25707296818840975 0.7033861799701189 0.09305448000531591
v -0.5846186306984249 0.5217776258782681 0.823292658308493
v -0.5322465723838701 0.5257264203716757 0.8434330910234495
vt 0.30859375 0.41015625
vt 0.3125 0.41015625
vt 0.3125 0.359375
vt 0.30859375 0.359375
vt 0.3125 0.41015625
vt 0.31640625 0.41015625
vt 0.31640625 0.359375
vt 0.3125 0.359375
vt 0.31640625 0.41015625
vt 0.3203125 0.41015625
vt 0.3203125 0.359375
vt 0.31640625 0.359375
vt 0.3203125 0.41015625
vt 0.32421875 0.41015625
vt 0.32421875 0.359375
vt 0.3203125 0.359375
vt 0.6015625 0.26953125
vt 0.59765625 0.26953125
vt 0.59765625 0.2734375
vt 0.6015625 0.2734375
vt 0.73046875 0.40234375
vt 0.7265625 0.40234375
vt 0.7265625 0.3984375
vt 0.73046875 0.3984375
vn -0.9310588144809759 -0.07020079099391241 -0.35805213715478457
vn 0.14203191285375785 -0.9736465551843594 -0.17843576241530937
vn 0.9310588144809759 0.07020079099391241 0.35805213715478457
vn -0.14203191285375785 0.9736465551843594 0.17843576241530937
vn 0.33608989825399727 0.21698901935687712 -0.9164929600221481
vn -0.33608989825399727 -0.21698901935687712 0.9164929600221481
usemtl m_91fe65ba-4f97-40fd-8230-0084d13434eb
f 2340/7012/1753 2343/7011/1753 2341/7010/1753 2338/7009/1753
f 2339/7016/1754 2340/7015/1754 2338/7014/1754 2337/7013/1754
f 2344/7020/1755 2339/7019/1755 2337/7018/1755 2342/7017/1755
f 2343/7024/1756 2344/7023/1756 2342/7022/1756 2341/7021/1756
f 2342/7028/1757 2337/7027/1757 2338/7026/1757 2341/7025/1757
f 2343/7032/1758 2340/7031/1758 2339/7030/1758 2344/7029/1758
o cube
v -0.28352109958442506 0.5431216836375046 0.14088399558840115
v -0.37080786344201655 0.5365403594818253 0.10731660773013996
v -0.5670969512362353 0.36003719855513955 0.9141749306070885
v -0.6543837150938268 0.35345587439946025 0.8806075427488276
v -0.3823479563613843 0.6156491420905547 0.12181451342638416
v -0.2950611925037928 0.6222304662462339 0.15538190128464535
v -0.6659238080131946 0.4325646570081895 0.8951054484450716
v -0.578637044155603 0.4391459811638688 0.9286728363033325
vt 0.5546875 1
vt 0.55859375 1
vt 0.55859375 0.9453125
vt 0.5546875 0.9453125
vt 0.41796875 0.5625
vt 0.42578125 0.5625
vt 0.42578125 0.5078125
vt 0.41796875 0.5078125
vt 0.5546875 0.9453125
vt 0.55859375 0.9453125
vt 0.55859375 0.890625
vt 0.5546875 0.890625
vt 0.42578125 0.5625
vt 0.43359375 0.5625
vt 0.43359375 0.5078125
vt 0.42578125 0.5078125
vt 0.265625 0.2734375
vt 0.26171875 0.2734375
vt 0.26171875 0.28125
vt 0.265625 0.28125
vt 0.72265625 0.734375
vt 0.71875 0.734375
vt 0.71875 0.7265625
vt 0.72265625 0.7265625
vn -0.9310588144809759 -0.07020079099391241 -0.35805213715478457
vn 0.14203191285375785 -0.9736465551843594 -0.17843576241530937
vn 0.9310588144809759 0.07020079099391241 0.35805213715478457
vn -0.14203191285375785 0.9736465551843594 0.17843576241530937
vn 0.33608989825399727 0.21698901935687712 -0.9164929600221481
vn -0.33608989825399727 -0.21698901935687712 0.9164929600221481
usemtl m_91fe65ba-4f97-40fd-8230-0084d13434eb
f 2348/7036/1759 2351/7035/1759 2349/7034/1759 2346/7033/1759
f 2347/7040/1760 2348/7039/1760 2346/7038/1760 2345/7037/1760
f 2352/7044/1761 2347/7043/1761 2345/7042/1761 2350/7041/1761
f 2351/7048/1762 2352/7047/1762 2350/7046/1762 2349/7045/1762
f 2350/7052/1763 2345/7051/1763 2346/7050/1763 2349/7049/1763
f 2351/7056/1764 2348/7055/1764 2347/7054/1764 2352/7053/1764
o cube
v -0.16007311017893253 0.49504423117599117 0.20812478921916489
v -0.1932679383520464 0.4177075748296629 0.16681852495177596
v -0.2994610979955215 0.03705649705721348 1.1776193929943433
v -0.3326559261686354 -0.04028015928911477 1.1363131287269541
v -0.26852885759185674 0.4481178993009006 0.17036376129548625
v -0.2353340294187429 0.5254545556472289 0.21167002556287517
v -0.40791684540844575 -0.009869834817877121 1.1398583650706646
v -0.3747220172353319 0.06746682152845113 1.1811646293380538
vt 0.06640625 0.4765625
vt 0.0703125 0.4765625
vt 0.0703125 0.41015625
vt 0.06640625 0.41015625
vt 0.37109375 0.8671875
vt 0.37890625 0.8671875
vt 0.37890625 0.80078125
vt 0.37109375 0.80078125
vt 0.5234375 0.93359375
vt 0.52734375 0.93359375
vt 0.52734375 0.8671875
vt 0.5234375 0.8671875
vt 0.375 1
vt 0.3828125 1
vt 0.3828125 0.93359375
vt 0.375 0.93359375
vt 0.72265625 0.71875
vt 0.71875 0.71875
vt 0.71875 0.7265625
vt 0.72265625 0.7265625
vt 0.72265625 0.71875
vt 0.71875 0.71875
vt 0.71875 0.7109375
vt 0.72265625 0.7109375
vn -0.35407816717988083 -0.8249243343608342 -0.4406001521854836
vn 0.9262882367976675 -0.3742809165690796 -0.04363367807643715
vn 0.35407816717988083 0.8249243343608342 0.4406001521854836
vn -0.9262882367976675 0.3742809165690796 0.04363367807643715
vn 0.12891374595753877 0.423572470861297 -0.8966424081157721
vn -0.12891374595753877 -0.423572470861297 0.8966424081157721
usemtl m_91fe65ba-4f97-40fd-8230-0084d13434eb
f 2356/7060/1765 2359/7059/1765 2357/7058/1765 2354/7057/1765
f 2355/7064/1766 2356/7063/1766 2354/7062/1766 2353/7061/1766
f 2360/7068/1767 2355/7067/1767 2353/7066/1767 2358/7065/1767
f 2359/7072/1768 2360/7071/1768 2358/7070/1768 2357/7069/1768
f 2358/7076/1769 2353/7075/1769 2354/7074/1769 2357/7073/1769
f 2359/7080/1770 2356/7079/1770 2355/7078/1770 2360/7077/1770
o cube
v -0.04980655291480954 0.485538836152633 0.052197133511244775
v -0.06972344981867787 0.439136842344836 0.02741337495081142
v -0.1553546824175445 0.13873887563494586 0.7863231051560331
v -0.17527157932141282 0.09233688182714889 0.7615393465955997
v -0.1449843690584884 0.4695471668160737 0.03095861129452171
v -0.12506747215462008 0.5159491606238706 0.05574236985495551
v -0.2505324985612234 0.12274720629838659 0.7650845829393103
v -0.2306156016573551 0.16914920010618356 0.7898683414997438
vt 0.32421875 0.41015625
vt 0.328125 0.41015625
vt 0.328125 0.359375
vt 0.32421875 0.359375
vt 0.58984375 0.64453125
vt 0.59375 0.64453125
vt 0.59375 0.59375
vt 0.58984375 0.59375
vt 0.390625 0.41015625
vt 0.39453125 0.41015625
vt 0.39453125 0.359375
vt 0.390625 0.359375
vt 0.39453125 0.41015625
vt 0.3984375 0.41015625
vt 0.3984375 0.359375
vt 0.39453125 0.359375
vt 0.60546875 0.26953125
vt 0.6015625 0.26953125
vt 0.6015625 0.2734375
vt 0.60546875 0.2734375
vt 0.73046875 0.3984375
vt 0.7265625 0.3984375
vt 0.7265625 0.39453125
vt 0.73046875 0.39453125
vn -0.35407816717988083 -0.8249243343608342 -0.4406001521854836
vn 0.9262882367976675 -0.3742809165690796 -0.04363367807643715
vn 0.35407816717988083 0.8249243343608342 0.4406001521854836
vn -0.9262882367976675 0.3742809165690796 0.04363367807643715
vn 0.12891374595753877 0.423572470861297 -0.8966424081157721
vn -0.12891374595753877 -0.423572470861297 0.8966424081157721
usemtl m_91fe65ba-4f97-40fd-8230-0084d13434eb
f 2364/7084/1771 2367/7083/1771 2365/7082/1771 2362/7081/1771
f 2363/7088/1772 2364/7087/1772 2362/7086/1772 2361/7085/1772
f 2368/7092/1773 2363/7091/1773 2361/7090/1773 2366/7089/1773
f 2367/7096/1774 2368/7095/1774 2366/7094/1774 2365/7093/1774
f 2366/7100/1775 2361/7099/1775 2362/7098/1775 2365/7097/1775
f 2367/7104/1776 2364/7103/1776 2363/7102/1776 2368/7101/1776
o cube
v -0.12561848612057117 0.4564014709685714 0.1251191962476743
v -0.15881331429368503 0.3790648146222431 0.08381293198028494
v -0.2343894592722446 0.09901219867935196 0.8816612280953569
v -0.26758428744535845 0.021675542333023656 0.8403549638279677
v -0.23407423353349557 0.4094751390934808 0.08735816832399568
v -0.2008794053603817 0.4868117954398091 0.1286644325913846
v -0.34284520668516905 0.05208586680426136 0.8439002001716782
v -0.30965037851205524 0.12942252315058966 0.8852064644390674
vt 0.5546875 0.890625
vt 0.55859375 0.890625
vt 0.55859375 0.8359375
vt 0.5546875 0.8359375
vt 0.43359375 0.5625
vt 0.44140625 0.5625
vt 0.44140625 0.5078125
vt 0.43359375 0.5078125
vt 0.5546875 0.7890625
vt 0.55859375 0.7890625
vt 0.55859375 0.734375
vt 0.5546875 0.734375
vt 0.0390625 0.55859375
vt 0.046875 0.55859375
vt 0.046875 0.50390625
vt 0.0390625 0.50390625
vt 0.72265625 0.703125
vt 0.71875 0.703125
vt 0.71875 0.7109375
vt 0.72265625 0.7109375
vt 0.72265625 0.703125
vt 0.71875 0.703125
vt 0.71875 0.6953125
vt 0.72265625 0.6953125
vn -0.35407816717988083 -0.8249243343608342 -0.4406001521854836
vn 0.9262882367976675 -0.3742809165690796 -0.04363367807643715
vn 0.35407816717988083 0.8249243343608342 0.4406001521854836
vn -0.9262882367976675 0.3742809165690796 0.04363367807643715
vn 0.12891374595753877 0.423572470861297 -0.8966424081157721
vn -0.12891374595753877 -0.423572470861297 0.8966424081157721
usemtl m_91fe65ba-4f97-40fd-8230-0084d13434eb
f 2372/7108/1777 2375/7107/1777 2373/7106/1777 2370/7105/1777
f 2371/7112/1778 2372/7111/1778 2370/7110/1778 2369/7109/1778
f 2376/7116/1779 2371/7115/1779 2369/7114/1779 2374/7113/1779
f 2375/7120/1780 2376/7119/1780 2374/7118/1780 2373/7117/1780
f 2374/7124/1781 2369/7123/1781 2370/7122/1781 2373/7121/1781
f 2375/7128/1782 2372/7127/1782 2371/7126/1782 2376/7125/1782
o cube
v 0.14305938443765104 0.4983364174011711 0.1926817007407724
v 0.16063508845602498 0.4173612138170274 0.14882769826933284
v 0.3117457794334251 0.018270065110816913 1.1467166896389593
v 0.329321483451799 -0.0627051384733267 1.10286268716752
v 0.08183875027466708 0.39799163649299374 0.15301327630556205
v 0.06426304625629314 0.4789668400771374 0.1968672787770016
v 0.25052514527044106 -0.08207471579736036 1.107048265203749
v 0.23294944125206712 -0.0010995122132167467 1.1509022676751886
vt 0.0703125 0.4765625
vt 0.07421875 0.4765625
vt 0.07421875 0.41015625
vt 0.0703125 0.41015625
vt 0.0390625 0.625
vt 0.046875 0.625
vt 0.046875 0.55859375
vt 0.0390625 0.55859375
vt 0.07421875 0.4765625
vt 0.078125 0.4765625
vt 0.078125 0.41015625
vt 0.07421875 0.41015625
vt 0.046875 0.625
vt 0.0546875 0.625
vt 0.0546875 0.55859375
vt 0.046875 0.55859375
vt 0.72265625 0.6875
vt 0.71875 0.6875
vt 0.71875 0.6953125
vt 0.72265625 0.6953125
vt 0.72265625 0.6875
vt 0.71875 0.6875
vt 0.71875 0.6796875
vt 0.72265625 0.6796875
vn 0.18747417619598836 -0.8637355048975311 -0.46777602636202137
vn 0.9698010853090202 0.2383947978342604 -0.051514806599742786
vn -0.18747417619598836 0.8637355048975311 0.46777602636202137
vn -0.9698010853090202 -0.2383947978342604 0.051514806599742786
vn -0.1560105387244151 0.44399200211824646 -0.8823444984029475
vn 0.1560105387244151 -0.44399200211824646 0.8823444984029475
usemtl m_91fe65ba-4f97-40fd-8230-0084d13434eb
f 2380/7132/1783 2383/7131/1783 2381/7130/1783 2378/7129/1783
f 2379/7136/1784 2380/7135/1784 2378/7134/1784 2377/7133/1784
f 2384/7140/1785 2379/7139/1785 2377/7138/1785 2382/7137/1785
f 2383/7144/1786 2384/7143/1786 2382/7142/1786 2381/7141/1786
f 2382/7148/1787 2377/7147/1787 2378/7146/1787 2381/7145/1787
f 2383/7152/1788 2380/7151/1788 2379/7150/1788 2384/7149/1788
o cube
v 0.017585463139073443 0.5057257215288963 0.04858384073422606
v 0.028130885550097795 0.4571405993784101 0.022271439251362324
v 0.14531909171968843 0.14220726979458176 0.7710033988016396
v 0.1558645141307128 0.0936221476440956 0.7446909973187759
v -0.0506654526312601 0.43777102205437646 0.026457017287591533
v -0.06121087504228445 0.4863561442048626 0.05276941877045527
v 0.07706817594935489 0.07425257032006194 0.7488765753550048
v 0.06652275353833054 0.1228376924705481 0.7751889768378686
vt 0.3984375 0.41015625
vt 0.40234375 0.41015625
vt 0.40234375 0.359375
vt 0.3984375 0.359375
vt 0.40234375 0.41015625
vt 0.40625 0.41015625
vt 0.40625 0.359375
vt 0.40234375 0.359375
vt 0.40625 0.41015625
vt 0.41015625 0.41015625
vt 0.41015625 0.359375
vt 0.40625 0.359375
vt 0.58984375 0.59375
vt 0.59375 0.59375
vt 0.59375 0.54296875
vt 0.58984375 0.54296875
vt 0.609375 0.26953125
vt 0.60546875 0.26953125
vt 0.60546875 0.2734375
vt 0.609375 0.2734375
vt 0.73046875 0.39453125
vt 0.7265625 0.39453125
vt 0.7265625 0.390625
vt 0.73046875 0.390625
vn 0.18747417619598836 -0.8637355048975311 -0.46777602636202137
vn 0.9698010853090202 0.2383947978342604 -0.051514806599742786
vn -0.18747417619598836 0.8637355048975311 0.46777602636202137
vn -0.9698010853090202 -0.2383947978342604 0.051514806599742786
vn -0.1560105387244151 0.44399200211824646 -0.8823444984029475
vn 0.1560105387244151 -0.44399200211824646 0.8823444984029475
usemtl m_91fe65ba-4f97-40fd-8230-0084d13434eb
f 2388/7156/1789 2391/7155/1789 2389/7154/1789 2386/7153/1789
f 2387/7160/1790 2388/7159/1790 2386/7158/1790 2385/7157/1790
f 2392/7164/1791 2387/7163/1791 2385/7162/1791 2390/7161/1791
f 2391/7168/1792 2392/7167/1792 2390/7166/1792 2389/7165/1792
f 2390/7172/1793 2385/7171/1793 2386/7170/1793 2389/7169/1793
f 2391/7176/1794 2388/7175/1794 2387/7174/1794 2392/7173/1794
o cube
v 0.09536409391294837 0.4655810554913622 0.11379850843771244
v 0.1129397979313223 0.3846058519072185 0.06994450596627289
v 0.22699798596167375 0.09096280370409154 0.8582766789651992
v 0.2445736899800477 0.009987600119947926 0.8144226764937597
v 0.03414345974996441 0.36523627458318486 0.07413008400250165
v 0.016567755731590472 0.44621147816732853 0.11798408647394121
v 0.16577735179868974 -0.009381977204085734 0.8186082545299886
v 0.1482016477803158 0.07159322638005788 0.862462257001428
vt 0.5546875 0.734375
vt 0.55859375 0.734375
vt 0.55859375 0.6796875
vt 0.5546875 0.6796875
vt 0.046875 0.55859375
vt 0.0546875 0.55859375
vt 0.0546875 0.50390625
vt 0.046875 0.50390625
vt 0.5546875 0.6796875
vt 0.55859375 0.6796875
vt 0.55859375 0.625
vt 0.5546875 0.625
vt 0.44140625 0.9453125
vt 0.44921875 0.9453125
vt 0.44921875 0.890625
vt 0.44140625 0.890625
vt 0.72265625 0.671875
vt 0.71875 0.671875
vt 0.71875 0.6796875
vt 0.72265625 0.6796875
vt 0.72265625 0.671875
vt 0.71875 0.671875
vt 0.71875 0.6640625
vt 0.72265625 0.6640625
vn 0.18747417619598836 -0.8637355048975311 -0.46777602636202137
vn 0.9698010853090202 0.2383947978342604 -0.051514806599742786
vn -0.18747417619598836 0.8637355048975311 0.46777602636202137
vn -0.9698010853090202 -0.2383947978342604 0.051514806599742786
vn -0.1560105387244151 0.44399200211824646 -0.8823444984029475
vn 0.1560105387244151 -0.44399200211824646 0.8823444984029475
usemtl m_91fe65ba-4f97-40fd-8230-0084d13434eb
f 2396/7180/1795 2399/7179/1795 2397/7178/1795 2394/7177/1795
f 2395/7184/1796 2396/7183/1796 2394/7182/1796 2393/7181/1796
f 2400/7188/1797 2395/7187/1797 2393/7186/1797 2398/7185/1797
f 2399/7192/1798 2400/7191/1798 2398/7190/1798 2397/7189/1798
f 2398/7196/1799 2393/7195/1799 2394/7194/1799 2397/7193/1799
f 2399/7200/1800 2396/7199/1800 2395/7198/1800 2400/7197/1800
o cube
v -0.3468247657074908 0.9004386620005358 0.08822889045354687
v -0.43411152956508237 0.8938573378448564 0.05466150259528568
v -0.7102219681946254 0.6658192848209123 1.0791869034774941
v -0.797508732052217 0.659237960665233 1.0456195156192332
v -0.4456516224844501 0.9729661204535858 0.06915940829152945
v -0.3583648586268586 0.979547444609265 0.10272679614979063
v -0.8090488249715848 0.7383467432739623 1.0601174213154771
v -0.7217620611139932 0.7449280674296416 1.0936848091737381
vt 0.078125 0.4765625
vt 0.08203125 0.4765625
vt 0.08203125 0.41015625
vt 0.078125 0.41015625
vt 0.375 0.80078125
vt 0.3828125 0.80078125
vt 0.3828125 0.734375
vt 0.375 0.734375
vt 0.08203125 0.4765625
vt 0.0859375 0.4765625
vt 0.0859375 0.41015625
vt 0.08203125 0.41015625
vt 0.375 0.734375
vt 0.3828125 0.734375
vt 0.3828125 0.66796875
vt 0.375 0.66796875
vt 0.33984375 0.2734375
vt 0.3359375 0.2734375
vt 0.3359375 0.28125
vt 0.33984375 0.28125
vt 0.72265625 0.6640625
vt 0.71875 0.6640625
vt 0.71875 0.65625
vt 0.72265625 0.65625
vn -0.9310588144809759 -0.07020079099391241 -0.35805213715478457
vn 0.14203191285375785 -0.9736465551843594 -0.17843576241530937
vn 0.9310588144809759 0.07020079099391241 0.35805213715478457
vn -0.14203191285375785 0.9736465551843594 0.17843576241530937
vn 0.33608989825399727 0.21698901935687712 -0.9164929600221481
vn -0.33608989825399727 -0.21698901935687712 0.9164929600221481
usemtl m_91fe65ba-4f97-40fd-8230-0084d13434eb
f 2404/7204/1801 2407/7203/1801 2405/7202/1801 2402/7201/1801
f 2403/7208/1802 2404/7207/1802 2402/7206/1802 2401/7205/1802
f 2408/7212/1803 2403/7211/1803 2401/7210/1803 2406/7209/1803
f 2407/7216/1804 2408/7215/1804 2406/7214/1804 2405/7213/1804
f 2406/7220/1805 2401/7219/1805 2402/7218/1805 2405/7217/1805
f 2407/7224/1806 2404/7223/1806 2403/7222/1806 2408/7221/1806
o cube
v -0.3473045767084756 1.0398897227000359 -0.042597985421357176
v -0.3996766350230305 1.0359409282066285 -0.06273841813631398
v -0.6224781809039359 0.8622299631015928 0.7077806255967762
v -0.6748502392184909 0.8582811686081853 0.6876401928818197
v -0.4112167279423983 1.1150497108153576 -0.048240512440070216
v -0.35884466962784334 1.1189985053087654 -0.028100079725113414
v -0.6863903321378586 0.9373899512169146 0.7021380985780636
v -0.6340182738233038 0.9413387457103222 0.7222785312930202
vt 0.41015625 0.41015625
vt 0.4140625 0.41015625
vt 0.4140625 0.359375
vt 0.41015625 0.359375
vt 0.4140625 0.41015625
vt 0.41796875 0.41015625
vt 0.41796875 0.359375
vt 0.4140625 0.359375
vt 0.41796875 0.41015625
vt 0.421875 0.41015625
vt 0.421875 0.359375
vt 0.41796875 0.359375
vt 0.421875 0.41015625
vt 0.42578125 0.41015625
vt 0.42578125 0.359375
vt 0.421875 0.359375
vt 0.61328125 0.26953125
vt 0.609375 0.26953125
vt 0.609375 0.2734375
vt 0.61328125 0.2734375
vt 0.73046875 0.390625
vt 0.7265625 0.390625
vt 0.7265625 0.38671875
vt 0.73046875 0.38671875
vn -0.9310588144809759 -0.07020079099391241 -0.35805213715478457
vn 0.14203191285375785 -0.9736465551843594 -0.17843576241530937
vn 0.9310588144809759 0.07020079099391241 0.35805213715478457
vn -0.14203191285375785 0.9736465551843594 0.17843576241530937
vn 0.33608989825399727 0.21698901935687712 -0.9164929600221481
vn -0.33608989825399727 -0.21698901935687712 0.9164929600221481
usemtl m_91fe65ba-4f97-40fd-8230-0084d13434eb
f 2412/7228/1807 2415/7227/1807 2413/7226/1807 2410/7225/1807
f 2411/7232/1808 2412/7231/1808 2410/7230/1808 2409/7229/1808
f 2416/7236/1809 2411/7235/1809 2409/7234/1809 2414/7233/1809
f 2415/7240/1810 2416/7239/1810 2414/7238/1810 2413/7237/1810
f 2414/7244/1811 2409/7243/1811 2410/7242/1811 2413/7241/1811
f 2415/7248/1812 2412/7247/1812 2411/7246/1812 2416/7245/1812
o cube
v -0.38529280102385877 0.9587340089761509 0.019729435857971378
v -0.47257956488145025 0.9521526848204716 -0.01383795200028981
v -0.668868652675669 0.7756495238937857 0.7930203708766588
v -0.7561554165332605 0.7690681997381065 0.7594529830183978
v -0.484119657800818 1.0312614674292009 0.0006599536959543961
v -0.3968328939432265 1.0378427915848802 0.034227341554215585
v -0.7676955094526283 0.8481769823468357 0.7739508887146418
v -0.6804087455950367 0.854758306502515 0.8075182765729028
vt 0.5546875 0.625
vt 0.55859375 0.625
vt 0.55859375 0.5703125
vt 0.5546875 0.5703125
vt 0.44140625 0.890625
vt 0.44921875 0.890625
vt 0.44921875 0.8359375
vt 0.44140625 0.8359375
vt 0.5546875 0.4921875
vt 0.55859375 0.4921875
vt 0.55859375 0.4375
vt 0.5546875 0.4375
vt 0.328125 0.55859375
vt 0.3359375 0.55859375
vt 0.3359375 0.50390625
vt 0.328125 0.50390625
vt 0.34375 0.2734375
vt 0.33984375 0.2734375
vt 0.33984375 0.28125
vt 0.34375 0.28125
vt 0.34765625 0.28125
vt 0.34375 0.28125
vt 0.34375 0.2734375
vt 0.34765625 0.2734375
vn -0.9310588144809759 -0.07020079099391241 -0.35805213715478457
vn 0.14203191285375785 -0.9736465551843594 -0.17843576241530937
vn 0.9310588144809759 0.07020079099391241 0.35805213715478457
vn -0.14203191285375785 0.9736465551843594 0.17843576241530937
vn 0.33608989825399727 0.21698901935687712 -0.9164929600221481
vn -0.33608989825399727 -0.21698901935687712 0.9164929600221481
usemtl m_91fe65ba-4f97-40fd-8230-0084d13434eb
f 2420/7252/1813 2423/7251/1813 2421/7250/1813 2418/7249/1813
f 2419/7256/1814 2420/7255/1814 2418/7254/1814 2417/7253/1814
f 2424/7260/1815 2419/7259/1815 2417/7258/1815 2422/7257/1815
f 2423/7264/1816 2424/7263/1816 2422/7262/1816 2421/7261/1816
f 2422/7268/1817 2417/7267/1817 2418/7266/1817 2421/7265/1817
f 2423/7272/1818 2420/7271/1818 2419/7270/1818 2424/7269/1818
o cube
v 0.25570023666661634 0.9355395376625362 0.07191212796485935
v 0.337381434153834 0.9168488681347883 0.029865685194291114
v 0.678903275950119 0.6445472604281186 1.023397411419698
v 0.7605844734373368 0.6258565909003708 0.9813509686491297
v 0.313319892257893 0.8402915307134048 0.017154320651555643
v 0.23163869477067522 0.8589822002411527 0.05920076342212388
v 0.7365229315413957 0.5492992534789873 0.968639604106394
v 0.6548417340541781 0.5679899230067351 1.0106860468769623
vt 0.5234375 0.8671875
vt 0.52734375 0.8671875
vt 0.52734375 0.80078125
vt 0.5234375 0.80078125
vt 0.33203125 0.625
vt 0.33984375 0.625
vt 0.33984375 0.55859375
vt 0.33203125 0.55859375
vt 0.21484375 0.4765625
vt 0.21875 0.4765625
vt 0.21875 0.41015625
vt 0.21484375 0.41015625
vt 0.375 0.66796875
vt 0.3828125 0.66796875
vt 0.3828125 0.6015625
vt 0.375 0.6015625
vt 0.72265625 0.6484375
vt 0.71875 0.6484375
vt 0.71875 0.65625
vt 0.72265625 0.65625
vt 0.3515625 0.28125
vt 0.34765625 0.28125
vt 0.34765625 0.2734375
vt 0.3515625 0.2734375
vn 0.8712661065303215 -0.19936714162930966 -0.44849538955272816
vn 0.2961420541038892 0.9422441528785659 0.15644756360289883
vn -0.8712661065303215 0.19936714162930966 0.44849538955272816
vn -0.2961420541038892 -0.9422441528785659 -0.15644756360289883
vn -0.3914016548286732 0.2691258055347213 -0.8799863893223939
vn 0.3914016548286732 -0.2691258055347213 0.8799863893223939
usemtl m_91fe65ba-4f97-40fd-8230-0084d13434eb
f 2428/7276/1819 2431/7275/1819 2429/7274/1819 2426/7273/1819
f 2427/7280/1820 2428/7279/1820 2426/7278/1820 2425/7277/1820
f 2432/7284/1821 2427/7283/1821 2425/7282/1821 2430/7281/1821
f 2431/7288/1822 2432/7287/1822 2430/7286/1822 2429/7285/1822
f 2430/7292/1823 2425/7291/1823 2426/7290/1823 2429/7289/1823
f 2431/7296/1824 2428/7295/1824 2427/7294/1824 2432/7293/1824
o cube
v 0.26297844852388996 1.0744346078804838 -0.059304056636400704
v 0.3119871670162206 1.0632202061638352 -0.08453192229874174
v 0.5834385534148661 0.8540878545989308 0.6611847996213094
v 0.6324472719071967 0.8428734528822821 0.6359569339589684
v 0.2879256251202796 0.9866628687424517 -0.09724328684147765
v 0.23891690662794896 0.9978772704591004 -0.07201542117913662
v 0.6083857300112557 0.7663161154608986 0.6232455694162327
v 0.5593770115189252 0.7775305171775473 0.6484734350785735
vt 0.42578125 0.41015625
vt 0.4296875 0.41015625
vt 0.4296875 0.359375
vt 0.42578125 0.359375
vt 0.4296875 0.41015625
vt 0.43359375 0.41015625
vt 0.43359375 0.359375
vt 0.4296875 0.359375
vt 0.43359375 0.41015625
vt 0.4375 0.41015625
vt 0.4375 0.359375
vt 0.43359375 0.359375
vt 0.4375 0.41015625
vt 0.44140625 0.41015625
vt 0.44140625 0.359375
vt 0.4375 0.359375
vt 0.6171875 0.26953125
vt 0.61328125 0.26953125
vt 0.61328125 0.2734375
vt 0.6171875 0.2734375
vt 0.73046875 0.38671875
vt 0.7265625 0.38671875
vt 0.7265625 0.3828125
vt 0.73046875 0.3828125
vn 0.8712661065303215 -0.19936714162930966 -0.44849538955272816
vn 0.2961420541038892 0.9422441528785659 0.15644756360289883
vn -0.8712661065303215 0.19936714162930966 0.44849538955272816
vn -0.2961420541038892 -0.9422441528785659 -0.15644756360289883
vn -0.3914016548286732 0.2691258055347213 -0.8799863893223939
vn 0.3914016548286732 -0.2691258055347213 0.8799863893223939
usemtl m_91fe65ba-4f97-40fd-8230-0084d13434eb
f 2436/7300/1825 2439/7299/1825 2437/7298/1825 2434/7297/1825
f 2435/7304/1826 2436/7303/1826 2434/7302/1826 2433/7301/1826
f 2440/7308/1827 2435/7307/1827 2433/7306/1827 2438/7305/1827
f 2439/7312/1828 2440/7311/1828 2438/7310/1828 2437/7309/1828
f 2438/7316/1829 2433/7315/1829 2434/7314/1829 2437/7313/1829
f 2439/7320/1830 2436/7319/1830 2435/7318/1830 2440/7317/1830
o cube
v 0.2950534544373493 0.9882577064357357 -0.0004925088499858621
v 0.37673465192456695 0.9695670369079878 -0.0425389516205541
v 0.6252986006990422 0.7611828080158147 0.7419960071407838
v 0.7069797981862599 0.7424921384880669 0.6999495643702156
v 0.35267311002862595 0.8930096994866044 -0.055250316163290014
v 0.2709919125414083 0.9117003690143521 -0.013203873392721777
v 0.6829182562903189 0.6659348010666833 0.6872381998274799
v 0.6012370588031013 0.6846254705944311 0.7292846425980481
vt 0.55859375 1
vt 0.5625 1
vt 0.5625 0.9453125
vt 0.55859375 0.9453125
vt 0.44140625 0.5625
vt 0.44921875 0.5625
vt 0.44921875 0.5078125
vt 0.44140625 0.5078125
vt 0.55859375 0.9453125
vt 0.5625 0.9453125
vt 0.5625 0.890625
vt 0.55859375 0.890625
vt 0.4453125 1
vt 0.453125 1
vt 0.453125 0.9453125
vt 0.4453125 0.9453125
vt 0.35546875 0.2734375
vt 0.3515625 0.2734375
vt 0.3515625 0.28125
vt 0.35546875 0.28125
vt 0.72265625 0.6484375
vt 0.71875 0.6484375
vt 0.71875 0.640625
vt 0.72265625 0.640625
vn 0.8712661065303215 -0.19936714162930966 -0.44849538955272816
vn 0.2961420541038892 0.9422441528785659 0.15644756360289883
vn -0.8712661065303215 0.19936714162930966 0.44849538955272816
vn -0.2961420541038892 -0.9422441528785659 -0.15644756360289883
vn -0.3914016548286732 0.2691258055347213 -0.8799863893223939
vn 0.3914016548286732 -0.2691258055347213 0.8799863893223939
usemtl m_91fe65ba-4f97-40fd-8230-0084d13434eb
f 2444/7324/1831 2447/7323/1831 2445/7322/1831 2442/7321/1831
f 2443/7328/1832 2444/7327/1832 2442/7326/1832 2441/7325/1832
f 2448/7332/1833 2443/7331/1833 2441/7330/1833 2446/7329/1833
f 2447/7336/1834 2448/7335/1834 2446/7334/1834 2445/7333/1834
f 2446/7340/1835 2441/7339/1835 2442/7338/1835 2445/7337/1835
f 2447/7344/1836 2444/7343/1836 2443/7342/1836 2448/7341/1836
o cube
v 0.19131464851316204 0.8176210931769646 0.04567500463701535
v 0.21880483758859337 0.741575035083926 -0.0017628394656337143
v 0.4174549941065602 0.31805903651238343 0.9775547490976151
v 0.44494518318199144 0.24201297841934477 0.930116904994966
v 0.14300793179090926 0.7124428830503383 0.0010137212466410084
v 0.11551774271547799 0.788488941143377 0.048451565349290515
v 0.36914827738430733 0.21288082638575712 0.932893465707241
v 0.341658088308876 0.2889268844787958 0.98033130980989
vt 0.21875 0.4765625
vt 0.22265625 0.4765625
vt 0.22265625 0.41015625
vt 0.21875 0.41015625
vt 0.37890625 0.93359375
vt 0.38671875 0.93359375
vt 0.38671875 0.8671875
vt 0.37890625 0.8671875
vt 0.265625 0.4765625
vt 0.26953125 0.4765625
vt 0.26953125 0.41015625
vt 0.265625 0.41015625
vt 0.37890625 0.8671875
vt 0.38671875 0.8671875
vt 0.38671875 0.80078125
vt 0.37890625 0.80078125
vt 0.359375 0.2734375
vt 0.35546875 0.2734375
vt 0.35546875 0.28125
vt 0.359375 0.28125
vt 0.72265625 0.640625
vt 0.71875 0.640625
vt 0.71875 0.6328125
vt 0.72265625 0.6328125
vn 0.29322868347126685 -0.8111579529924114 -0.5060036704282573
vn 0.9328849944330345 0.3585495634903088 -0.034173054920308546
vn -0.29322868347126685 0.8111579529924114 0.5060036704282573
vn -0.9328849944330345 -0.3585495634903088 0.034173054920308546
vn -0.20914714043320035 0.4620227113660866 -0.861854098923098
vn 0.20914714043320035 -0.4620227113660866 0.861854098923098
usemtl m_91fe65ba-4f97-40fd-8230-0084d13434eb
f 2452/7348/1837 2455/7347/1837 2453/7346/1837 2450/7345/1837
f 2451/7352/1838 2452/7351/1838 2450/7350/1838 2449/7349/1838
f 2456/7356/1839 2451/7355/1839 2449/7354/1839 2454/7353/1839
f 2455/7360/1840 2456/7359/1840 2454/7358/1840 2453/7357/1840
f 2454/7364/1841 2449/7363/1841 2450/7362/1841 2453/7361/1841
f 2455/7368/1842 2452/7367/1842 2451/7366/1842 2456/7365/1842
o cube
v 0.27588821495207105 0.8968429025373217 -0.10642271652104296
v 0.2923823283973298 0.8512152676814985 -0.13488542298263284
v 0.447127436181754 0.5185618076063383 0.5992203269722436
v 0.46362154962701274 0.4729341727505151 0.5707576205106542
v 0.2165854225996457 0.8220831156479108 -0.13210886227035767
v 0.2000913091543869 0.867710750503734 -0.10364615580876824
v 0.3878246438293286 0.4438020207169274 0.5735341812229291
v 0.3713305303840698 0.48942965557275064 0.6019968876845185
vt 0.44140625 0.41015625
vt 0.4453125 0.41015625
vt 0.4453125 0.359375
vt 0.44140625 0.359375
vt 0.4453125 0.41015625
vt 0.44921875 0.41015625
vt 0.44921875 0.359375
vt 0.4453125 0.359375
vt 0.44921875 0.41015625
vt 0.453125 0.41015625
vt 0.453125 0.359375
vt 0.44921875 0.359375
vt 0.453125 0.41015625
vt 0.45703125 0.41015625
vt 0.45703125 0.359375
vt 0.453125 0.359375
vt 0.62109375 0.26953125
vt 0.6171875 0.26953125
vt 0.6171875 0.2734375
vt 0.62109375 0.2734375
vt 0.73046875 0.3828125
vt 0.7265625 0.3828125
vt 0.7265625 0.37890625
vt 0.73046875 0.37890625
vn 0.29322868347126685 -0.8111579529924114 -0.5060036704282573
vn 0.9328849944330345 0.3585495634903088 -0.034173054920308546
vn -0.29322868347126685 0.8111579529924114 0.5060036704282573
vn -0.9328849944330345 -0.3585495634903088 0.034173054920308546
vn -0.20914714043320035 0.4620227113660866 -0.861854098923098
vn 0.20914714043320035 -0.4620227113660866 0.861854098923098
usemtl m_91fe65ba-4f97-40fd-8230-0084d13434eb
f 2460/7372/1843 2463/7371/1843 2461/7370/1843 2458/7369/1843
f 2459/7376/1844 2460/7375/1844 2458/7374/1844 2457/7373/1844
f 2464/7380/1845 2459/7379/1845 2457/7378/1845 2462/7377/1845
f 2463/7384/1846 2464/7383/1846 2462/7382/1846 2461/7381/1846
f 2462/7388/1847 2457/7387/1847 2458/7386/1847 2461/7385/1847
f 2463/7392/1848 2460/7391/1848 2459/7390/1848 2464/7389/1848
o cube
v 0.24138131540299768 0.8187973559560373 -0.03836223575328246
v 0.26887150447842895 0.7427512978629986 -0.08580007985593174
v 0.41784921514351064 0.42896569324090167 0.6888271602130813
v 0.4453394042189419 0.35291963514786306 0.6413893161104323
v 0.19307459868074484 0.713619145829411 -0.08302351914365658
v 0.16558440960531357 0.7896652039224497 -0.035585675041007514
v 0.36954249842125775 0.3237874831142754 0.6441658768227072
v 0.3420523093458265 0.399833541207314 0.6916037209253563
vt 0.55859375 0.890625
vt 0.5625 0.890625
vt 0.5625 0.8359375
vt 0.55859375 0.8359375
vt 0.4453125 0.8359375
vt 0.453125 0.8359375
vt 0.453125 0.78125
vt 0.4453125 0.78125
vt 0.55859375 0.7890625
vt 0.5625 0.7890625
vt 0.5625 0.734375
vt 0.55859375 0.734375
vt 0.4453125 0.78125
vt 0.453125 0.78125
vt 0.453125 0.7265625
vt 0.4453125 0.7265625
vt 0.72265625 0.625
vt 0.71875 0.625
vt 0.71875 0.6328125
vt 0.72265625 0.6328125
vt 0.72265625 0.625
vt 0.71875 0.625
vt 0.71875 0.6171875
vt 0.72265625 0.6171875
vn 0.29322868347126685 -0.8111579529924114 -0.5060036704282573
vn 0.9328849944330345 0.3585495634903088 -0.034173054920308546
vn -0.29322868347126685 0.8111579529924114 0.5060036704282573
vn -0.9328849944330345 -0.3585495634903088 0.034173054920308546
vn -0.20914714043320035 0.4620227113660866 -0.861854098923098
vn 0.20914714043320035 -0.4620227113660866 0.861854098923098
usemtl m_91fe65ba-4f97-40fd-8230-0084d13434eb
f 2468/7396/1849 2471/7395/1849 2469/7394/1849 2466/7393/1849
f 2467/7400/1850 2468/7399/1850 2466/7398/1850 2465/7397/1850
f 2472/7404/1851 2467/7403/1851 2465/7402/1851 2470/7401/1851
f 2471/7408/1852 2472/7407/1852 2470/7406/1852 2469/7405/1852
f 2470/7412/1853 2465/7411/1853 2466/7410/1853 2469/7409/1853
f 2471/7416/1854 2468/7415/1854 2467/7414/1854 2472/7413/1854
o cube
v -0.26552490951447794 0.9026302880204856 0.025097085932465735
v -0.29871973768759175 0.8252936316741574 -0.016209178334923635
v -0.40491289733106695 0.44464255390170804 0.9945916897076437
v -0.43810772550418076 0.3673058975553798 0.9532854254402545
v -0.3739806569274021 0.8557039561453951 -0.012663941991213346
v -0.3407858287542883 0.9330406124917233 0.02864232227617558
v -0.5133686447439911 0.39771622202661744 0.956830661783965
v -0.4801738165708773 0.4750528783729457 0.9981369260513542
vt 0.26953125 0.4765625
vt 0.2734375 0.4765625
vt 0.2734375 0.41015625
vt 0.26953125 0.41015625
vt 0.3828125 1
vt 0.390625 1
vt 0.390625 0.93359375
vt 0.3828125 0.93359375
vt 0.5234375 0.62890625
vt 0.52734375 0.62890625
vt 0.52734375 0.5625
vt 0.5234375 0.5625
vt 0.3828125 0.80078125
vt 0.390625 0.80078125
vt 0.390625 0.734375
vt 0.3828125 0.734375
vt 0.72265625 0.609375
vt 0.71875 0.609375
vt 0.71875 0.6171875
vt 0.72265625 0.6171875
vt 0.72265625 0.609375
vt 0.71875 0.609375
vt 0.71875 0.6015625
vt 0.72265625 0.6015625
vn -0.35407816717988083 -0.8249243343608342 -0.4406001521854836
vn 0.9262882367976675 -0.3742809165690796 -0.04363367807643715
vn 0.35407816717988083 0.8249243343608342 0.4406001521854836
vn -0.9262882367976675 0.3742809165690796 0.04363367807643715
vn 0.12891374595753877 0.423572470861297 -0.8966424081157721
vn -0.12891374595753877 -0.423572470861297 0.8966424081157721
usemtl m_91fe65ba-4f97-40fd-8230-0084d13434eb
f 2476/7420/1855 2479/7419/1855 2477/7418/1855 2474/7417/1855
f 2475/7424/1856 2476/7423/1856 2474/7422/1856 2473/7421/1856
f 2480/7428/1857 2475/7427/1857 2473/7426/1857 2478/7425/1857
f 2479/7432/1858 2480/7431/1858 2478/7430/1858 2477/7429/1858
f 2478/7436/1859 2473/7435/1859 2474/7434/1859 2477/7433/1859
f 2479/7440/1860 2476/7439/1860 2475/7438/1860 2480/7437/1860
o cube
v -0.15525835225035492 0.8931248929971274 -0.13083056977545526
v -0.1751752491542232 0.8467228991893305 -0.15561432833588862
v -0.26080648175308985 0.5463249324794404 0.6032954018693331
v -0.2807233786569582 0.49992293867164345 0.5785116433088997
v -0.2504361683940337 0.8771332236605682 -0.15206909199217788
v -0.23051927149016546 0.9235352174683651 -0.12728533343174453
v -0.3559842978967688 0.5303332631428812 0.5820568796526102
v -0.33606740099290044 0.5767352569506781 0.6068406382130438
vt 0.58984375 0.54296875
vt 0.59375 0.54296875
vt 0.59375 0.4921875
vt 0.58984375 0.4921875
vt 0.58984375 0.4921875
vt 0.59375 0.4921875
vt 0.59375 0.44140625
vt 0.58984375 0.44140625
vt 0.58984375 0.44140625
vt 0.59375 0.44140625
vt 0.59375 0.390625
vt 0.58984375 0.390625
vt 0.59375 1
vt 0.59765625 1
vt 0.59765625 0.94921875
vt 0.59375 0.94921875
vt 0.625 0.26953125
vt 0.62109375 0.26953125
vt 0.62109375 0.2734375
vt 0.625 0.2734375
vt 0.73046875 0.37890625
vt 0.7265625 0.37890625
vt 0.7265625 0.375
vt 0.73046875 0.375
vn -0.35407816717988083 -0.8249243343608342 -0.4406001521854836
vn 0.9262882367976675 -0.3742809165690796 -0.04363367807643715
vn 0.35407816717988083 0.8249243343608342 0.4406001521854836
vn -0.9262882367976675 0.3742809165690796 0.04363367807643715
vn 0.12891374595753877 0.423572470861297 -0.8966424081157721
vn -0.12891374595753877 -0.423572470861297 0.8966424081157721
usemtl m_91fe65ba-4f97-40fd-8230-0084d13434eb
f 2484/7444/1861 2487/7443/1861 2485/7442/1861 2482/7441/1861
f 2483/7448/1862 2484/7447/1862 2482/7446/1862 2481/7445/1862
f 2488/7452/1863 2483/7451/1863 2481/7450/1863 2486/7449/1863
f 2487/7456/1864 2488/7455/1864 2486/7454/1864 2485/7453/1864
f 2486/7460/1865 2481/7459/1865 2482/7458/1865 2485/7457/1865
f 2487/7464/1866 2484/7463/1866 2483/7462/1866 2488/7461/1866
o cube
v -0.23107028545611655 0.8639875278130659 -0.057908507039025725
v -0.26426511362923044 0.7866508714667375 -0.0992147713064151
v -0.33984125860779 0.5065982555238464 0.6986335248086568
v -0.37303608678090383 0.4292615991775181 0.6573272605412677
v -0.33952603286904093 0.8170611959379752 -0.09566953496270436
v -0.3063312046959271 0.8943978522843036 -0.054363270695315435
v -0.44829700602071443 0.4596719236487558 0.6608724968849782
v -0.4151021778476006 0.5370085799950841 0.7021787611523673
vt 0.55859375 0.734375
vt 0.5625 0.734375
vt 0.5625 0.6796875
vt 0.55859375 0.6796875
vt 0.4453125 0.7265625
vt 0.453125 0.7265625
vt 0.453125 0.671875
vt 0.4453125 0.671875
vt 0.55859375 0.6796875
vt 0.5625 0.6796875
vt 0.5625 0.625
vt 0.55859375 0.625
vt 0.4453125 0.671875
vt 0.453125 0.671875
vt 0.453125 0.6171875
vt 0.4453125 0.6171875
vt 0.72265625 0.59375
vt 0.71875 0.59375
vt 0.71875 0.6015625
vt 0.72265625 0.6015625
vt 0.72265625 0.59375
vt 0.71875 0.59375
vt 0.71875 0.5859375
vt 0.72265625 0.5859375
vn -0.35407816717988083 -0.8249243343608342 -0.4406001521854836
vn 0.9262882367976675 -0.3742809165690796 -0.04363367807643715
vn 0.35407816717988083 0.8249243343608342 0.4406001521854836
vn -0.9262882367976675 0.3742809165690796 0.04363367807643715
vn 0.12891374595753877 0.423572470861297 -0.8966424081157721
vn -0.12891374595753877 -0.423572470861297 0.8966424081157721
usemtl m_91fe65ba-4f97-40fd-8230-0084d13434eb
f 2492/7468/1867 2495/7467/1867 2493/7466/1867 2490/7465/1867
f 2491/7472/1868 2492/7471/1868 2490/7470/1868 2489/7469/1868
f 2496/7476/1869 2491/7475/1869 2489/7474/1869 2494/7473/1869
f 2495/7480/1870 2496/7479/1870 2494/7478/1870 2493/7477/1870
f 2494/7484/1871 2489/7483/1871 2490/7482/1871 2493/7481/1871
f 2495/7488/1872 2492/7487/1872 2491/7486/1872 2496/7485/1872
o cube
v -0.043675472485601795 0.7466938279223005 -0.00806980808429758
v -0.051457012933006516 0.6678690027012345 -0.05822114961305225
v -0.012376861572406285 0.16432430413455357 0.9024068238059102
v -0.020158402019811006 0.08549947891348753 0.8522554822771555
v -0.13239247746512903 0.6722896987695773 -0.05261128978941576
v -0.1246109370177243 0.7511145239906434 -0.0024599482606610934
v -0.10109386655193353 0.08992017498183025 0.857865342100792
v -0.0933123261045288 0.1687450002028963 0.9080166836295467
vt 0.5234375 0.5625
vt 0.52734375 0.5625
vt 0.52734375 0.49609375
vt 0.5234375 0.49609375
vt 0.3828125 0.734375
vt 0.390625 0.734375
vt 0.390625 0.66796875
vt 0.3828125 0.66796875
vt 0.4453125 0.4765625
vt 0.44921875 0.4765625
vt 0.44921875 0.41015625
vt 0.4453125 0.41015625
vt 0.3828125 0.66796875
vt 0.390625 0.66796875
vt 0.390625 0.6015625
vt 0.3828125 0.6015625
vt 0.72265625 0.578125
vt 0.71875 0.578125
vt 0.71875 0.5859375
vt 0.72265625 0.5859375
vt 0.72265625 0.578125
vt 0.71875 0.578125
vt 0.71875 0.5703125
vt 0.72265625 0.5703125
vn -0.08300309810565035 -0.8407981356913716 -0.5349476429733829
vn 0.99612879424151 -0.05440856699498738 -0.06904442859860313
vn 0.08300309810565035 0.8407981356913716 0.5349476429733829
vn -0.99612879424151 0.05440856699498738 0.06904442859860313
vn -0.028946692174053622 0.5386076520580322 -0.8420593127308279
vn 0.028946692174053622 -0.5386076520580322 0.8420593127308279
usemtl m_91fe65ba-4f97-40fd-8230-0084d13434eb
f 2500/7492/1873 2503/7491/1873 2501/7490/1873 2498/7489/1873
f 2499/7496/1874 2500/7495/1874 2498/7494/1874 2497/7493/1874
f 2504/7500/1875 2499/7499/1875 2497/7498/1875 2502/7497/1875
f 2503/7504/1876 2504/7503/1876 2502/7502/1876 2501/7501/1876
f 2502/7508/1877 2497/7507/1877 2498/7506/1877 2501/7505/1877
f 2503/7512/1878 2500/7511/1878 2499/7510/1878 2504/7509/1878
o cube
v 0.060934396861498194 0.7898340818556427 -0.16220673982276645
v 0.05626547259305536 0.742539186723003 -0.19229754474001926
v 0.08463450107900461 0.34884906673312915 0.5272293224755988
v 0.07996557681056177 0.3015541716004895 0.49713851755834604
v -0.02466999193906738 0.7469598827913458 -0.18668768491638277
v -0.02000106767062454 0.7942547779239856 -0.15659687999912997
v -0.0009698877215609594 0.3059748676688322 0.5027483773819825
v 0.003699036546881876 0.3532697628014719 0.5328391822992353
vt 0.59375 0.94921875
vt 0.59765625 0.94921875
vt 0.59765625 0.8984375
vt 0.59375 0.8984375
vt 0.59375 0.8984375
vt 0.59765625 0.8984375
vt 0.59765625 0.84765625
vt 0.59375 0.84765625
vt 0.11328125 0.40625
vt 0.1171875 0.40625
vt 0.1171875 0.35546875
vt 0.11328125 0.35546875
vt 0.1171875 0.40625
vt 0.12109375 0.40625
vt 0.12109375 0.35546875
vt 0.1171875 0.35546875
vt 0.62890625 0.26953125
vt 0.625 0.26953125
vt 0.625 0.2734375
vt 0.62890625 0.2734375
vt 0.73046875 0.375
vt 0.7265625 0.375
vt 0.7265625 0.37109375
vt 0.73046875 0.37109375
vn -0.08300309810565035 -0.8407981356913716 -0.5349476429733829
vn 0.99612879424151 -0.05440856699498738 -0.06904442859860313
vn 0.08300309810565035 0.8407981356913716 0.5349476429733829
vn -0.99612879424151 0.05440856699498738 0.06904442859860313
vn -0.028946692174053622 0.5386076520580322 -0.8420593127308279
vn 0.028946692174053622 -0.5386076520580322 0.8420593127308279
usemtl m_91fe65ba-4f97-40fd-8230-0084d13434eb
f 2508/7516/1879 2511/7515/1879 2509/7514/1879 2506/7513/1879
f 2507/7520/1880 2508/7519/1880 2506/7518/1880 2505/7517/1880
f 2512/7524/1881 2507/7523/1881 2505/7522/1881 2510/7521/1881
f 2511/7528/1882 2512/7527/1882 2510/7526/1882 2509/7525/1882
f 2510/7532/1883 2505/7531/1883 2506/7530/1883 2509/7529/1883
f 2511/7536/1884 2508/7535/1884 2507/7534/1884 2512/7533/1884
o cube
v -0.00034712530284742096 0.7303414826935387 -0.09424154147715758
v -0.008128665750252149 0.6515166574724726 -0.14439288300591224
v 0.024076646219010348 0.27589127626957416 0.6162460036394788
v 0.01629510577160562 0.19706645104850806 0.5660946621107241
v -0.08906413028237489 0.6559373535408154 -0.13878302318227576
v -0.08128258983497016 0.7347621787618815 -0.08863168165352109
v -0.06464035876051712 0.20148714711685078 0.5717045219343606
v -0.05685881831311239 0.2803119723379169 0.6218558634631153
vt 0.55859375 0.625
vt 0.5625 0.625
vt 0.5625 0.5703125
vt 0.55859375 0.5703125
vt 0.4453125 0.6171875
vt 0.453125 0.6171875
vt 0.453125 0.5625
vt 0.4453125 0.5625
vt 0.55859375 0.5703125
vt 0.5625 0.5703125
vt 0.5625 0.515625
vt 0.55859375 0.515625
vt 0.44921875 0.9453125
vt 0.45703125 0.9453125
vt 0.45703125 0.890625
vt 0.44921875 0.890625
vt 0.72265625 0.5625
vt 0.71875 0.5625
vt 0.71875 0.5703125
vt 0.72265625 0.5703125
vt 0.72265625 0.5625
vt 0.71875 0.5625
vt 0.71875 0.5546875
vt 0.72265625 0.5546875
vn -0.08300309810565035 -0.8407981356913716 -0.5349476429733829
vn 0.99612879424151 -0.05440856699498738 -0.06904442859860313
vn 0.08300309810565035 0.8407981356913716 0.5349476429733829
vn -0.99612879424151 0.05440856699498738 0.06904442859860313
vn -0.028946692174053622 0.5386076520580322 -0.8420593127308279
vn 0.028946692174053622 -0.5386076520580322 0.8420593127308279
usemtl m_91fe65ba-4f97-40fd-8230-0084d13434eb
f 2516/7540/1885 2519/7539/1885 2517/7538/1885 2514/7537/1885
f 2515/7544/1886 2516/7543/1886 2514/7542/1886 2513/7541/1886
f 2520/7548/1887 2515/7547/1887 2513/7546/1887 2518/7545/1887
f 2519/7552/1888 2520/7551/1888 2518/7550/1888 2517/7549/1888
f 2518/7556/1889 2513/7555/1889 2514/7554/1889 2517/7553/1889
f 2519/7560/1890 2516/7559/1890 2515/7558/1890 2520/7557/1890
o cube
v -0.5939373840729796 0.6128796800720622 1.006647561429426
v -0.681224147930571 0.6456932340459702 0.9969855724586965
v -0.23054018158584477 1.383535000798311 0.34096414390962004
v -0.31782694544343615 1.4163485547722185 0.3313021549388905
v -0.6927642408499386 0.5963050639707133 0.9335096131352656
v -0.6054774769923472 0.5634915099968052 0.943171602105995
v -0.329367038362804 1.3669603846969616 0.2678261956154596
v -0.24208027450521263 1.3341468307230537 0.2774881845861892
vt 0.44921875 0.4765625
vt 0.453125 0.4765625
vt 0.453125 0.41015625
vt 0.44921875 0.41015625
vt 0.38671875 0.93359375
vt 0.39453125 0.93359375
vt 0.39453125 0.8671875
vt 0.38671875 0.8671875
vt 0.453125 0.4765625
vt 0.45703125 0.4765625
vt 0.45703125 0.41015625
vt 0.453125 0.41015625
vt 0.38671875 0.8671875
vt 0.39453125 0.8671875
vt 0.39453125 0.80078125
vt 0.38671875 0.80078125
vt 0.72265625 0.546875
vt 0.71875 0.546875
vt 0.71875 0.5546875
vt 0.72265625 0.5546875
vt 0.72265625 0.546875
vt 0.71875 0.546875
vt 0.71875 0.5390625
vt 0.72265625 0.5390625
vn -0.9310588144809759 0.35001124238835 -0.10306121568778155
vn 0.1420319128537579 0.6078544009262407 0.7812425762883791
vn 0.9310588144809759 -0.35001124238835 0.10306121568778155
vn -0.1420319128537579 -0.6078544009262407 -0.7812425762883791
vn -0.33608989825399727 -0.7127448052959522 0.6156609641801671
vn 0.33608989825399727 0.7127448052959522 -0.6156609641801671
usemtl m_91fe65ba-4f97-40fd-8230-0084d13434eb
f 2524/7564/1891 2527/7563/1891 2525/7562/1891 2522/7561/1891
f 2523/7568/1892 2524/7567/1892 2522/7566/1892 2521/7565/1892
f 2528/7572/1893 2523/7571/1893 2521/7570/1893 2526/7569/1893
f 2527/7576/1894 2528/7575/1894 2526/7574/1894 2525/7573/1894
f 2526/7580/1895 2521/7579/1895 2522/7578/1895 2525/7577/1895
f 2527/7584/1896 2524/7583/1896 2523/7582/1896 2528/7581/1896
o cube
v -0.6952441645501632 0.4507097607630308 1.0072421206357167
v -0.7476162228647183 0.47039789314737557 1.0014449272532788
v -0.42007056035470297 1.0342695700990916 0.5031697062132047
v -0.4724426186692578 1.0539577024834363 0.4973725128307669
v -0.7591563157840859 0.4210097230721186 0.9379689679298481
v -0.7067842574695311 0.40132159068777384 0.9437661613122857
v -0.48398271158862566 1.0045695324081791 0.43389655350733614
v -0.43161065327407083 0.9848814000238345 0.4396937468897738
vt 0.12109375 0.40625
vt 0.125 0.40625
vt 0.125 0.35546875
vt 0.12109375 0.35546875
vt 0.125 0.40625
vt 0.12890625 0.40625
vt 0.12890625 0.35546875
vt 0.125 0.35546875
vt 0.12890625 0.40625
vt 0.1328125 0.40625
vt 0.1328125 0.35546875
vt 0.12890625 0.35546875
vt 0.59375 0.84765625
vt 0.59765625 0.84765625
vt 0.59765625 0.796875
vt 0.59375 0.796875
vt 0.6328125 0.26953125
vt 0.62890625 0.26953125
vt 0.62890625 0.2734375
vt 0.6328125 0.2734375
vt 0.73046875 0.37109375
vt 0.7265625 0.37109375
vt 0.7265625 0.3671875
vt 0.73046875 0.3671875
vn -0.9310588144809759 0.35001124238835 -0.10306121568778155
vn 0.1420319128537579 0.6078544009262407 0.7812425762883791
vn 0.9310588144809759 -0.35001124238835 0.10306121568778155
vn -0.1420319128537579 -0.6078544009262407 -0.7812425762883791
vn -0.33608989825399727 -0.7127448052959522 0.6156609641801671
vn 0.33608989825399727 0.7127448052959522 -0.6156609641801671
usemtl m_91fe65ba-4f97-40fd-8230-0084d13434eb
f 2532/7588/1897 2535/7587/1897 2533/7586/1897 2530/7585/1897
f 2531/7592/1898 2532/7591/1898 2530/7590/1898 2529/7589/1898
f 2536/7596/1899 2531/7595/1899 2529/7594/1899 2534/7593/1899
f 2535/7600/1900 2536/7599/1900 2534/7598/1900 2533/7597/1900
f 2534/7604/1901 2529/7603/1901 2530/7602/1901 2533/7601/1901
f 2535/7608/1902 2532/7607/1902 2531/7606/1902 2536/7605/1902
o cube
v -0.674416656671097 0.5576285420790985 1.0002670494938295
v -0.7617034205286883 0.5904420960530063 0.9906050605231002
v -0.3908408050192868 1.159006971547558 0.4808031109668135
v -0.4781275688768782 1.1918205255214658 0.47114112199608393
v -0.7732435134480562 0.5410539259777494 0.9271291011996693
v -0.6859567495904646 0.5082403720038415 0.9367910901703987
v -0.48966766179624605 1.1424323554462086 0.4076651626726532
v -0.40238089793865456 1.1096188014723007 0.41732715164338274
vt 0.55859375 0.515625
vt 0.5625 0.515625
vt 0.5625 0.4609375
vt 0.55859375 0.4609375
vt 0.44921875 0.890625
vt 0.45703125 0.890625
vt 0.45703125 0.8359375
vt 0.44921875 0.8359375
vt 0.55859375 0.4609375
vt 0.5625 0.4609375
vt 0.5625 0.40625
vt 0.55859375 0.40625
vt 0.44921875 0.5625
vt 0.45703125 0.5625
vt 0.45703125 0.5078125
vt 0.44921875 0.5078125
vt 0.4609375 0.2734375
vt 0.45703125 0.2734375
vt 0.45703125 0.28125
vt 0.4609375 0.28125
vt 0.72265625 0.5390625
vt 0.71875 0.5390625
vt 0.71875 0.53125
vt 0.72265625 0.53125
vn -0.9310588144809759 0.35001124238835 -0.10306121568778155
vn 0.1420319128537579 0.6078544009262407 0.7812425762883791
vn 0.9310588144809759 -0.35001124238835 0.10306121568778155
vn -0.1420319128537579 -0.6078544009262407 -0.7812425762883791
vn -0.33608989825399727 -0.7127448052959522 0.6156609641801671
vn 0.33608989825399727 0.7127448052959522 -0.6156609641801671
usemtl m_91fe65ba-4f97-40fd-8230-0084d13434eb
f 2540/7612/1903 2543/7611/1903 2541/7610/1903 2538/7609/1903
f 2539/7616/1904 2540/7615/1904 2538/7614/1904 2537/7613/1904
f 2544/7620/1905 2539/7619/1905 2537/7618/1905 2542/7617/1905
f 2543/7624/1906 2544/7623/1906 2542/7622/1906 2541/7621/1906
f 2542/7628/1907 2537/7627/1907 2538/7626/1907 2541/7625/1907
f 2543/7632/1908 2540/7631/1908 2539/7630/1908 2544/7629/1908
o cube
v 0.5434812388918097 0.6526546039939851 0.9895869709661751
v 0.6251624363790272 0.698580644962959 0.9867509106758654
v 0.12027819960830655 1.362267077552981 0.2921266585392313
v 0.20195939709552413 1.408193118521955 0.2892905982489215
v 0.6011008944830861 0.7452060074041333 1.0487886433779798
v 0.5194196969958685 0.6992799664351592 1.0516247036682895
v 0.17789785519958323 1.4548184809631293 0.35132833095103605
v 0.09621665771236554 1.4088924399941551 0.35416439124134586
vt 0.5234375 0.49609375
vt 0.52734375 0.49609375
vt 0.52734375 0.4296875
vt 0.5234375 0.4296875
vt 0.13671875 0.61328125
vt 0.14453125 0.61328125
vt 0.14453125 0.546875
vt 0.13671875 0.546875
vt 0.52734375 1
vt 0.53125 1
vt 0.53125 0.93359375
vt 0.52734375 0.93359375
vt 0.14453125 0.61328125
vt 0.15234375 0.61328125
vt 0.15234375 0.546875
vt 0.14453125 0.546875
vt 0.72265625 0.5234375
vt 0.71875 0.5234375
vt 0.71875 0.53125
vt 0.72265625 0.53125
vt 0.72265625 0.5234375
vt 0.71875 0.5234375
vt 0.71875 0.515625
vt 0.72265625 0.515625
vn 0.8712661065303215 0.4898777703357229 -0.030251309763304125
vn 0.29614205410388916 -0.5738506146606073 -0.763541325564486
vn -0.8712661065303215 -0.4898777703357229 0.030251309763304125
vn -0.29614205410388916 0.5738506146606073 0.763541325564486
vn 0.391401654828673 -0.6562889928869325 0.6450499999324333
vn -0.391401654828673 0.6562889928869325 -0.6450499999324333
usemtl m_91fe65ba-4f97-40fd-8230-0084d13434eb
f 2548/7636/1909 2551/7635/1909 2549/7634/1909 2546/7633/1909
f 2547/7640/1910 2548/7639/1910 2546/7638/1910 2545/7637/1910
f 2552/7644/1911 2547/7643/1911 2545/7642/1911 2550/7641/1911
f 2551/7648/1912 2552/7647/1912 2550/7646/1912 2549/7645/1912
f 2550/7652/1913 2545/7651/1913 2546/7650/1913 2549/7649/1913
f 2551/7656/1914 2548/7655/1914 2547/7654/1914 2552/7653/1914
o cube
v 0.6681799471976851 0.5080234772992165 0.999311647713911
v 0.7171886656900156 0.5355791018806009 0.9976100115397253
v 0.34771984230670905 1.0453600902253921 0.47117696026923167
v 0.3967285607990395 1.0729157148067765 0.46947532409504583
v 0.6931271237940747 0.5822044643217752 1.05964774424184
v 0.644118405301744 0.5546488397403908 1.0613493804160257
v 0.3726670189030986 1.119541077247951 0.5315130567971602
v 0.32365830041076804 1.0919854526665667 0.5332146929713462
vt 0.171875 0.40625
vt 0.17578125 0.40625
vt 0.17578125 0.35546875
vt 0.171875 0.35546875
vt 0.18359375 0.40625
vt 0.1875 0.40625
vt 0.1875 0.35546875
vt 0.18359375 0.35546875
vt 0.1875 0.40625
vt 0.19140625 0.40625
vt 0.19140625 0.35546875
vt 0.1875 0.35546875
vt 0.19140625 0.40625
vt 0.1953125 0.40625
vt 0.1953125 0.35546875
vt 0.19140625 0.35546875
vt 0.63671875 0.26953125
vt 0.6328125 0.26953125
vt 0.6328125 0.2734375
vt 0.63671875 0.2734375
vt 0.73046875 0.3671875
vt 0.7265625 0.3671875
vt 0.7265625 0.36328125
vt 0.73046875 0.36328125
vn 0.8712661065303215 0.4898777703357229 -0.030251309763304125
vn 0.29614205410388916 -0.5738506146606073 -0.763541325564486
vn -0.8712661065303215 -0.4898777703357229 0.030251309763304125
vn -0.29614205410388916 0.5738506146606073 0.763541325564486
vn 0.391401654828673 -0.6562889928869325 0.6450499999324333
vn -0.391401654828673 0.6562889928869325 -0.6450499999324333
usemtl m_91fe65ba-4f97-40fd-8230-0084d13434eb
f 2556/7660/1915 2559/7659/1915 2557/7658/1915 2554/7657/1915
f 2555/7664/1916 2556/7663/1916 2554/7662/1916 2553/7661/1916
f 2560/7668/1917 2555/7667/1917 2553/7666/1917 2558/7665/1917
f 2559/7672/1918 2560/7671/1918 2558/7670/1918 2557/7669/1918
f 2558/7676/1919 2553/7675/1919 2554/7674/1919 2557/7673/1919
f 2559/7680/1920 2556/7679/1920 2555/7678/1920 2560/7677/1920
o cube
v 0.6317596635161267 0.6104996357869059 0.9900238935095416
v 0.7134408610033443 0.6564256767558798 0.9871878332192319
v 0.3015145172544338 1.1642434735352547 0.4457629560665513
v 0.38319571474165137 1.2101695145042288 0.4429268957762415
v 0.6893793191074034 0.7030510391970541 1.0492255659213465
v 0.6076981216201855 0.6571249982280802 1.0520616262116562
v 0.3591341728457105 1.2567948769454031 0.504964628478356
v 0.2774529753584928 1.2108688359764292 0.5078006887686657
vt 0.5625 1
vt 0.56640625 1
vt 0.56640625 0.9453125
vt 0.5625 0.9453125
vt 0.453125 1
vt 0.4609375 1
vt 0.4609375 0.9453125
vt 0.453125 0.9453125
vt 0.5625 0.9453125
vt 0.56640625 0.9453125
vt 0.56640625 0.890625
vt 0.5625 0.890625
vt 0.1328125 0.546875
vt 0.140625 0.546875
vt 0.140625 0.4921875
vt 0.1328125 0.4921875
vt 0.48828125 0.2734375
vt 0.484375 0.2734375
vt 0.484375 0.28125
vt 0.48828125 0.28125
vt 0.72265625 0.515625
vt 0.71875 0.515625
vt 0.71875 0.5078125
vt 0.72265625 0.5078125
vn 0.8712661065303215 0.4898777703357229 -0.030251309763304125
vn 0.29614205410388916 -0.5738506146606073 -0.763541325564486
vn -0.8712661065303215 -0.4898777703357229 0.030251309763304125
vn -0.29614205410388916 0.5738506146606073 0.763541325564486
vn 0.391401654828673 -0.6562889928869325 0.6450499999324333
vn -0.391401654828673 0.6562889928869325 -0.6450499999324333
usemtl m_91fe65ba-4f97-40fd-8230-0084d13434eb
f 2564/7684/1921 2567/7683/1921 2565/7682/1921 2562/7681/1921
f 2563/7688/1922 2564/7687/1922 2562/7686/1922 2561/7685/1922
f 2568/7692/1923 2563/7691/1923 2561/7690/1923 2566/7689/1923
f 2567/7696/1924 2568/7695/1924 2566/7694/1924 2565/7693/1924
f 2566/7700/1925 2561/7699/1925 2562/7698/1925 2565/7697/1925
f 2567/7704/1926 2564/7703/1926 2563/7702/1926 2568/7701/1926
o cube
v 0.3450916521202261 0.8076907331709919 1.201714733714998
v 0.3725818411956573 0.8848827766591127 1.2472640523347658
v 0.11895130652682795 1.4036060748371852 0.3283035979022224
v 0.14644149560225928 1.480798118325306 0.37385291652198993
v 0.29678493539797324 0.8958716680304091 1.274386659840809
v 0.269294746322542 0.8186796245422883 1.2288373412210412
v 0.07064458980457511 1.4917870096966022 0.40097552402803305
v 0.04315440072914384 1.4145949662084816 0.3554262054082653
vt 0.52734375 0.93359375
vt 0.53125 0.93359375
vt 0.53125 0.8671875
vt 0.52734375 0.8671875
vt 0.15234375 0.61328125
vt 0.16015625 0.61328125
vt 0.16015625 0.546875
vt 0.15234375 0.546875
vt 0.125 0.47265625
vt 0.12890625 0.47265625
vt 0.12890625 0.40625
vt 0.125 0.40625
vt 0.16015625 0.61328125
vt 0.16796875 0.61328125
vt 0.16796875 0.546875
vt 0.16015625 0.546875
vt 0.4921875 0.2734375
vt 0.48828125 0.2734375
vt 0.48828125 0.28125
vt 0.4921875 0.28125
vt 0.72265625 0.5078125
vt 0.71875 0.5078125
vt 0.71875 0.5
vt 0.72265625 0.5
vn 0.2932286834712669 0.8233817972066216 0.48585939861085453
vn 0.9328849944330344 -0.1352478938005688 -0.3338167077666836
vn -0.2932286834712669 -0.8233817972066216 -0.48585939861085453
vn -0.9328849944330344 0.1352478938005688 0.3338167077666836
vn 0.20914714043320035 -0.5511355761074619 0.8077790851447638
vn -0.20914714043320035 0.5511355761074619 -0.8077790851447638
usemtl m_91fe65ba-4f97-40fd-8230-0084d13434eb
f 2572/7708/1927 2575/7707/1927 2573/7706/1927 2570/7705/1927
f 2571/7712/1928 2572/7711/1928 2570/7710/1928 2569/7709/1928
f 2576/7716/1929 2571/7715/1929 2569/7714/1929 2574/7713/1929
f 2575/7720/1930 2576/7719/1930 2574/7718/1930 2573/7717/1930
f 2574/7724/1931 2569/7723/1931 2570/7722/1931 2573/7721/1931
f 2575/7728/1932 2572/7727/1932 2571/7726/1932 2576/7725/1932
o cube
v 0.492409360689095 0.740681826097557 1.303546944310868
v 0.5089034741343538 0.7869970521904293 1.3308765354827286
v 0.3211701394594122 1.1919240790355414 0.6421778183485929
v 0.33766425290467095 1.2382393051284137 0.6695074095204534
v 0.4331065683366697 0.7979859435617256 1.3579991429887714
v 0.41661245489141097 0.7516707174688533 1.330669551816911
v 0.2618673471069869 1.2492281964997098 0.6966300170264963
v 0.24537323366172817 1.2029129704068375 0.6693004258546358
vt 0.1953125 0.40625
vt 0.19921875 0.40625
vt 0.19921875 0.35546875
vt 0.1953125 0.35546875
vt 0.19921875 0.40625
vt 0.203125 0.40625
vt 0.203125 0.35546875
vt 0.19921875 0.35546875
vt 0.203125 0.40625
vt 0.20703125 0.40625
vt 0.20703125 0.35546875
vt 0.203125 0.35546875
vt 0.59375 0.796875
vt 0.59765625 0.796875
vt 0.59765625 0.74609375
vt 0.59375 0.74609375
vt 0.640625 0.26953125
vt 0.63671875 0.26953125
vt 0.63671875 0.2734375
vt 0.640625 0.2734375
vt 0.73046875 0.36328125
vt 0.7265625 0.36328125
vt 0.7265625 0.359375
vt 0.73046875 0.359375
vn 0.2932286834712669 0.8233817972066216 0.48585939861085453
vn 0.9328849944330344 -0.1352478938005688 -0.3338167077666836
vn -0.2932286834712669 -0.8233817972066216 -0.48585939861085453
vn -0.9328849944330344 0.1352478938005688 0.3338167077666836
vn 0.20914714043320035 -0.5511355761074619 0.8077790851447638
vn -0.20914714043320035 0.5511355761074619 -0.8077790851447638
usemtl m_91fe65ba-4f97-40fd-8230-0084d13434eb
f 2580/7732/1933 2583/7731/1933 2581/7730/1933 2578/7729/1933
f 2579/7736/1934 2580/7735/1934 2578/7734/1934 2577/7733/1934
f 2584/7740/1935 2579/7739/1935 2577/7738/1935 2582/7737/1935
f 2583/7744/1936 2584/7743/1936 2582/7742/1936 2581/7741/1936
f 2582/7748/1937 2577/7747/1937 2578/7746/1937 2581/7745/1937
f 2583/7752/1938 2580/7751/1938 2579/7750/1938 2584/7749/1938
o cube
v 0.42130171156421165 0.8127975910671196 1.2628396823200723
v 0.44879190063964286 0.8899896345552404 1.30838900093984
v 0.2448338118236988 1.2778182334077903 0.581276079229178
v 0.27232400089913006 1.3550102768959111 0.6268253978489458
v 0.3729949948419589 0.9009785259265367 1.3355116084458827
v 0.3455048057665276 0.8237864824384159 1.2899622898261152
v 0.19652709510144595 1.3659991682672075 0.6539480053549889
v 0.16903690602601468 1.2888071247790867 0.6083986867352211
vt 0.5625 0.890625
vt 0.56640625 0.890625
vt 0.56640625 0.8359375
vt 0.5625 0.8359375
vt 0.140625 0.546875
vt 0.1484375 0.546875
vt 0.1484375 0.4921875
vt 0.140625 0.4921875
vt 0.5625 0.8359375
vt 0.56640625 0.8359375
vt 0.56640625 0.78125
vt 0.5625 0.78125
vt 0.1484375 0.546875
vt 0.15625 0.546875
vt 0.15625 0.4921875
vt 0.1484375 0.4921875
vt 0.72265625 0.4921875
vt 0.71875 0.4921875
vt 0.71875 0.5
vt 0.72265625 0.5
vt 0.72265625 0.4921875
vt 0.71875 0.4921875
vt 0.71875 0.484375
vt 0.72265625 0.484375
vn 0.2932286834712669 0.8233817972066216 0.48585939861085453
vn 0.9328849944330344 -0.1352478938005688 -0.3338167077666836
vn -0.2932286834712669 -0.8233817972066216 -0.48585939861085453
vn -0.9328849944330344 0.1352478938005688 0.3338167077666836
vn 0.20914714043320035 -0.5511355761074619 0.8077790851447638
vn -0.20914714043320035 0.5511355761074619 -0.8077790851447638
usemtl m_91fe65ba-4f97-40fd-8230-0084d13434eb
f 2588/7756/1939 2591/7755/1939 2589/7754/1939 2586/7753/1939
f 2587/7760/1940 2588/7759/1940 2586/7758/1940 2585/7757/1940
f 2592/7764/1941 2587/7763/1941 2585/7762/1941 2590/7761/1941
f 2591/7768/1942 2592/7767/1942 2590/7766/1942 2589/7765/1942
f 2590/7772/1943 2585/7771/1943 2586/7770/1943 2589/7769/1943
f 2591/7776/1944 2588/7775/1944 2587/7774/1944 2592/7773/1944
o cube
v -0.35087032131947726 0.7948634030001487 1.045716575963733
v -0.3840651494925912 0.8672126007035967 1.0952419177013206
v -0.2114823335028883 1.4433404181485585 0.1918137055055924
v -0.24467716167600218 1.5156896158520066 0.24133904724318023
v -0.45932606873240156 0.8500260125079269 1.069904638420167
v -0.42613124055928764 0.7776768148044788 1.0203792966825789
v -0.31993808091581255 1.498503027656337 0.2160017679620263
v -0.28674325274269874 1.4261538299528889 0.16647642622443848
vt 0.12890625 0.47265625
vt 0.1328125 0.47265625
vt 0.1328125 0.40625
vt 0.12890625 0.40625
vt 0.390625 1
vt 0.3984375 1
vt 0.3984375 0.93359375
vt 0.390625 0.93359375
vt 0.52734375 0.8671875
vt 0.53125 0.8671875
vt 0.53125 0.80078125
vt 0.52734375 0.80078125
vt 0.015625 0.609375
vt 0.0234375 0.609375
vt 0.0234375 0.54296875
vt 0.015625 0.54296875
vt 0.51953125 0.2734375
vt 0.515625 0.2734375
vt 0.515625 0.28125
vt 0.51953125 0.28125
vt 0.72265625 0.484375
vt 0.71875 0.484375
vt 0.71875 0.4765625
vt 0.72265625 0.4765625
vn -0.35407816717988083 0.7717247755034458 0.5282703118676014
vn 0.9262882367976675 0.21152723933132075 0.31184343730650904
vn 0.35407816717988083 -0.7717247755034458 -0.5282703118676014
vn -0.9262882367976675 -0.21152723933132075 -0.31184343730650904
vn -0.12891374595753874 -0.5997475284609574 0.7897367588052163
vn 0.12891374595753874 0.5997475284609574 -0.7897367588052163
usemtl m_91fe65ba-4f97-40fd-8230-0084d13434eb
f 2596/7780/1945 2599/7779/1945 2597/7778/1945 2594/7777/1945
f 2595/7784/1946 2596/7783/1946 2594/7782/1946 2593/7781/1946
f 2600/7788/1947 2595/7787/1947 2593/7786/1947 2598/7785/1947
f 2599/7792/1948 2600/7791/1948 2598/7790/1948 2597/7789/1948
f 2598/7796/1949 2593/7795/1949 2594/7794/1949 2597/7793/1949
f 2599/7800/1950 2596/7799/1950 2595/7798/1950 2600/7797/1950
o cube
v -0.27927788784261587 0.7576377672371577 1.2190696131765324
v -0.2991947847464842 0.8010472858592266 1.2487848182190853
v -0.17372975833988094 1.248681056164566 0.5724726419047617
v -0.19364665524374927 1.292090574786635 0.6021878469473145
v -0.3744557039862947 0.7838606976635567 1.2234475389379311
v -0.35453880708242635 0.7404511790414878 1.1937323338953785
v -0.26890757448355984 1.2749039865909653 0.5768505676661604
v -0.24899067757969154 1.2314944679688964 0.5471353626236077
vt 0.20703125 0.40625
vt 0.2109375 0.40625
vt 0.2109375 0.35546875
vt 0.20703125 0.35546875
vt 0.2109375 0.40625
vt 0.21484375 0.40625
vt 0.21484375 0.35546875
vt 0.2109375 0.35546875
vt 0.23828125 0.40625
vt 0.2421875 0.40625
vt 0.2421875 0.35546875
vt 0.23828125 0.35546875
vt 0.2421875 0.40625
vt 0.24609375 0.40625
vt 0.24609375 0.35546875
vt 0.2421875 0.35546875
vt 0.64453125 0.26953125
vt 0.640625 0.26953125
vt 0.640625 0.2734375
vt 0.64453125 0.2734375
vt 0.73046875 0.359375
vt 0.7265625 0.359375
vt 0.7265625 0.35546875
vt 0.73046875 0.35546875
vn -0.35407816717988083 0.7717247755034458 0.5282703118676014
vn 0.9262882367976675 0.21152723933132075 0.31184343730650904
vn 0.35407816717988083 -0.7717247755034458 -0.5282703118676014
vn -0.9262882367976675 -0.21152723933132075 -0.31184343730650904
vn -0.12891374595753874 -0.5997475284609574 0.7897367588052163
vn 0.12891374595753874 0.5997475284609574 -0.7897367588052163
usemtl m_91fe65ba-4f97-40fd-8230-0084d13434eb
f 2604/7804/1951 2607/7803/1951 2605/7802/1951 2602/7801/1951
f 2603/7808/1952 2604/7807/1952 2602/7806/1952 2601/7805/1952
f 2608/7812/1953 2603/7811/1953 2601/7810/1953 2606/7809/1953
f 2607/7816/1954 2608/7815/1954 2606/7814/1954 2605/7813/1954
f 2606/7820/1955 2601/7819/1955 2602/7818/1955 2605/7817/1955
f 2607/7824/1956 2604/7823/1956 2603/7822/1956 2608/7821/1956
o cube
v -0.33252991550580824 0.811365063059974 1.1403825002969366
v -0.3657247436789221 0.8837142607634221 1.1899078420345242
v -0.2237589423541348 1.3174020401989062 0.4740421100550354
v -0.2569537705272486 1.3897512379023542 0.523567451792623
v -0.4409856629187326 0.8665276725677522 1.1645705627533702
v -0.4077908347456188 0.7941784748643042 1.1150452210157826
v -0.3322146897670592 1.3725646497066846 0.49823017251146906
v -0.29901986159394534 1.3002154520032365 0.44870483077388146
vt 0.5625 0.78125
vt 0.56640625 0.78125
vt 0.56640625 0.7265625
vt 0.5625 0.7265625
vt 0.15625 0.546875
vt 0.1640625 0.546875
vt 0.1640625 0.4921875
vt 0.15625 0.4921875
vt 0.5625 0.7265625
vt 0.56640625 0.7265625
vt 0.56640625 0.671875
vt 0.5625 0.671875
vt 0.453125 0.8359375
vt 0.4609375 0.8359375
vt 0.4609375 0.78125
vt 0.453125 0.78125
vt 0.5234375 0.2734375
vt 0.51953125 0.2734375
vt 0.51953125 0.28125
vt 0.5234375 0.28125
vt 0.52734375 0.28125
vt 0.5234375 0.28125
vt 0.5234375 0.2734375
vt 0.52734375 0.2734375
vn -0.35407816717988083 0.7717247755034458 0.5282703118676014
vn 0.9262882367976675 0.21152723933132075 0.31184343730650904
vn 0.35407816717988083 -0.7717247755034458 -0.5282703118676014
vn -0.9262882367976675 -0.21152723933132075 -0.31184343730650904
vn -0.12891374595753874 -0.5997475284609574 0.7897367588052163
vn 0.12891374595753874 0.5997475284609574 -0.7897367588052163
usemtl m_91fe65ba-4f97-40fd-8230-0084d13434eb
f 2612/7828/1957 2615/7827/1957 2613/7826/1957 2610/7825/1957
f 2611/7832/1958 2612/7831/1958 2610/7830/1958 2609/7829/1958
f 2616/7836/1959 2611/7835/1959 2609/7834/1959 2614/7833/1959
f 2615/7840/1960 2616/7839/1960 2614/7838/1960 2613/7837/1960
f 2614/7844/1961 2609/7843/1961 2610/7842/1961 2613/7841/1961
f 2615/7848/1962 2612/7847/1962 2611/7846/1962 2616/7845/1962
o cube
v -0.06966829210770964 0.9549019411915733 1.2219485154543737
v -0.0815171863994449 1.035443029618243 1.26844366874061
v -0.05395620187268671 1.4971567434251492 0.28663336954093765
v -0.06580509616442197 1.5776978318518189 0.3331285228271742
v -0.16210698279622338 1.027145541510774 1.2622793433247859
v -0.15025808850448813 0.9466044530841042 1.2157841900385495
v -0.14639489256120045 1.5694003437443498 0.3269641974113501
v -0.13454599826946517 1.48885925531768 0.28046904412511353
vt 0.18359375 0.47265625
vt 0.1875 0.47265625
vt 0.1875 0.40625
vt 0.18359375 0.40625
vt 0.0234375 0.609375
vt 0.03125 0.609375
vt 0.03125 0.54296875
vt 0.0234375 0.54296875
vt 0.1875 0.47265625
vt 0.19140625 0.47265625
vt 0.19140625 0.40625
vt 0.1875 0.40625
vt 0.03125 0.609375
vt 0.0390625 0.609375
vt 0.0390625 0.54296875
vt 0.03125 0.54296875
vt 0.72265625 0.46875
vt 0.71875 0.46875
vt 0.71875 0.4765625
vt 0.72265625 0.4765625
vt 0.53125 0.28125
vt 0.52734375 0.28125
vt 0.52734375 0.2734375
vt 0.53125 0.2734375
vn -0.12638820577850937 0.8591049432178124 0.4959483017198556
vn 0.9918744171911216 0.10212293055346602 0.07586862050245051
vn 0.12638820577850937 -0.8591049432178124 -0.4959483017198556
vn -0.9918744171911216 -0.10212293055346602 -0.07586862050245051
vn -0.014531412934125257 -0.5015073315455036 0.8650313488216749
vn 0.014531412934125257 0.5015073315455036 -0.8650313488216749
usemtl m_91fe65ba-4f97-40fd-8230-0084d13434eb
f 2620/7852/1963 2623/7851/1963 2621/7850/1963 2618/7849/1963
f 2619/7856/1964 2620/7855/1964 2618/7854/1964 2617/7853/1964
f 2624/7860/1965 2619/7859/1965 2617/7858/1965 2622/7857/1965
f 2623/7864/1966 2624/7863/1966 2622/7862/1966 2621/7861/1966
f 2622/7868/1967 2617/7867/1967 2618/7866/1967 2621/7865/1967
f 2623/7872/1968 2620/7871/1968 2619/7870/1968 2624/7869/1968
o cube
v 0.0349983101694787 0.9233811065176804 1.3788364988986452
v 0.027888973594437535 0.9717057595736822 1.4067335908703869
v 0.04689590450929375 1.3339902342205616 0.6705920820508989
v 0.03978656793425259 1.3823148872765634 0.6984891740226408
v -0.052700822802341146 0.9634082714662131 1.4005692654545627
v -0.0455914862273 0.9150836184102112 1.3726721734828211
v -0.0408032284625261 1.3740173991690943 0.6923248486068166
v -0.033693891887484936 1.3256927461130923 0.6644277566350748
vt 0.24609375 0.40625
vt 0.25 0.40625
vt 0.25 0.35546875
vt 0.24609375 0.35546875
vt 0.25 0.40625
vt 0.25390625 0.40625
vt 0.25390625 0.35546875
vt 0.25 0.35546875
vt 0.59375 0.74609375
vt 0.59765625 0.74609375
vt 0.59765625 0.6953125
vt 0.59375 0.6953125
vt 0.59375 0.6953125
vt 0.59765625 0.6953125
vt 0.59765625 0.64453125
vt 0.59375 0.64453125
vt 0.6484375 0.26953125
vt 0.64453125 0.26953125
vt 0.64453125 0.2734375
vt 0.6484375 0.2734375
vt 0.73046875 0.35546875
vt 0.7265625 0.35546875
vt 0.7265625 0.3515625
vt 0.73046875 0.3515625
vn -0.12638820577850937 0.8591049432178124 0.4959483017198556
vn 0.9918744171911216 0.10212293055346602 0.07586862050245051
vn 0.12638820577850937 -0.8591049432178124 -0.4959483017198556
vn -0.9918744171911216 -0.10212293055346602 -0.07586862050245051
vn -0.014531412934125257 -0.5015073315455036 0.8650313488216749
vn 0.014531412934125257 0.5015073315455036 -0.8650313488216749
usemtl m_91fe65ba-4f97-40fd-8230-0084d13434eb
f 2628/7876/1969 2631/7875/1969 2629/7874/1969 2626/7873/1969
f 2627/7880/1970 2628/7879/1970 2626/7878/1970 2625/7877/1970
f 2632/7884/1971 2627/7883/1971 2625/7882/1971 2630/7881/1971
f 2631/7888/1972 2632/7887/1972 2630/7886/1972 2629/7885/1972
f 2630/7892/1973 2625/7891/1973 2626/7890/1973 2629/7889/1973
f 2631/7896/1974 2628/7895/1974 2627/7894/1974 2632/7893/1974
o cube
v -0.028092121131577504 0.9769885325536545 1.3077034977525925
v -0.03994101542331276 1.0575296209803242 1.3541986510388289
v -0.015831241468409314 1.4001353435451733 0.5778332971843042
v -0.027680135760144574 1.480676431971843 0.6243284504705408
v -0.12053081182009145 1.049232132872855 1.3480343256230047
v -0.10868191752835621 0.9686910444461854 1.3015391723367684
v -0.10826993215692327 1.472378943864374 0.6181641250547166
v -0.09642103786518802 1.391837855437704 0.5716689717684801
vt 0.5625 0.671875
vt 0.56640625 0.671875
vt 0.56640625 0.6171875
vt 0.5625 0.6171875
vt 0.453125 0.78125
vt 0.4609375 0.78125
vt 0.4609375 0.7265625
vt 0.453125 0.7265625
vt 0.5625 0.6171875
vt 0.56640625 0.6171875
vt 0.56640625 0.5625
vt 0.5625 0.5625
vt 0.453125 0.7265625
vt 0.4609375 0.7265625
vt 0.4609375 0.671875
vt 0.453125 0.671875
vt 0.53515625 0.2734375
vt 0.53125 0.2734375
vt 0.53125 0.28125
vt 0.53515625 0.28125
vt 0.72265625 0.46875
vt 0.71875 0.46875
vt 0.71875 0.4609375
vt 0.72265625 0.4609375
vn -0.12638820577850937 0.8591049432178124 0.4959483017198556
vn 0.9918744171911216 0.10212293055346602 0.07586862050245051
vn 0.12638820577850937 -0.8591049432178124 -0.4959483017198556
vn -0.9918744171911216 -0.10212293055346602 -0.07586862050245051
vn -0.014531412934125257 -0.5015073315455036 0.8650313488216749
vn 0.014531412934125257 0.5015073315455036 -0.8650313488216749
usemtl m_91fe65ba-4f97-40fd-8230-0084d13434eb
f 2636/7900/1975 2639/7899/1975 2637/7898/1975 2634/7897/1975
f 2635/7904/1976 2636/7903/1976 2634/7902/1976 2633/7901/1976
f 2640/7908/1977 2635/7907/1977 2633/7906/1977 2638/7905/1977
f 2639/7912/1978 2640/7911/1978 2638/7910/1978 2637/7909/1978
f 2638/7916/1979 2633/7915/1979 2634/7914/1979 2637/7913/1979
f 2639/7920/1980 2636/7919/1980 2635/7918/1980 2640/7917/1980
o cube
v 0.6408303000762277 0.5384642759581306 1.363772378417933
v 0.7225114975634455 0.5843903169271045 1.3609363181276233
v 0.21762726079272465 1.2480767495171268 0.6663120659909889
v 0.29930845827994235 1.2940027904861007 0.663476005700679
v 0.6984499556675043 0.6310156793682788 1.4229740508297377
v 0.6167687581802868 0.585089638399305 1.4258101111200474
v 0.27524691638400123 1.340628152927275 0.7255137384027937
v 0.19356571889678365 1.294702111958301 0.7283497986931033
vt 0.52734375 0.80078125
vt 0.53125 0.80078125
vt 0.53125 0.734375
vt 0.52734375 0.734375
vt 0.09375 0.609375
vt 0.1015625 0.609375
vt 0.1015625 0.54296875
vt 0.09375 0.54296875
vt 0.23828125 0.47265625
vt 0.2421875 0.47265625
vt 0.2421875 0.40625
vt 0.23828125 0.40625
vt 0.1015625 0.609375
vt 0.109375 0.609375
vt 0.109375 0.54296875
vt 0.1015625 0.54296875
vt 0.5390625 0.2734375
vt 0.53515625 0.2734375
vt 0.53515625 0.28125
vt 0.5390625 0.28125
vt 0.54296875 0.28125
vt 0.5390625 0.28125
vt 0.5390625 0.2734375
vt 0.54296875 0.2734375
vn 0.8712661065303215 0.4898777703357229 -0.030251309763304125
vn 0.29614205410388916 -0.5738506146606073 -0.763541325564486
vn -0.8712661065303215 -0.4898777703357229 0.030251309763304125
vn -0.29614205410388916 0.5738506146606073 0.763541325564486
vn 0.391401654828673 -0.6562889928869325 0.6450499999324333
vn -0.391401654828673 0.6562889928869325 -0.6450499999324333
usemtl m_91fe65ba-4f97-40fd-8230-0084d13434eb
f 2644/7924/1981 2647/7923/1981 2645/7922/1981 2642/7921/1981
f 2643/7928/1982 2644/7927/1982 2642/7926/1982 2641/7925/1982
f 2648/7932/1983 2643/7931/1983 2641/7930/1983 2646/7929/1983
f 2647/7936/1984 2648/7935/1984 2646/7934/1984 2645/7933/1984
f 2646/7940/1985 2641/7939/1985 2642/7938/1985 2645/7937/1985
f 2647/7944/1986 2644/7943/1986 2643/7942/1986 2648/7941/1986
o cube
v 0.7655290083821029 0.39383314926336244 1.3734970551656687
v 0.8145377268744336 0.4213887738447468 1.371795418991483
v 0.44506890349112704 0.9311697621895383 0.8453623677209892
v 0.4940776219834575 0.9587253867709227 0.8436607315468034
v 0.7904761849784925 0.46801413628592115 1.4338331516935974
v 0.741467466486162 0.44045851170453676 1.435534787867783
v 0.4700160800875166 1.005350749212097 0.9056984642489179
v 0.42100736159518604 0.9777951246307126 0.9074001004231038
vt 0.328125 0.40625
vt 0.33203125 0.40625
vt 0.33203125 0.35546875
vt 0.328125 0.35546875
vt 0.33203125 0.40625
vt 0.3359375 0.40625
vt 0.3359375 0.35546875
vt 0.33203125 0.35546875
vt 0.59375 0.64453125
vt 0.59765625 0.64453125
vt 0.59765625 0.59375
vt 0.59375 0.59375
vt 0.59375 0.59375
vt 0.59765625 0.59375
vt 0.59765625 0.54296875
vt 0.59375 0.54296875
vt 0.65234375 0.26953125
vt 0.6484375 0.26953125
vt 0.6484375 0.2734375
vt 0.65234375 0.2734375
vt 0.73046875 0.3515625
vt 0.7265625 0.3515625
vt 0.7265625 0.34765625
vt 0.73046875 0.34765625
vn 0.8712661065303215 0.4898777703357229 -0.030251309763304125
vn 0.29614205410388916 -0.5738506146606073 -0.763541325564486
vn -0.8712661065303215 -0.4898777703357229 0.030251309763304125
vn -0.29614205410388916 0.5738506146606073 0.763541325564486
vn 0.391401654828673 -0.6562889928869325 0.6450499999324333
vn -0.391401654828673 0.6562889928869325 -0.6450499999324333
usemtl m_91fe65ba-4f97-40fd-8230-0084d13434eb
f 2652/7948/1987 2655/7947/1987 2653/7946/1987 2650/7945/1987
f 2651/7952/1988 2652/7951/1988 2650/7950/1988 2649/7949/1988
f 2656/7956/1989 2651/7955/1989 2649/7954/1989 2654/7953/1989
f 2655/7960/1990 2656/7959/1990 2654/7958/1990 2653/7957/1990
f 2654/7964/1991 2649/7963/1991 2650/7962/1991 2653/7961/1991
f 2655/7968/1992 2652/7967/1992 2651/7966/1992 2656/7965/1992
o cube
v 0.7291087247005446 0.49630930775105186 1.364209300961299
v 0.8107899221877621 0.5422353487200258 1.3613732406709893
v 0.3988635784388517 1.0500531454994009 0.8199483635183087
v 0.48054477592606926 1.0959791864683748 0.817112303227999
v 0.7867283802918212 0.5888607111612001 1.423410973373104
v 0.7050471828046034 0.5429346701922262 1.4262470336634137
v 0.45648323403012836 1.142604548909549 0.8791500359301134
v 0.37480203654291067 1.0966785079405752 0.8819860962204233
vt 0.5625 0.5625
vt 0.56640625 0.5625
vt 0.56640625 0.5078125
vt 0.5625 0.5078125
vt 0.453125 0.671875
vt 0.4609375 0.671875
vt 0.4609375 0.6171875
vt 0.453125 0.6171875
vt 0.5625 0.5078125
vt 0.56640625 0.5078125
vt 0.56640625 0.453125
vt 0.5625 0.453125
vt 0.3359375 0.546875
vt 0.34375 0.546875
vt 0.34375 0.4921875
vt 0.3359375 0.4921875
vt 0.72265625 0.453125
vt 0.71875 0.453125
vt 0.71875 0.4609375
vt 0.72265625 0.4609375
vt 0.546875 0.28125
vt 0.54296875 0.28125
vt 0.54296875 0.2734375
vt 0.546875 0.2734375
vn 0.8712661065303215 0.4898777703357229 -0.030251309763304125
vn 0.29614205410388916 -0.5738506146606073 -0.763541325564486
vn -0.8712661065303215 -0.4898777703357229 0.030251309763304125
vn -0.29614205410388916 0.5738506146606073 0.763541325564486
vn 0.391401654828673 -0.6562889928869325 0.6450499999324333
vn -0.391401654828673 0.6562889928869325 -0.6450499999324333
usemtl m_91fe65ba-4f97-40fd-8230-0084d13434eb
f 2660/7972/1993 2663/7971/1993 2661/7970/1993 2658/7969/1993
f 2659/7976/1994 2660/7975/1994 2658/7974/1994 2657/7973/1994
f 2664/7980/1995 2659/7979/1995 2657/7978/1995 2662/7977/1995
f 2663/7984/1996 2664/7983/1996 2662/7982/1996 2661/7981/1996
f 2662/7988/1997 2657/7987/1997 2658/7986/1997 2661/7985/1997
f 2663/7992/1998 2660/7991/1998 2659/7990/1998 2664/7989/1998
o cube
v -0.7022218690422941 0.4827314912782876 1.3725258323733174
v -0.7895086328998857 0.5155450452521955 1.3628638434025881
v -0.3388246665551593 1.2533868120045364 0.7068424148535114
v -0.4261114304127509 1.286200365978444 0.6971804258827818
v -0.8010487258192536 0.4661568751769385 1.2993878840791573
v -0.713761961961662 0.43334332120303065 1.3090498730498865
v -0.43765152333211876 1.236812195903187 0.633704466559351
v -0.35036475947452717 1.2039986419292792 0.6433664555300805
vt 0.2421875 0.47265625
vt 0.24609375 0.47265625
vt 0.24609375 0.40625
vt 0.2421875 0.40625
vt 0.109375 0.609375
vt 0.1171875 0.609375
vt 0.1171875 0.54296875
vt 0.109375 0.54296875
vt 0.24609375 0.47265625
vt 0.25 0.47265625
vt 0.25 0.40625
vt 0.24609375 0.40625
vt 0.1171875 0.609375
vt 0.125 0.609375
vt 0.125 0.54296875
vt 0.1171875 0.54296875
vt 0.55078125 0.2734375
vt 0.546875 0.2734375
vt 0.546875 0.28125
vt 0.55078125 0.28125
vt 0.72265625 0.453125
vt 0.71875 0.453125
vt 0.71875 0.4453125
vt 0.72265625 0.4453125
vn -0.9310588144809759 0.35001124238835 -0.10306121568778155
vn 0.1420319128537579 0.6078544009262407 0.7812425762883791
vn 0.9310588144809759 -0.35001124238835 0.10306121568778155
vn -0.1420319128537579 -0.6078544009262407 -0.7812425762883791
vn -0.33608989825399727 -0.7127448052959522 0.6156609641801671
vn 0.33608989825399727 0.7127448052959522 -0.6156609641801671
usemtl m_91fe65ba-4f97-40fd-8230-0084d13434eb
f 2668/7996/1999 2671/7995/1999 2669/7994/1999 2666/7993/1999
f 2667/8000/2000 2668/7999/2000 2666/7998/2000 2665/7997/2000
f 2672/8004/2001 2667/8003/2001 2665/8002/2001 2670/8001/2001
f 2671/8008/2002 2672/8007/2002 2670/8006/2002 2669/8005/2002
f 2670/8012/2003 2665/8011/2003 2666/8010/2003 2669/8009/2003
f 2671/8016/2004 2668/8015/2004 2667/8014/2004 2672/8013/2004
o cube
v -0.803528649519478 0.3205615719692563 1.373120391579608
v -0.8559007078340328 0.340249704353601 1.36732319819717
v -0.5283550453240178 0.9041213813053169 0.869047977157096
v -0.5807271036385726 0.9238095136896616 0.8632507837746584
v -0.8674408007534007 0.2908615342783438 1.3038472388737392
v -0.8150687424388459 0.2711734018939991 1.309644432256177
v -0.5922671965579405 0.8744213436144045 0.7997748244512275
v -0.5398951382433856 0.8547332112300599 0.8055720178336652
vt 0.59375 0.54296875
vt 0.59765625 0.54296875
vt 0.59765625 0.4921875
vt 0.59375 0.4921875
vt 0.4609375 0.40625
vt 0.46484375 0.40625
vt 0.46484375 0.35546875
vt 0.4609375 0.35546875
vt 0.46484375 0.40625
vt 0.46875 0.40625
vt 0.46875 0.35546875
vt 0.46484375 0.35546875
vt 0.5 0.40625
vt 0.50390625 0.40625
vt 0.50390625 0.35546875
vt 0.5 0.35546875
vt 0.65625 0.26953125
vt 0.65234375 0.26953125
vt 0.65234375 0.2734375
vt 0.65625 0.2734375
vt 0.73046875 0.34765625
vt 0.7265625 0.34765625
vt 0.7265625 0.34375
vt 0.73046875 0.34375
vn -0.9310588144809759 0.35001124238835 -0.10306121568778155
vn 0.1420319128537579 0.6078544009262407 0.7812425762883791
vn 0.9310588144809759 -0.35001124238835 0.10306121568778155
vn -0.1420319128537579 -0.6078544009262407 -0.7812425762883791
vn -0.33608989825399727 -0.7127448052959522 0.6156609641801671
vn 0.33608989825399727 0.7127448052959522 -0.6156609641801671
usemtl m_91fe65ba-4f97-40fd-8230-0084d13434eb
f 2676/8020/2005 2679/8019/2005 2677/8018/2005 2674/8017/2005
f 2675/8024/2006 2676/8023/2006 2674/8022/2006 2673/8021/2006
f 2680/8028/2007 2675/8027/2007 2673/8026/2007 2678/8025/2007
f 2679/8032/2008 2680/8031/2008 2678/8030/2008 2677/8029/2008
f 2678/8036/2009 2673/8035/2009 2674/8034/2009 2677/8033/2009
f 2679/8040/2010 2676/8039/2010 2675/8038/2010 2680/8037/2010
o cube
v -0.7827011416404116 0.42748035328532397 1.366145320437721
v -0.869987905498003 0.4602939072592318 1.3564833314669915
v -0.4991252899886015 1.0288587827537834 0.8466813819107049
v -0.5864120538461929 1.0616723367276912 0.8370193929399754
v -0.8815279984173708 0.41090573718397483 1.2930073721435607
v -0.7942412345597792 0.378092183210067 1.30266936111429
v -0.5979521467655607 1.012284166652434 0.7735434336165445
v -0.5106653829079693 0.9794706126785262 0.7832054225872742
vt 0.53125 0.4375
vt 0.53515625 0.4375
vt 0.53515625 0.3828125
vt 0.53125 0.3828125
vt 0.34375 0.546875
vt 0.3515625 0.546875
vt 0.3515625 0.4921875
vt 0.34375 0.4921875
vt 0.53515625 0.4375
vt 0.5390625 0.4375
vt 0.5390625 0.3828125
vt 0.53515625 0.3828125
vt 0.3515625 0.546875
vt 0.359375 0.546875
vt 0.359375 0.4921875
vt 0.3515625 0.4921875
vt 0.5546875 0.2734375
vt 0.55078125 0.2734375
vt 0.55078125 0.28125
vt 0.5546875 0.28125
vt 0.55859375 0.28125
vt 0.5546875 0.28125
vt 0.5546875 0.2734375
vt 0.55859375 0.2734375
vn -0.9310588144809759 0.35001124238835 -0.10306121568778155
vn 0.1420319128537579 0.6078544009262407 0.7812425762883791
vn 0.9310588144809759 -0.35001124238835 0.10306121568778155
vn -0.1420319128537579 -0.6078544009262407 -0.7812425762883791
vn -0.33608989825399727 -0.7127448052959522 0.6156609641801671
vn 0.33608989825399727 0.7127448052959522 -0.6156609641801671
usemtl m_91fe65ba-4f97-40fd-8230-0084d13434eb
f 2684/8044/2011 2687/8043/2011 2685/8042/2011 2682/8041/2011
f 2683/8048/2012 2684/8047/2012 2682/8046/2012 2681/8045/2012
f 2688/8052/2013 2683/8051/2013 2681/8050/2013 2686/8049/2013
f 2687/8056/2014 2688/8055/2014 2686/8054/2014 2685/8053/2014
f 2686/8060/2015 2681/8059/2015 2682/8058/2015 2685/8057/2015
f 2687/8064/2016 2684/8063/2016 2683/8062/2016 2688/8061/2016
o cube
v -0.30987539496270133 0.7517186863220364 1.4431255748269183
v -0.34307022313581526 0.8240678840254845 1.4926509165645059
v -0.17048740714611238 1.4001957014704463 0.5892227043687776
v -0.20368223531922625 1.4725448991738943 0.6387480461063654
v -0.41833114237562563 0.8068812958298146 1.4673136372833522
v -0.3851363142025117 0.7345320981263666 1.4177882955457641
v -0.2789431545590366 1.4553583109782247 0.6134107668252115
v -0.24574832638592278 1.3830091132747766 0.5638854250876236
vt 0.25 0.47265625
vt 0.25390625 0.47265625
vt 0.25390625 0.40625
vt 0.25 0.40625
vt 0.390625 0.80078125
vt 0.3984375 0.80078125
vt 0.3984375 0.734375
vt 0.390625 0.734375
vt 0.52734375 0.734375
vt 0.53125 0.734375
vt 0.53125 0.66796875
vt 0.52734375 0.66796875
vt 0.390625 0.734375
vt 0.3984375 0.734375
vt 0.3984375 0.66796875
vt 0.390625 0.66796875
vt 0.72265625 0.4375
vt 0.71875 0.4375
vt 0.71875 0.4453125
vt 0.72265625 0.4453125
vt 0.72265625 0.4375
vt 0.71875 0.4375
vt 0.71875 0.4296875
vt 0.72265625 0.4296875
vn -0.35407816717988083 0.7717247755034458 0.5282703118676014
vn 0.9262882367976675 0.21152723933132075 0.31184343730650904
vn 0.35407816717988083 -0.7717247755034458 -0.5282703118676014
vn -0.9262882367976675 -0.21152723933132075 -0.31184343730650904
vn -0.12891374595753874 -0.5997475284609574 0.7897367588052163
vn 0.12891374595753874 0.5997475284609574 -0.7897367588052163
usemtl m_91fe65ba-4f97-40fd-8230-0084d13434eb
f 2692/8068/2017 2695/8067/2017 2693/8066/2017 2690/8065/2017
f 2691/8072/2018 2692/8071/2018 2690/8070/2018 2689/8069/2018
f 2696/8076/2019 2691/8075/2019 2689/8074/2019 2694/8073/2019
f 2695/8080/2020 2696/8079/2020 2694/8078/2020 2693/8077/2020
f 2694/8084/2021 2689/8083/2021 2690/8082/2021 2693/8081/2021
f 2695/8088/2022 2692/8087/2022 2691/8086/2022 2696/8085/2022
o cube
v -0.23828296148583994 0.7144930505590457 1.6164786120397177
v -0.25819985838970827 0.7579025691811145 1.6461938170822705
v -0.13273483198310498 1.205536339486454 0.9698816407679469
v -0.15265172888697331 1.2489458581085229 0.9995968458104998
v -0.33346077762951876 0.7407159809854447 1.6208565378011164
v -0.3135438807256504 0.6973064623633758 1.5911413327585637
v -0.2279126481267839 1.2317592699128532 0.9742595665293456
v -0.20799575122291558 1.1883497512907844 0.944544361486793
vt 0.50390625 0.40625
vt 0.5078125 0.40625
vt 0.5078125 0.35546875
vt 0.50390625 0.35546875
vt 0.59375 0.4921875
vt 0.59765625 0.4921875
vt 0.59765625 0.44140625
vt 0.59375 0.44140625
vt 0.55859375 0.40625
vt 0.5625 0.40625
vt 0.5625 0.35546875
vt 0.55859375 0.35546875
vt 0.59375 0.44140625
vt 0.59765625 0.44140625
vt 0.59765625 0.390625
vt 0.59375 0.390625
vt 0.66015625 0.26953125
vt 0.65625 0.26953125
vt 0.65625 0.2734375
vt 0.66015625 0.2734375
vt 0.73046875 0.34375
vt 0.7265625 0.34375
vt 0.7265625 0.33984375
vt 0.73046875 0.33984375
vn -0.35407816717988083 0.7717247755034458 0.5282703118676014
vn 0.9262882367976675 0.21152723933132075 0.31184343730650904
vn 0.35407816717988083 -0.7717247755034458 -0.5282703118676014
vn -0.9262882367976675 -0.21152723933132075 -0.31184343730650904
vn -0.12891374595753874 -0.5997475284609574 0.7897367588052163
vn 0.12891374595753874 0.5997475284609574 -0.7897367588052163
usemtl m_91fe65ba-4f97-40fd-8230-0084d13434eb
f 2700/8092/2023 2703/8091/2023 2701/8090/2023 2698/8089/2023
f 2699/8096/2024 2700/8095/2024 2698/8094/2024 2697/8093/2024
f 2704/8100/2025 2699/8099/2025 2697/8098/2025 2702/8097/2025
f 2703/8104/2026 2704/8103/2026 2702/8102/2026 2701/8101/2026
f 2702/8108/2027 2697/8107/2027 2698/8106/2027 2701/8105/2027
f 2703/8112/2028 2700/8111/2028 2699/8110/2028 2704/8109/2028
o cube
v -0.2915349891490323 0.7682203463818615 1.537791499160122
v -0.3247298173221462 0.8405695440853096 1.5873168408977096
v -0.18276401599735886 1.2742573235207937 0.8714511089182209
v -0.21595884417047267 1.3466065212242417 0.9209764506558085
v -0.39999073656195666 0.8233829558896397 1.5619795616165557
v -0.36679590838884285 0.7510337581861917 1.512454219878968
v -0.29121976341028327 1.329419933028572 0.8956391713746545
v -0.2580249352371694 1.257070735325124 0.8461138296370669
vt 0.5390625 0.4375
vt 0.54296875 0.4375
vt 0.54296875 0.3828125
vt 0.5390625 0.3828125
vt 0.54296875 0.4375
vt 0.546875 0.4375
vt 0.546875 0.3828125
vt 0.54296875 0.3828125
vt 0.546875 0.4375
vt 0.55078125 0.4375
vt 0.55078125 0.3828125
vt 0.546875 0.3828125
vt 0.5625 0.453125
vt 0.56640625 0.453125
vt 0.56640625 0.3984375
vt 0.5625 0.3984375
vt 0.6640625 0.26953125
vt 0.66015625 0.26953125
vt 0.66015625 0.2734375
vt 0.6640625 0.2734375
vt 0.73046875 0.33984375
vt 0.7265625 0.33984375
vt 0.7265625 0.3359375
vt 0.73046875 0.3359375
vn -0.35407816717988083 0.7717247755034458 0.5282703118676014
vn 0.9262882367976675 0.21152723933132075 0.31184343730650904
vn 0.35407816717988083 -0.7717247755034458 -0.5282703118676014
vn -0.9262882367976675 -0.21152723933132075 -0.31184343730650904
vn -0.12891374595753874 -0.5997475284609574 0.7897367588052163
vn 0.12891374595753874 0.5997475284609574 -0.7897367588052163
usemtl m_91fe65ba-4f97-40fd-8230-0084d13434eb
f 2708/8116/2029 2711/8115/2029 2709/8114/2029 2706/8113/2029
f 2707/8120/2030 2708/8119/2030 2706/8118/2030 2705/8117/2030
f 2712/8124/2031 2707/8123/2031 2705/8122/2031 2710/8121/2031
f 2711/8128/2032 2712/8127/2032 2710/8126/2032 2709/8125/2032
f 2710/8132/2033 2705/8131/2033 2706/8130/2033 2709/8129/2033
f 2711/8136/2034 2708/8135/2034 2707/8134/2034 2712/8133/2034
o cube
v 0.3243490908042769 0.7895905723619414 1.446449923086457
v 0.3419247948226508 0.8658797355937355 1.4980262810584115
v 0.15566269580850292 1.414159970314825 0.5801015348591209
v 0.17323839982687686 1.4904491335466195 0.6316778928310754
v 0.2631284566412929 0.8711109580008087 1.517139990832728
v 0.245552752622919 0.7948217947690146 1.4655636328607735
v 0.09444206164551891 1.4956803559536926 0.6507916026053923
v 0.07686635762714497 1.4193911927218985 0.5992152446334379
vt 0.52734375 0.66796875
vt 0.53125 0.66796875
vt 0.53125 0.6015625
vt 0.52734375 0.6015625
vt 0.390625 0.66796875
vt 0.3984375 0.66796875
vt 0.3984375 0.6015625
vt 0.390625 0.6015625
vt 0.52734375 0.6015625
vt 0.53125 0.6015625
vt 0.53125 0.53515625
vt 0.52734375 0.53515625
vt 0.39453125 0.93359375
vt 0.40234375 0.93359375
vt 0.40234375 0.8671875
vt 0.39453125 0.8671875
vt 0.72265625 0.421875
vt 0.71875 0.421875
vt 0.71875 0.4296875
vt 0.72265625 0.4296875
vt 0.72265625 0.421875
vt 0.71875 0.421875
vt 0.71875 0.4140625
vt 0.72265625 0.4140625
vn 0.18747417619598836 0.8137510744724713 0.550147818367513
vn 0.9698010853090202 -0.06438427577936318 -0.2352456587608233
vn -0.18747417619598836 -0.8137510744724713 -0.550147818367513
vn -0.9698010853090202 0.06438427577936318 0.2352456587608233
vn 0.15601053872441512 -0.577636437413072 0.8012470642564953
vn -0.15601053872441512 0.577636437413072 -0.8012470642564953
usemtl m_91fe65ba-4f97-40fd-8230-0084d13434eb
f 2716/8140/2035 2719/8139/2035 2717/8138/2035 2714/8137/2035
f 2715/8144/2036 2716/8143/2036 2714/8142/2036 2713/8141/2036
f 2720/8148/2037 2715/8147/2037 2713/8146/2037 2718/8145/2037
f 2719/8152/2038 2720/8151/2038 2718/8150/2038 2717/8149/2038
f 2718/8156/2039 2713/8155/2039 2714/8154/2039 2717/8153/2039
f 2719/8160/2040 2716/8159/2040 2715/8158/2040 2720/8157/2040
o cube
v 0.24567833112302392 0.7407040030678769 1.6137326625243054
v 0.25622375353404825 0.7864775010069534 1.6446784773074778
v 0.11794470254240905 1.213643836199829 0.9577116286643
v 0.1284901249534334 1.2594173341389054 0.9886574434474728
v 0.17742741535269038 0.7917087234140265 1.6637921870817949
v 0.16688199294166603 0.7459352254749501 1.632846372298622
v 0.04969378677207545 1.2646485565459789 1.0077711532217895
v 0.0391483643610511 1.2188750586069022 0.9768253384386169
vt 0.59765625 1
vt 0.6015625 1
vt 0.6015625 0.94921875
vt 0.59765625 0.94921875
vt 0.0390625 0.40234375
vt 0.04296875 0.40234375
vt 0.04296875 0.3515625
vt 0.0390625 0.3515625
vt 0.04296875 0.40234375
vt 0.046875 0.40234375
vt 0.046875 0.3515625
vt 0.04296875 0.3515625
vt 0.046875 0.40234375
vt 0.05078125 0.40234375
vt 0.05078125 0.3515625
vt 0.046875 0.3515625
vt 0.66796875 0.26953125
vt 0.6640625 0.26953125
vt 0.6640625 0.2734375
vt 0.66796875 0.2734375
vt 0.73046875 0.3359375
vt 0.7265625 0.3359375
vt 0.7265625 0.33203125
vt 0.73046875 0.33203125
vn 0.18747417619598836 0.8137510744724713 0.550147818367513
vn 0.9698010853090202 -0.06438427577936318 -0.2352456587608233
vn -0.18747417619598836 -0.8137510744724713 -0.550147818367513
vn -0.9698010853090202 0.06438427577936318 0.2352456587608233
vn 0.15601053872441512 -0.577636437413072 0.8012470642564953
vn -0.15601053872441512 0.577636437413072 -0.8012470642564953
usemtl m_91fe65ba-4f97-40fd-8230-0084d13434eb
f 2724/8164/2041 2727/8163/2041 2725/8162/2041 2722/8161/2041
f 2723/8168/2042 2724/8167/2042 2722/8166/2042 2721/8165/2042
f 2728/8172/2043 2723/8171/2043 2721/8170/2043 2726/8169/2043
f 2727/8176/2044 2728/8175/2044 2726/8174/2044 2725/8173/2044
f 2726/8180/2045 2721/8179/2045 2722/8178/2045 2725/8177/2045
f 2727/8184/2046 2724/8183/2046 2723/8182/2046 2728/8181/2046
o cube
v 0.2961551176201262 0.8024810067516691 1.5392359623237013
v 0.31373082163850013 0.8787701699834634 1.5908123202956557
v 0.16452122557140086 1.289861750818948 0.8631837518572836
v 0.1820969295897748 1.3661509140507424 0.9147601098292379
v 0.23493448345714224 0.8840013923905365 1.6099260300699725
v 0.2173587794387683 0.8077122291587423 1.5583496720980181
v 0.1033005914084169 1.3713821364578156 0.933873819603555
v 0.08572488739004296 1.2950929732260215 0.8822974616316006
vt 0.55078125 0.4375
vt 0.5546875 0.4375
vt 0.5546875 0.3828125
vt 0.55078125 0.3828125
vt 0.5546875 0.4375
vt 0.55859375 0.4375
vt 0.55859375 0.3828125
vt 0.5546875 0.3828125
vt 0.56640625 1
vt 0.5703125 1
vt 0.5703125 0.9453125
vt 0.56640625 0.9453125
vt 0.56640625 0.9453125
vt 0.5703125 0.9453125
vt 0.5703125 0.890625
vt 0.56640625 0.890625
vt 0.671875 0.26953125
vt 0.66796875 0.26953125
vt 0.66796875 0.2734375
vt 0.671875 0.2734375
vt 0.73046875 0.33203125
vt 0.7265625 0.33203125
vt 0.7265625 0.328125
vt 0.73046875 0.328125
vn 0.18747417619598836 0.8137510744724713 0.550147818367513
vn 0.9698010853090202 -0.06438427577936318 -0.2352456587608233
vn -0.18747417619598836 -0.8137510744724713 -0.550147818367513
vn -0.9698010853090202 0.06438427577936318 0.2352456587608233
vn 0.15601053872441512 -0.577636437413072 0.8012470642564953
vn -0.15601053872441512 0.577636437413072 -0.8012470642564953
usemtl m_91fe65ba-4f97-40fd-8230-0084d13434eb
f 2732/8188/2047 2735/8187/2047 2733/8186/2047 2730/8185/2047
f 2731/8192/2048 2732/8191/2048 2730/8190/2048 2729/8189/2048
f 2736/8196/2049 2731/8195/2049 2729/8194/2049 2734/8193/2049
f 2735/8200/2050 2736/8199/2050 2734/8198/2050 2733/8197/2050
f 2734/8204/2051 2729/8203/2051 2730/8202/2051 2733/8201/2051
f 2735/8208/2052 2732/8207/2052 2731/8206/2052 2736/8205/2052
o cube
v -0.9300272823269768 0.13100918139362672 1.1788031090204825
v -1.0173140461845684 0.16382273536753433 1.169141120049753
v -0.566630079839842 0.9016645021198754 0.5131196915006763
v -0.6539168436974334 0.9344780560937832 0.5034577025299467
v -1.028854139103936 0.11443456529227736 1.1056651607263221
v -0.9415673752463447 0.08162101131836974 1.1153271496970516
v -0.6654569366168013 0.8850898860185261 0.43998174320651584
v -0.5781701727592099 0.8522763320446183 0.4496437321772454
vt 0.4609375 0.47265625
vt 0.46484375 0.47265625
vt 0.46484375 0.40625
vt 0.4609375 0.40625
vt 0.39453125 0.8671875
vt 0.40234375 0.8671875
vt 0.40234375 0.80078125
vt 0.39453125 0.80078125
vt 0.46484375 0.47265625
vt 0.46875 0.47265625
vt 0.46875 0.40625
vt 0.46484375 0.40625
vt 0.2265625 0.60546875
vt 0.234375 0.60546875
vt 0.234375 0.5390625
vt 0.2265625 0.5390625
vt 0.72265625 0.40625
vt 0.71875 0.40625
vt 0.71875 0.4140625
vt 0.72265625 0.4140625
vt 0.72265625 0.40625
vt 0.71875 0.40625
vt 0.71875 0.3984375
vt 0.72265625 0.3984375
vn -0.9310588144809759 0.35001124238835 -0.10306121568778155
vn 0.1420319128537579 0.6078544009262407 0.7812425762883791
vn 0.9310588144809759 -0.35001124238835 0.10306121568778155
vn -0.1420319128537579 -0.6078544009262407 -0.7812425762883791
vn -0.33608989825399727 -0.7127448052959522 0.6156609641801671
vn 0.33608989825399727 0.7127448052959522 -0.6156609641801671
usemtl m_91fe65ba-4f97-40fd-8230-0084d13434eb
f 2740/8212/2053 2743/8211/2053 2741/8210/2053 2738/8209/2053
f 2739/8216/2054 2740/8215/2054 2738/8214/2054 2737/8213/2054
f 2744/8220/2055 2739/8219/2055 2737/8218/2055 2742/8217/2055
f 2743/8224/2056 2744/8223/2056 2742/8222/2056 2741/8221/2056
f 2742/8228/2057 2737/8227/2057 2738/8226/2057 2741/8225/2057
f 2743/8232/2058 2740/8231/2058 2739/8230/2058 2744/8229/2058
o cube
v -1.0313340628041605 -0.031160737915404635 1.1793976682267726
v -1.0837061211187156 -0.011472605531059887 1.173600474844335
v -0.7561604586087005 0.552399071420656 0.675325253804261
v -0.8085325169232553 0.5720872038050007 0.6695280604218232
v -1.0952462140380832 -0.060860775606316864 1.110124515520904
v -1.0428741557235284 -0.08054890799066161 1.1159217089033417
v -0.820072609842623 0.5226990337297436 0.6060521010983925
v -0.7677005515280682 0.5030109013453989 0.6118492944808301
vt 0.05078125 0.40234375
vt 0.0546875 0.40234375
vt 0.0546875 0.3515625
vt 0.05078125 0.3515625
vt 0.59765625 0.94921875
vt 0.6015625 0.94921875
vt 0.6015625 0.8984375
vt 0.59765625 0.8984375
vt 0.59765625 0.8984375
vt 0.6015625 0.8984375
vt 0.6015625 0.84765625
vt 0.59765625 0.84765625
vt 0.109375 0.40234375
vt 0.11328125 0.40234375
vt 0.11328125 0.3515625
vt 0.109375 0.3515625
vt 0.67578125 0.26953125
vt 0.671875 0.26953125
vt 0.671875 0.2734375
vt 0.67578125 0.2734375
vt 0.73046875 0.328125
vt 0.7265625 0.328125
vt 0.7265625 0.32421875
vt 0.73046875 0.32421875
vn -0.9310588144809759 0.35001124238835 -0.10306121568778155
vn 0.1420319128537579 0.6078544009262407 0.7812425762883791
vn 0.9310588144809759 -0.35001124238835 0.10306121568778155
vn -0.1420319128537579 -0.6078544009262407 -0.7812425762883791
vn -0.33608989825399727 -0.7127448052959522 0.6156609641801671
vn 0.33608989825399727 0.7127448052959522 -0.6156609641801671
usemtl m_91fe65ba-4f97-40fd-8230-0084d13434eb
f 2748/8236/2059 2751/8235/2059 2749/8234/2059 2746/8233/2059
f 2747/8240/2060 2748/8239/2060 2746/8238/2060 2745/8237/2060
f 2752/8244/2061 2747/8243/2061 2745/8242/2061 2750/8241/2061
f 2751/8248/2062 2752/8247/2062 2750/8246/2062 2749/8245/2062
f 2750/8252/2063 2745/8251/2063 2746/8250/2063 2749/8249/2063
f 2751/8256/2064 2748/8255/2064 2747/8254/2064 2752/8253/2064
o cube
v -1.0105065549250942 0.07575804340066283 1.1724225970848858
v -1.0977933187826856 0.10857159737457067 1.1627606081141564
v -0.7269307032732841 0.6771364728691223 0.6529586585578697
v -0.8142174671308755 0.70995002684303 0.6432966695871403
v -1.1093334117020535 0.059183427299313696 1.0992846487907255
v -1.0220466478444619 0.026369873325405857 1.108946637761455
v -0.8257575600502434 0.6605618567677729 0.5798207102637094
v -0.738470796192652 0.6277483027938651 0.5894826992344391
vt 0.56640625 0.890625
vt 0.5703125 0.890625
vt 0.5703125 0.8359375
vt 0.56640625 0.8359375
vt 0.359375 0.546875
vt 0.3671875 0.546875
vt 0.3671875 0.4921875
vt 0.359375 0.4921875
vt 0.56640625 0.8359375
vt 0.5703125 0.8359375
vt 0.5703125 0.78125
vt 0.56640625 0.78125
vt 0.3671875 0.546875
vt 0.375 0.546875
vt 0.375 0.4921875
vt 0.3671875 0.4921875
vt 0.72265625 0.390625
vt 0.71875 0.390625
vt 0.71875 0.3984375
vt 0.72265625 0.3984375
vt 0.72265625 0.390625
vt 0.71875 0.390625
vt 0.71875 0.3828125
vt 0.72265625 0.3828125
vn -0.9310588144809759 0.35001124238835 -0.10306121568778155
vn 0.1420319128537579 0.6078544009262407 0.7812425762883791
vn 0.9310588144809759 -0.35001124238835 0.10306121568778155
vn -0.1420319128537579 -0.6078544009262407 -0.7812425762883791
vn -0.33608989825399727 -0.7127448052959522 0.6156609641801671
vn 0.33608989825399727 0.7127448052959522 -0.6156609641801671
usemtl m_91fe65ba-4f97-40fd-8230-0084d13434eb
f 2756/8260/2065 2759/8259/2065 2757/8258/2065 2754/8257/2065
f 2755/8264/2066 2756/8263/2066 2754/8262/2066 2753/8261/2066
f 2760/8268/2067 2755/8267/2067 2753/8266/2067 2758/8265/2067
f 2759/8272/2068 2760/8271/2068 2758/8270/2068 2757/8269/2068
f 2758/8276/2069 2753/8275/2069 2754/8274/2069 2757/8273/2069
f 2759/8280/2070 2756/8279/2070 2755/8278/2070 2760/8277/2070
o cube
v 0.9348828937204829 0.22723991772456875 1.1911315543094978
v 1.0165640912077005 0.2731659586935429 1.188295494019188
v 0.5116798544369798 0.936852391283565 0.49367124188255374
v 0.5933610519241974 0.982778432252539 0.49083518159224393
v 0.9925025493117596 0.3197913211347172 1.2503332267213025
v 0.9108213518245418 0.2738652801657433 1.2531692870116122
v 0.5692995100282565 1.0294037946937133 0.5528729142943585
v 0.48761831254103877 0.9834777537247393 0.5557089745846683
vt 0.52734375 0.53515625
vt 0.53125 0.53515625
vt 0.53125 0.46875
vt 0.52734375 0.46875
vt 0.234375 0.60546875
vt 0.2421875 0.60546875
vt 0.2421875 0.5390625
vt 0.234375 0.5390625
vt 0.53125 1
vt 0.53515625 1
vt 0.53515625 0.93359375
vt 0.53125 0.93359375
vt 0.2578125 0.60546875
vt 0.265625 0.60546875
vt 0.265625 0.5390625
vt 0.2578125 0.5390625
vt 0.6171875 0.2734375
vt 0.61328125 0.2734375
vt 0.61328125 0.28125
vt 0.6171875 0.28125
vt 0.72265625 0.3828125
vt 0.71875 0.3828125
vt 0.71875 0.375
vt 0.72265625 0.375
vn 0.8712661065303215 0.4898777703357229 -0.030251309763304125
vn 0.29614205410388916 -0.5738506146606073 -0.763541325564486
vn -0.8712661065303215 -0.4898777703357229 0.030251309763304125
vn -0.29614205410388916 0.5738506146606073 0.763541325564486
vn 0.391401654828673 -0.6562889928869325 0.6450499999324333
vn -0.391401654828673 0.6562889928869325 -0.6450499999324333
usemtl m_91fe65ba-4f97-40fd-8230-0084d13434eb
f 2764/8284/2071 2767/8283/2071 2765/8282/2071 2762/8281/2071
f 2763/8288/2072 2764/8287/2072 2762/8286/2072 2761/8285/2072
f 2768/8292/2073 2763/8291/2073 2761/8290/2073 2766/8289/2073
f 2767/8296/2074 2768/8295/2074 2766/8294/2074 2765/8293/2074
f 2766/8300/2075 2761/8299/2075 2762/8298/2075 2765/8297/2075
f 2767/8304/2076 2764/8303/2076 2763/8302/2076 2768/8301/2076
o cube
v 1.0595816020263582 0.08260879102980079 1.2008562310572333
v 1.1085903205186887 0.11016441561118517 1.1991545948830475
v 0.7391214971353822 0.6199454039559764 0.6727215436125541
v 0.7881302156277128 0.6475010285373608 0.6710199074383683
v 1.0845287786227478 0.1567897780523595 1.2611923275851622
v 1.035520060130417 0.1292341534709751 1.262893963759348
v 0.7640686737317717 0.6941263909785352 0.7330576401404827
v 0.7150599552394412 0.6665707663971508 0.7347592763146685
vt 0.59765625 0.84765625
vt 0.6015625 0.84765625
vt 0.6015625 0.796875
vt 0.59765625 0.796875
vt 0.59765625 0.796875
vt 0.6015625 0.796875
vt 0.6015625 0.74609375
vt 0.59765625 0.74609375
vt 0.59765625 0.74609375
vt 0.6015625 0.74609375
vt 0.6015625 0.6953125
vt 0.59765625 0.6953125
vt 0.59765625 0.6953125
vt 0.6015625 0.6953125
vt 0.6015625 0.64453125
vt 0.59765625 0.64453125
vt 0.6796875 0.26953125
vt 0.67578125 0.26953125
vt 0.67578125 0.2734375
vt 0.6796875 0.2734375
vt 0.73046875 0.32421875
vt 0.7265625 0.32421875
vt 0.7265625 0.3203125
vt 0.73046875 0.3203125
vn 0.8712661065303215 0.4898777703357229 -0.030251309763304125
vn 0.29614205410388916 -0.5738506146606073 -0.763541325564486
vn -0.8712661065303215 -0.4898777703357229 0.030251309763304125
vn -0.29614205410388916 0.5738506146606073 0.763541325564486
vn 0.391401654828673 -0.6562889928869325 0.6450499999324333
vn -0.391401654828673 0.6562889928869325 -0.6450499999324333
usemtl m_91fe65ba-4f97-40fd-8230-0084d13434eb
f 2772/8308/2077 2775/8307/2077 2773/8306/2077 2770/8305/2077
f 2771/8312/2078 2772/8311/2078 2770/8310/2078 2769/8309/2078
f 2776/8316/2079 2771/8315/2079 2769/8314/2079 2774/8313/2079
f 2775/8320/2080 2776/8319/2080 2774/8318/2080 2773/8317/2080
f 2774/8324/2081 2769/8323/2081 2770/8322/2081 2773/8321/2081
f 2775/8328/2082 2772/8327/2082 2771/8326/2082 2776/8325/2082
o cube
v 1.0231613183447998 0.18508494951749022 1.191568476852864
v 1.1048425158320172 0.23101099048646412 1.1887324165625544
v 0.6929161720831069 0.738828787265839 0.6473075394098737
v 0.7745973695703244 0.7847548282348131 0.6444714791195639
v 1.0807809739360765 0.27763635292763844 1.250770149264669
v 0.9990997764488586 0.23171031195866454 1.2536062095549787
v 0.7505358276743835 0.8313801906759875 0.7065092118216784
v 0.6688546301871658 0.7854541497070135 0.7093452721119882
vt 0.56640625 0.78125
vt 0.5703125 0.78125
vt 0.5703125 0.7265625
vt 0.56640625 0.7265625
vt 0.375 0.546875
vt 0.3828125 0.546875
vt 0.3828125 0.4921875
vt 0.375 0.4921875
vt 0.56640625 0.7265625
vt 0.5703125 0.7265625
vt 0.5703125 0.671875
vt 0.56640625 0.671875
vt 0.3828125 0.546875
vt 0.390625 0.546875
vt 0.390625 0.4921875
vt 0.3828125 0.4921875
vt 0.72265625 0.3671875
vt 0.71875 0.3671875
vt 0.71875 0.375
vt 0.72265625 0.375
vt 0.72265625 0.3671875
vt 0.71875 0.3671875
vt 0.71875 0.359375
vt 0.72265625 0.359375
vn 0.8712661065303215 0.4898777703357229 -0.030251309763304125
vn 0.29614205410388916 -0.5738506146606073 -0.763541325564486
vn -0.8712661065303215 -0.4898777703357229 0.030251309763304125
vn -0.29614205410388916 0.5738506146606073 0.763541325564486
vn 0.391401654828673 -0.6562889928869325 0.6450499999324333
vn -0.391401654828673 0.6562889928869325 -0.6450499999324333
usemtl m_91fe65ba-4f97-40fd-8230-0084d13434eb
f 2780/8332/2083 2783/8331/2083 2781/8330/2083 2778/8329/2083
f 2779/8336/2084 2780/8335/2084 2778/8334/2084 2777/8333/2084
f 2784/8340/2085 2779/8339/2085 2777/8338/2085 2782/8337/2085
f 2783/8344/2086 2784/8343/2086 2782/8342/2086 2781/8341/2086
f 2782/8348/2087 2777/8347/2087 2778/8346/2087 2781/8345/2087
f 2783/8352/2088 2780/8351/2088 2779/8350/2088 2784/8349/2088
o cube
v 0.5542387925534267 0.48742946368104656 1.5659884022706514
v 0.581728981628858 0.5646215071691674 1.6115377208904191
v 0.3280984469600285 1.08334480534724 0.6925772664578754
v 0.3555886360354598 1.160536848835361 0.738126585077643
v 0.5059320758311738 0.5756103985404637 1.6386603283964623
v 0.4784418867557427 0.4984183550523429 1.5931110097766945
v 0.27979173023777565 1.1715257402066572 0.7652491925836861
v 0.2523015411623444 1.0943336967185364 0.7196998739639183
vt 0.0390625 0.46875
vt 0.04296875 0.46875
vt 0.04296875 0.40234375
vt 0.0390625 0.40234375
vt 0.3984375 1
vt 0.40625 1
vt 0.40625 0.93359375
vt 0.3984375 0.93359375
vt 0.04296875 0.46875
vt 0.046875 0.46875
vt 0.046875 0.40234375
vt 0.04296875 0.40234375
vt 0.0546875 0.6015625
vt 0.0625 0.6015625
vt 0.0625 0.53515625
vt 0.0546875 0.53515625
vt 0.64453125 0.2734375
vt 0.640625 0.2734375
vt 0.640625 0.28125
vt 0.64453125 0.28125
vt 0.72265625 0.359375
vt 0.71875 0.359375
vt 0.71875 0.3515625
vt 0.72265625 0.3515625
vn 0.2932286834712669 0.8233817972066216 0.48585939861085453
vn 0.9328849944330344 -0.1352478938005688 -0.3338167077666836
vn -0.2932286834712669 -0.8233817972066216 -0.48585939861085453
vn -0.9328849944330344 0.1352478938005688 0.3338167077666836
vn 0.20914714043320035 -0.5511355761074619 0.8077790851447638
vn -0.20914714043320035 0.5511355761074619 -0.8077790851447638
usemtl m_91fe65ba-4f97-40fd-8230-0084d13434eb
f 2788/8356/2089 2791/8355/2089 2789/8354/2089 2786/8353/2089
f 2787/8360/2090 2788/8359/2090 2786/8358/2090 2785/8357/2090
f 2792/8364/2091 2787/8363/2091 2785/8362/2091 2790/8361/2091
f 2791/8368/2092 2792/8367/2092 2790/8366/2092 2789/8365/2092
f 2790/8372/2093 2785/8371/2093 2786/8370/2093 2789/8369/2093
f 2791/8376/2094 2788/8375/2094 2787/8374/2094 2792/8373/2094
o cube
v 0.7015565011222955 0.420420556607612 1.6678206128665207
v 0.7180506145675543 0.4667357827004843 1.6951502040383812
v 0.5303172798926128 0.8716628095455963 1.0064514869042458
v 0.5468113933378715 0.9179780356384687 1.0337810780761063
v 0.6422537087698702 0.47772467407178065 1.7222728115444241
v 0.6257595953246115 0.43140944797890834 1.6949432203725636
v 0.4710144875401874 0.9289669270097649 1.0609036855821492
v 0.4545203740949286 0.8826517009168926 1.0335740944102887
vt 0.59765625 0.64453125
vt 0.6015625 0.64453125
vt 0.6015625 0.59375
vt 0.59765625 0.59375
vt 0.59765625 0.59375
vt 0.6015625 0.59375
vt 0.6015625 0.54296875
vt 0.59765625 0.54296875
vt 0.59765625 0.54296875
vt 0.6015625 0.54296875
vt 0.6015625 0.4921875
vt 0.59765625 0.4921875
vt 0.59765625 0.4921875
vt 0.6015625 0.4921875
vt 0.6015625 0.44140625
vt 0.59765625 0.44140625
vt 0.68359375 0.26953125
vt 0.6796875 0.26953125
vt 0.6796875 0.2734375
vt 0.68359375 0.2734375
vt 0.73046875 0.3203125
vt 0.7265625 0.3203125
vt 0.7265625 0.31640625
vt 0.73046875 0.31640625
vn 0.2932286834712669 0.8233817972066216 0.48585939861085453
vn 0.9328849944330344 -0.1352478938005688 -0.3338167077666836
vn -0.2932286834712669 -0.8233817972066216 -0.48585939861085453
vn -0.9328849944330344 0.1352478938005688 0.3338167077666836
vn 0.20914714043320035 -0.5511355761074619 0.8077790851447638
vn -0.20914714043320035 0.5511355761074619 -0.8077790851447638
usemtl m_91fe65ba-4f97-40fd-8230-0084d13434eb
f 2796/8380/2095 2799/8379/2095 2797/8378/2095 2794/8377/2095
f 2795/8384/2096 2796/8383/2096 2794/8382/2096 2793/8381/2096
f 2800/8388/2097 2795/8387/2097 2793/8386/2097 2798/8385/2097
f 2799/8392/2098 2800/8391/2098 2798/8390/2098 2797/8389/2098
f 2798/8396/2099 2793/8395/2099 2794/8394/2099 2797/8393/2099
f 2799/8400/2100 2796/8399/2100 2795/8398/2100 2800/8397/2100
o cube
v 0.6304488519974122 0.49253632157717464 1.6271133508757252
v 0.6579390410728434 0.5697283650652955 1.672662669495493
v 0.4539809522568993 0.9575569639178455 0.9455497477848308
v 0.4814711413323306 1.0347490074059662 0.9910990664045985
v 0.5821421352751595 0.5807172564365918 1.6997852770015356
v 0.5546519461997281 0.503525212948471 1.654235958381768
v 0.40567423553464643 1.0457378987772625 1.0182216739106418
v 0.3781840464592152 0.9685458552891417 0.9726723552908739
vt 0.56640625 0.671875
vt 0.5703125 0.671875
vt 0.5703125 0.6171875
vt 0.56640625 0.6171875
vt 0.453125 0.6171875
vt 0.4609375 0.6171875
vt 0.4609375 0.5625
vt 0.453125 0.5625
vt 0.56640625 0.6171875
vt 0.5703125 0.6171875
vt 0.5703125 0.5625
vt 0.56640625 0.5625
vt 0.015625 0.54296875
vt 0.0234375 0.54296875
vt 0.0234375 0.48828125
vt 0.015625 0.48828125
vt 0.72265625 0.34375
vt 0.71875 0.34375
vt 0.71875 0.3515625
vt 0.72265625 0.3515625
vt 0.65625 0.28125
vt 0.65234375 0.28125
vt 0.65234375 0.2734375
vt 0.65625 0.2734375
vn 0.2932286834712669 0.8233817972066216 0.48585939861085453
vn 0.9328849944330344 -0.1352478938005688 -0.3338167077666836
vn -0.2932286834712669 -0.8233817972066216 -0.48585939861085453
vn -0.9328849944330344 0.1352478938005688 0.3338167077666836
vn 0.20914714043320035 -0.5511355761074619 0.8077790851447638
vn -0.20914714043320035 0.5511355761074619 -0.8077790851447638
usemtl m_91fe65ba-4f97-40fd-8230-0084d13434eb
f 2804/8404/2101 2807/8403/2101 2805/8402/2101 2802/8401/2101
f 2803/8408/2102 2804/8407/2102 2802/8406/2102 2801/8405/2102
f 2808/8412/2103 2803/8411/2103 2801/8410/2103 2806/8409/2103
f 2807/8416/2104 2808/8415/2104 2806/8414/2104 2805/8413/2104
f 2806/8420/2105 2801/8419/2105 2802/8418/2105 2805/8417/2105
f 2807/8424/2106 2804/8423/2106 2803/8422/2106 2808/8421/2106
o cube
v -0.4797840672770163 0.4259901811567077 1.3919479181798384
v -0.5129788954501301 0.4983393788601558 1.4414732599174265
v -0.34039607946042727 1.0744671963051178 0.5380450477216977
v -0.3735909076335411 1.146816394008566 0.5875703894592855
v -0.5882398146899405 0.4811527906644859 1.4161359806362723
v -0.5550449865168267 0.40880359296103785 1.3666106388986847
v -0.44885182687335146 1.1296298058128962 0.5622331101781318
v -0.41565699870023765 1.0572806081094481 0.512707768440544
vt 0.046875 0.46875
vt 0.05078125 0.46875
vt 0.05078125 0.40234375
vt 0.046875 0.40234375
vt 0.0625 0.6015625
vt 0.0703125 0.6015625
vt 0.0703125 0.53515625
vt 0.0625 0.53515625
vt 0.05078125 0.46875
vt 0.0546875 0.46875
vt 0.0546875 0.40234375
vt 0.05078125 0.40234375
vt 0.0703125 0.6015625
vt 0.078125 0.6015625
vt 0.078125 0.53515625
vt 0.0703125 0.53515625
vt 0.66015625 0.2734375
vt 0.65625 0.2734375
vt 0.65625 0.28125
vt 0.66015625 0.28125
vt 0.72265625 0.34375
vt 0.71875 0.34375
vt 0.71875 0.3359375
vt 0.72265625 0.3359375
vn -0.35407816717988083 0.7717247755034458 0.5282703118676014
vn 0.9262882367976675 0.21152723933132075 0.31184343730650904
vn 0.35407816717988083 -0.7717247755034458 -0.5282703118676014
vn -0.9262882367976675 -0.21152723933132075 -0.31184343730650904
vn -0.12891374595753874 -0.5997475284609574 0.7897367588052163
vn 0.12891374595753874 0.5997475284609574 -0.7897367588052163
usemtl m_91fe65ba-4f97-40fd-8230-0084d13434eb
f 2812/8428/2107 2815/8427/2107 2813/8426/2107 2810/8425/2107
f 2811/8432/2108 2812/8431/2108 2810/8430/2108 2809/8429/2108
f 2816/8436/2109 2811/8435/2109 2809/8434/2109 2814/8433/2109
f 2815/8440/2110 2816/8439/2110 2814/8438/2110 2813/8437/2110
f 2814/8444/2111 2809/8443/2111 2810/8442/2111 2813/8441/2111
f 2815/8448/2112 2812/8447/2112 2811/8446/2112 2816/8445/2112
o cube
v -0.4081916338001548 0.3887645453937174 1.5653009553926378
v -0.4281085307040231 0.4321740640157863 1.5950161604351907
v -0.3026435042974198 0.8798078343211257 0.9187039841208671
v -0.32256040120128815 0.9232173529431946 0.9484191891634199
v -0.5033694499438336 0.4149874758201164 1.5696788811540365
v -0.48345255303996526 0.37157795719804754 1.5399636761114839
v -0.39782132044109875 0.906030764747525 0.9230819098822658
v -0.3779044235372304 0.8626212461254561 0.8933667048397131
vt 0.59765625 0.44140625
vt 0.6015625 0.44140625
vt 0.6015625 0.390625
vt 0.59765625 0.390625
vt 0.6015625 1
vt 0.60546875 1
vt 0.60546875 0.94921875
vt 0.6015625 0.94921875
vt 0.6015625 0.94921875
vt 0.60546875 0.94921875
vt 0.60546875 0.8984375
vt 0.6015625 0.8984375
vt 0.6015625 0.8984375
vt 0.60546875 0.8984375
vt 0.60546875 0.84765625
vt 0.6015625 0.84765625
vt 0.6875 0.26953125
vt 0.68359375 0.26953125
vt 0.68359375 0.2734375
vt 0.6875 0.2734375
vt 0.73046875 0.31640625
vt 0.7265625 0.31640625
vt 0.7265625 0.3125
vt 0.73046875 0.3125
vn -0.35407816717988083 0.7717247755034458 0.5282703118676014
vn 0.9262882367976675 0.21152723933132075 0.31184343730650904
vn 0.35407816717988083 -0.7717247755034458 -0.5282703118676014
vn -0.9262882367976675 -0.21152723933132075 -0.31184343730650904
vn -0.12891374595753874 -0.5997475284609574 0.7897367588052163
vn 0.12891374595753874 0.5997475284609574 -0.7897367588052163
usemtl m_91fe65ba-4f97-40fd-8230-0084d13434eb
f 2820/8452/2113 2823/8451/2113 2821/8450/2113 2818/8449/2113
f 2819/8456/2114 2820/8455/2114 2818/8454/2114 2817/8453/2114
f 2824/8460/2115 2819/8459/2115 2817/8458/2115 2822/8457/2115
f 2823/8464/2116 2824/8463/2116 2822/8462/2116 2821/8461/2116
f 2822/8468/2117 2817/8467/2117 2818/8466/2117 2821/8465/2117
f 2823/8472/2118 2820/8471/2118 2819/8470/2118 2824/8469/2118
o cube
v -0.46144366146334714 0.4424918412165335 1.4866138425130422
v -0.494638489636461 0.5148410389199816 1.5361391842506298
v -0.3526726883116737 0.9485288183554657 0.820273452271141
v -0.3858675164847875 1.0208780160589137 0.8697987940087286
v -0.5698994088762714 0.4976544507243117 1.5108019049694759
v -0.5367045807031576 0.42530525302086364 1.4612765632318883
v -0.4611284357245981 1.003691427863244 0.8444615147275747
v -0.42793360755148424 0.931342230159796 0.7949361729899871
vt 0.56640625 0.5625
vt 0.5703125 0.5625
vt 0.5703125 0.5078125
vt 0.56640625 0.5078125
vt 0.0234375 0.54296875
vt 0.03125 0.54296875
vt 0.03125 0.48828125
vt 0.0234375 0.48828125
vt 0.45703125 0.43359375
vt 0.4609375 0.43359375
vt 0.4609375 0.37890625
vt 0.45703125 0.37890625
vt 0.03125 0.54296875
vt 0.0390625 0.54296875
vt 0.0390625 0.48828125
vt 0.03125 0.48828125
vt 0.6640625 0.2734375
vt 0.66015625 0.2734375
vt 0.66015625 0.28125
vt 0.6640625 0.28125
vt 0.66796875 0.28125
vt 0.6640625 0.28125
vt 0.6640625 0.2734375
vt 0.66796875 0.2734375
vn -0.35407816717988083 0.7717247755034458 0.5282703118676014
vn 0.9262882367976675 0.21152723933132075 0.31184343730650904
vn 0.35407816717988083 -0.7717247755034458 -0.5282703118676014
vn -0.9262882367976675 -0.21152723933132075 -0.31184343730650904
vn -0.12891374595753874 -0.5997475284609574 0.7897367588052163
vn 0.12891374595753874 0.5997475284609574 -0.7897367588052163
usemtl m_91fe65ba-4f97-40fd-8230-0084d13434eb
f 2828/8476/2119 2831/8475/2119 2829/8474/2119 2826/8473/2119
f 2827/8480/2120 2828/8479/2120 2826/8478/2120 2825/8477/2120
f 2832/8484/2121 2827/8483/2121 2825/8482/2121 2830/8481/2121
f 2831/8488/2122 2832/8487/2122 2830/8486/2122 2829/8485/2122
f 2830/8492/2123 2825/8491/2123 2826/8490/2123 2829/8489/2123
f 2831/8496/2124 2828/8495/2124 2827/8494/2124 2832/8493/2124
o cube
v 0.0046815326758591624 0.6919204753199896 1.6500330151195652
v -0.0031000077715455654 0.772802512288737 1.696794176611252
v -0.026617078237336333 1.2306147911628842 0.7130536164487836
v -0.03439861868474106 1.3114968281316315 0.7598147779404701
v -0.08403547230366806 0.7657852555734692 1.6954633163024506
v -0.07625393185626334 0.6849032186047218 1.6487021548107643
v -0.11533408321686356 1.3044795714163637 0.7584839176316688
v -0.10755254276945884 1.2235975344476164 0.7117227561399825
vt 0.53125 0.93359375
vt 0.53515625 0.93359375
vt 0.53515625 0.8671875
vt 0.53125 0.8671875
vt 0.078125 0.6015625
vt 0.0859375 0.6015625
vt 0.0859375 0.53515625
vt 0.078125 0.53515625
vt 0.109375 0.46875
vt 0.11328125 0.46875
vt 0.11328125 0.40234375
vt 0.109375 0.40234375
vt 0.16796875 0.6015625
vt 0.17578125 0.6015625
vt 0.17578125 0.53515625
vt 0.16796875 0.53515625
vt 0.72265625 0.328125
vt 0.71875 0.328125
vt 0.71875 0.3359375
vt 0.72265625 0.3359375
vt 0.671875 0.28125
vt 0.66796875 0.28125
vt 0.66796875 0.2734375
vt 0.671875 0.2734375
vn -0.08300309810565032 0.862741727666639 0.49878572257798914
vn 0.99612879424151 0.08636623649560206 0.01637981918524651
vn 0.08300309810565032 -0.862741727666639 -0.49878572257798914
vn -0.99612879424151 -0.08636623649560206 -0.01637981918524651
vn 0.028946692174053622 -0.49821439615527835 0.8665705421232666
vn -0.028946692174053622 0.49821439615527835 -0.8665705421232666
usemtl m_91fe65ba-4f97-40fd-8230-0084d13434eb
f 2836/8500/2125 2839/8499/2125 2837/8498/2125 2834/8497/2125
f 2835/8504/2126 2836/8503/2126 2834/8502/2126 2833/8501/2126
f 2840/8508/2127 2835/8507/2127 2833/8506/2127 2838/8505/2127
f 2839/8512/2128 2840/8511/2128 2838/8510/2128 2837/8509/2128
f 2838/8516/2129 2833/8515/2129 2834/8514/2129 2837/8513/2129
f 2839/8520/2130 2836/8519/2130 2835/8518/2130 2840/8517/2130
o cube
v 0.11797540967517525 0.6592573322899518 1.80056579069307
v 0.11330648540673241 0.7077865544712003 1.8286224875880819
v 0.09427530545766885 1.067170369142086 1.091061159329646
v 0.08960638118922601 1.1156995913233345 1.1191178562246578
v 0.03237102087460969 0.7007692977559326 1.827291627279281
v 0.037039945143052526 0.652240075574684 1.7992349303842687
v 0.008670916657103268 1.1086823346080668 1.1177869959158568
v 0.013339840925546104 1.0601531124268182 1.0897302990208448
vt 0.6015625 0.84765625
vt 0.60546875 0.84765625
vt 0.60546875 0.796875
vt 0.6015625 0.796875
vt 0.6015625 0.796875
vt 0.60546875 0.796875
vt 0.60546875 0.74609375
vt 0.6015625 0.74609375
vt 0.25390625 0.3984375
vt 0.2578125 0.3984375
vt 0.2578125 0.34765625
vt 0.25390625 0.34765625
vt 0.6015625 0.74609375
vt 0.60546875 0.74609375
vt 0.60546875 0.6953125
vt 0.6015625 0.6953125
vt 0.69140625 0.26953125
vt 0.6875 0.26953125
vt 0.6875 0.2734375
vt 0.69140625 0.2734375
vt 0.73046875 0.3125
vt 0.7265625 0.3125
vt 0.7265625 0.30859375
vt 0.73046875 0.30859375
vn -0.08300309810565032 0.862741727666639 0.49878572257798914
vn 0.99612879424151 0.08636623649560206 0.01637981918524651
vn 0.08300309810565032 -0.862741727666639 -0.49878572257798914
vn -0.99612879424151 -0.08636623649560206 -0.01637981918524651
vn 0.028946692174053622 -0.49821439615527835 0.8665705421232666
vn -0.028946692174053622 0.49821439615527835 -0.8665705421232666
usemtl m_91fe65ba-4f97-40fd-8230-0084d13434eb
f 2844/8524/2131 2847/8523/2131 2845/8522/2131 2842/8521/2131
f 2843/8528/2132 2844/8527/2132 2842/8526/2132 2841/8525/2132
f 2848/8532/2133 2843/8531/2133 2841/8530/2133 2846/8529/2133
f 2847/8536/2134 2848/8535/2134 2846/8534/2134 2845/8533/2134
f 2846/8540/2135 2841/8539/2135 2842/8538/2135 2845/8537/2135
f 2847/8544/2136 2844/8543/2136 2843/8542/2136 2848/8541/2136
o cube
v 0.05162821638037024 0.7136296095663129 1.7330693618565436
v 0.04384667593296551 0.7945116465350603 1.7798305233482303
v 0.027204444858512478 1.133998006322329 1.0019004669400378
v 0.01942290441110775 1.2148800432910765 1.0486616284317243
v -0.03708878859915721 0.7874943898197926 1.778499663039429
v -0.029307248151752487 0.7066123528510452 1.7317385015477427
v -0.06151256012101498 1.207862786575809 1.047330768122923
v -0.053731019673610256 1.1269807496070614 1.0005696066312366
vt 0.56640625 0.5078125
vt 0.5703125 0.5078125
vt 0.5703125 0.453125
vt 0.56640625 0.453125
vt 0.45703125 0.9453125
vt 0.46484375 0.9453125
vt 0.46484375 0.890625
vt 0.45703125 0.890625
vt 0.56640625 0.453125
vt 0.5703125 0.453125
vt 0.5703125 0.3984375
vt 0.56640625 0.3984375
vt 0.0859375 0.54296875
vt 0.09375 0.54296875
vt 0.09375 0.48828125
vt 0.0859375 0.48828125
vt 0.67578125 0.2734375
vt 0.671875 0.2734375
vt 0.671875 0.28125
vt 0.67578125 0.28125
vt 0.72265625 0.328125
vt 0.71875 0.328125
vt 0.71875 0.3203125
vt 0.72265625 0.3203125
vn -0.08300309810565032 0.862741727666639 0.49878572257798914
vn 0.99612879424151 0.08636623649560206 0.01637981918524651
vn 0.08300309810565032 -0.862741727666639 -0.49878572257798914
vn -0.99612879424151 -0.08636623649560206 -0.01637981918524651
vn 0.028946692174053622 -0.49821439615527835 0.8665705421232666
vn -0.028946692174053622 0.49821439615527835 -0.8665705421232666
usemtl m_91fe65ba-4f97-40fd-8230-0084d13434eb
f 2852/8548/2137 2855/8547/2137 2853/8546/2137 2850/8545/2137
f 2851/8552/2138 2852/8551/2138 2850/8550/2138 2849/8549/2138
f 2856/8556/2139 2851/8555/2139 2849/8554/2139 2854/8553/2139
f 2855/8560/2140 2856/8559/2140 2854/8558/2140 2853/8557/2140
f 2854/8564/2141 2849/8563/2141 2850/8562/2141 2853/8561/2141
f 2855/8568/2142 2852/8567/2142 2851/8566/2142 2856/8565/2142
o cube
v -0.5579949873744889 1.806651289513579 0.026533370529662648
v -0.5488724884222771 1.8214262428131507 0.08787294395385886
v -1.0919385905320143 1.3390828493276903 0.21856603673334396
v -1.0828160915798022 1.353857802627262 0.2799056101575402
v -0.5117213706205297 1.780755452523732 0.09214421581535431
v -0.5208438695727415 1.7659804992241601 0.0308046423911581
v -1.045664973778055 1.313187012337843 0.2841768820190356
v -1.0547874727302666 1.2984120590382713 0.2228373085948394
vt 0.6328125 0.59375
vt 0.63671875 0.59375
vt 0.63671875 0.546875
vt 0.6328125 0.546875
vt 0.6328125 0.546875
vt 0.63671875 0.546875
vt 0.63671875 0.5
vt 0.6328125 0.5
vt 0.6328125 0.5
vt 0.63671875 0.5
vt 0.63671875 0.453125
vt 0.6328125 0.453125
vt 0.6328125 0.453125
vt 0.63671875 0.453125
vt 0.63671875 0.40625
vt 0.6328125 0.40625
vt 0.6953125 0.26953125
vt 0.69140625 0.26953125
vt 0.69140625 0.2734375
vt 0.6953125 0.2734375
vt 0.73046875 0.30859375
vt 0.7265625 0.30859375
vt 0.7265625 0.3046875
vt 0.73046875 0.3046875
vn 0.14309802277979364 0.23176397332661677 0.962189387046216
vn -0.6724184217510841 0.7361229011659518 -0.07730808799086789
vn -0.14309802277979364 -0.23176397332661677 -0.962189387046216
vn 0.6724184217510841 -0.7361229011659518 0.07730808799086789
vn 0.7262068727065968 0.6359312345268799 -0.26118009684281723
vn -0.7262068727065968 -0.6359312345268799 0.26118009684281723
usemtl m_91fe65ba-4f97-40fd-8230-0084d13434eb
f 2860/8572/2143 2863/8571/2143 2861/8570/2143 2858/8569/2143
f 2859/8576/2144 2860/8575/2144 2858/8574/2144 2857/8573/2144
f 2864/8580/2145 2859/8579/2145 2857/8578/2145 2862/8577/2145
f 2863/8584/2146 2864/8583/2146 2862/8582/2146 2861/8581/2146
f 2862/8588/2147 2857/8587/2147 2858/8586/2147 2861/8585/2147
f 2863/8592/2148 2860/8591/2148 2859/8590/2148 2864/8589/2148
o cube
v -0.5317128960414892 1.9337396586943447 0.018514761290072346
v -0.5262393966701622 1.9426046306740878 0.055318505344590096
v -0.936028572420887 1.5796849438715042 0.16392678020731083
v -0.9305550730495599 1.5885499158512473 0.20073052426182858
v -0.48908827886841477 1.9019338403846688 0.05958977720608555
v -0.4945617782397418 1.8930688684049257 0.022786033151567797
v -0.8934039552478125 1.5478791255618283 0.20500179612332403
v -0.8988774546191396 1.5390141535820852 0.16819805206880628
vt 0.05859375 0.796875
vt 0.0625 0.796875
vt 0.0625 0.76171875
vt 0.05859375 0.76171875
vt 0.2578125 0.640625
vt 0.26171875 0.640625
vt 0.26171875 0.60546875
vt 0.2578125 0.60546875
vt 0.47265625 0.84375
vt 0.4765625 0.84375
vt 0.4765625 0.80859375
vt 0.47265625 0.80859375
vt 0.67578125 0.58984375
vt 0.6796875 0.58984375
vt 0.6796875 0.5546875
vt 0.67578125 0.5546875
vt 0.69921875 0.26953125
vt 0.6953125 0.26953125
vt 0.6953125 0.2734375
vt 0.69921875 0.2734375
vt 0.73046875 0.3046875
vt 0.7265625 0.3046875
vt 0.7265625 0.30078125
vt 0.73046875 0.30078125
vn 0.14309802277979364 0.23176397332661677 0.962189387046216
vn -0.6724184217510841 0.7361229011659518 -0.07730808799086789
vn -0.14309802277979364 -0.23176397332661677 -0.962189387046216
vn 0.6724184217510841 -0.7361229011659518 0.07730808799086789
vn 0.7262068727065968 0.6359312345268799 -0.26118009684281723
vn -0.7262068727065968 -0.6359312345268799 0.26118009684281723
usemtl m_91fe65ba-4f97-40fd-8230-0084d13434eb
f 2868/8596/2149 2871/8595/2149 2869/8594/2149 2866/8593/2149
f 2867/8600/2150 2868/8599/2150 2866/8598/2150 2865/8597/2150
f 2872/8604/2151 2867/8603/2151 2865/8602/2151 2870/8601/2151
f 2871/8608/2152 2872/8607/2152 2870/8606/2152 2869/8605/2152
f 2870/8612/2153 2865/8611/2153 2866/8610/2153 2869/8609/2153
f 2871/8616/2154 2868/8615/2154 2867/8614/2154 2872/8613/2154
o cube
v -0.5445199222526684 1.867571517600357 0.04960848547667118
v -0.5353974233004566 1.8823464708999287 0.1109480589008674
v -0.9611811154680782 1.5027059717905595 0.19946056604023749
v -0.9520586165158663 1.5174809250901313 0.2608001394644337
v -0.49824630549870896 1.8416756806105097 0.11521933076236285
v -0.5073688044509208 1.8269007273109379 0.053879757338166634
v -0.9149074987141189 1.4768101348007123 0.26507141132592915
v -0.9240299976663308 1.4620351815011405 0.2037318379017329
vt 0.67578125 0.5546875
vt 0.6796875 0.5546875
vt 0.6796875 0.51953125
vt 0.67578125 0.51953125
vt 0.67578125 0.51953125
vt 0.6796875 0.51953125
vt 0.6796875 0.484375
vt 0.67578125 0.484375
vt 0.67578125 0.484375
vt 0.6796875 0.484375
vt 0.6796875 0.44921875
vt 0.67578125 0.44921875
vt 0.67578125 0.44921875
vt 0.6796875 0.44921875
vt 0.6796875 0.4140625
vt 0.67578125 0.4140625
vt 0.703125 0.26953125
vt 0.69921875 0.26953125
vt 0.69921875 0.2734375
vt 0.703125 0.2734375
vt 0.73046875 0.30078125
vt 0.7265625 0.30078125
vt 0.7265625 0.296875
vt 0.73046875 0.296875
vn 0.14309802277979364 0.23176397332661677 0.962189387046216
vn -0.6724184217510841 0.7361229011659518 -0.07730808799086789
vn -0.14309802277979364 -0.23176397332661677 -0.962189387046216
vn 0.6724184217510841 -0.7361229011659518 0.07730808799086789
vn 0.7262068727065968 0.6359312345268799 -0.26118009684281723
vn -0.7262068727065968 -0.6359312345268799 0.26118009684281723
usemtl m_91fe65ba-4f97-40fd-8230-0084d13434eb
f 2876/8620/2155 2879/8619/2155 2877/8618/2155 2874/8617/2155
f 2875/8624/2156 2876/8623/2156 2874/8622/2156 2873/8621/2156
f 2880/8628/2157 2875/8627/2157 2873/8626/2157 2878/8625/2157
f 2879/8632/2158 2880/8631/2158 2878/8630/2158 2877/8629/2158
f 2878/8636/2159 2873/8635/2159 2874/8634/2159 2877/8633/2159
f 2879/8640/2160 2876/8639/2160 2875/8638/2160 2880/8637/2160
o cube
v -0.7443224828362982 1.8748044220285418 -0.09004106423054455
v -0.7807012482688105 1.9269573998221 -0.09459241928930301
v -1.345096023648611 1.4525334801787293 -0.12679656489518465
v -1.381474789081123 1.5046864579722874 -0.13134791995394307
v -0.7921876683355629 1.931138114824676 0.045123887118064254
v -0.7558089029030506 1.878985137031118 0.04967524217682272
v -1.3929612091478751 1.5088671729748633 0.008368386453424165
v -1.356582443715363 1.4567141951813052 0.012919741512182625
vt 0.1640625 0.53515625
vt 0.171875 0.53515625
vt 0.171875 0.48828125
vt 0.1640625 0.48828125
vt 0.6328125 0.40625
vt 0.63671875 0.40625
vt 0.63671875 0.359375
vt 0.6328125 0.359375
vt 0.46875 0.80859375
vt 0.4765625 0.80859375
vt 0.4765625 0.76171875
vt 0.46875 0.76171875
vt 0 0.36328125
vt 0.00390625 0.36328125
vt 0.00390625 0.31640625
vt 0 0.31640625
vt 0.71875 0.40234375
vt 0.7109375 0.40234375
vt 0.7109375 0.40625
vt 0.71875 0.40625
vt 0.68359375 0.28125
vt 0.67578125 0.28125
vt 0.67578125 0.27734375
vt 0.68359375 0.27734375
vn -0.570647300902153 0.8180859261734607 -0.07139380484327003
vn 0.08189960831908973 -0.029809019626209337 -0.9961946980917455
vn 0.570647300902153 -0.8180859261734607 0.07139380484327003
vn -0.08189960831908973 0.029809019626209337 0.9961946980917455
vn 0.8171010415672395 0.574322940292163 0.049990480332730555
vn -0.8171010415672395 -0.574322940292163 -0.049990480332730555
usemtl m_91fe65ba-4f97-40fd-8230-0084d13434eb
f 2884/8644/2161 2887/8643/2161 2885/8642/2161 2882/8641/2161
f 2883/8648/2162 2884/8647/2162 2882/8646/2162 2881/8645/2162
f 2888/8652/2163 2883/8651/2163 2881/8650/2163 2886/8649/2163
f 2887/8656/2164 2888/8655/2164 2886/8654/2164 2885/8653/2164
f 2886/8660/2165 2881/8659/2165 2882/8658/2165 2885/8657/2165
f 2887/8664/2166 2884/8663/2166 2883/8662/2166 2888/8661/2166
o cube
v -0.5546659416532287 2.0325149554303366 -0.15596030679746248
v -0.5764932009127359 2.063806742106472 -0.15869111983271755
v -1.1241853676255946 1.632211866046699 -0.1908036715893756
v -1.1460126268851019 1.663503652722834 -0.1935344846246307
v -0.5879796209794883 2.0679874571090475 -0.01897481342535029
v -0.5661523617199811 2.0366956704329127 -0.016244000390095208
v -1.157499046951854 1.6676843677254098 -0.053818178217263445
v -1.1356717876923468 1.636392581049275 -0.05108736518200836
vt 0.484375 0.84375
vt 0.4921875 0.84375
vt 0.4921875 0.80078125
vt 0.484375 0.80078125
vt 0.5390625 0.3359375
vt 0.54296875 0.3359375
vt 0.54296875 0.29296875
vt 0.5390625 0.29296875
vt 0.18359375 0.515625
vt 0.19140625 0.515625
vt 0.19140625 0.47265625
vt 0.18359375 0.47265625
vt 0.6640625 0.4609375
vt 0.66796875 0.4609375
vt 0.66796875 0.41796875
vt 0.6640625 0.41796875
vt 0.7265625 0.31640625
vt 0.71875 0.31640625
vt 0.71875 0.3203125
vt 0.7265625 0.3203125
vt 0.69140625 0.28125
vt 0.68359375 0.28125
vt 0.68359375 0.27734375
vt 0.69140625 0.27734375
vn -0.570647300902153 0.8180859261734607 -0.07139380484327003
vn 0.08189960831908973 -0.029809019626209337 -0.9961946980917455
vn 0.570647300902153 -0.8180859261734607 0.07139380484327003
vn -0.08189960831908973 0.029809019626209337 0.9961946980917455
vn 0.8171010415672395 0.574322940292163 0.049990480332730555
vn -0.8171010415672395 -0.574322940292163 -0.049990480332730555
usemtl m_91fe65ba-4f97-40fd-8230-0084d13434eb
f 2892/8668/2167 2895/8667/2167 2893/8666/2167 2890/8665/2167
f 2891/8672/2168 2892/8671/2168 2890/8670/2168 2889/8669/2168
f 2896/8676/2169 2891/8675/2169 2889/8674/2169 2894/8673/2169
f 2895/8680/2170 2896/8679/2170 2894/8678/2170 2893/8677/2170
f 2894/8684/2171 2889/8683/2171 2890/8682/2171 2893/8681/2171
f 2895/8688/2172 2892/8687/2172 2891/8686/2172 2896/8685/2172
o cube
v -0.596676542933239 2.022244581856987 -0.11644443901304194
v -0.6330553083657513 2.0743975596505453 -0.1209957940718004
v -1.1974500837455522 1.5999736400071742 -0.15319993967768203
v -1.2338288491780642 1.6521266178007323 -0.1577512947364405
v -0.6445417284325037 2.078578274653121 0.01872051233556686
v -0.6081629629999914 2.0264252968595633 0.023271867394325324
v -1.2453152692448164 1.656307332803308 -0.018034988329073243
v -1.2089365038123043 1.60415435500975 -0.013483633270314783
vt 0.46875 0.76171875
vt 0.4765625 0.76171875
vt 0.4765625 0.71484375
vt 0.46875 0.71484375
vt 0.63671875 1
vt 0.640625 1
vt 0.640625 0.953125
vt 0.63671875 0.953125
vt 0.46875 0.5390625
vt 0.4765625 0.5390625
vt 0.4765625 0.4921875
vt 0.46875 0.4921875
vt 0.00390625 0.36328125
vt 0.0078125 0.36328125
vt 0.0078125 0.31640625
vt 0.00390625 0.31640625
vt 0.7265625 0.3125
vt 0.71875 0.3125
vt 0.71875 0.31640625
vt 0.7265625 0.31640625
vt 0.7265625 0.3125
vt 0.71875 0.3125
vt 0.71875 0.30859375
vt 0.7265625 0.30859375
vn -0.570647300902153 0.8180859261734607 -0.07139380484327003
vn 0.08189960831908973 -0.029809019626209337 -0.9961946980917455
vn 0.570647300902153 -0.8180859261734607 0.07139380484327003
vn -0.08189960831908973 0.029809019626209337 0.9961946980917455
vn 0.8171010415672395 0.574322940292163 0.049990480332730555
vn -0.8171010415672395 -0.574322940292163 -0.049990480332730555
usemtl m_91fe65ba-4f97-40fd-8230-0084d13434eb
f 2900/8692/2173 2903/8691/2173 2901/8690/2173 2898/8689/2173
f 2899/8696/2174 2900/8695/2174 2898/8694/2174 2897/8693/2174
f 2904/8700/2175 2899/8699/2175 2897/8698/2175 2902/8697/2175
f 2903/8704/2176 2904/8703/2176 2902/8702/2176 2901/8701/2176
f 2902/8708/2177 2897/8707/2177 2898/8706/2177 2901/8705/2177
f 2903/8712/2178 2900/8711/2178 2899/8710/2178 2904/8709/2178
o cube
v -0.567879622941176 1.6684770291590392 -0.08818297522130976
v -0.6107462973278075 1.7154048641083686 -0.09311136583072756
v -1.1087487935478257 1.1713074723179568 -0.11777240809380955
v -1.1516154679344572 1.2182353072672862 -0.12270079870322735
v -0.6222327173945599 1.7195855791109445 0.046604940576639706
v -0.5793660430079284 1.672657744161615 0.051533331186057504
v -1.1631018880012096 1.2224160222698621 0.017015507704139923
v -1.120235213614578 1.1754881873205325 0.02194389831355772
vt 0 0.52734375
vt 0.0078125 0.52734375
vt 0.0078125 0.48046875
vt 0 0.48046875
vt 0.0078125 0.36328125
vt 0.01171875 0.36328125
vt 0.01171875 0.31640625
vt 0.0078125 0.31640625
vt 0.0078125 0.52734375
vt 0.015625 0.52734375
vt 0.015625 0.48046875
vt 0.0078125 0.48046875
vt 0.01171875 0.36328125
vt 0.015625 0.36328125
vt 0.015625 0.31640625
vt 0.01171875 0.31640625
vt 0.7265625 0.3046875
vt 0.71875 0.3046875
vt 0.71875 0.30859375
vt 0.7265625 0.30859375
vt 0.7265625 0.3046875
vt 0.71875 0.3046875
vt 0.71875 0.30078125
vt 0.7265625 0.30078125
vn -0.672418421751084 0.7361229011659518 -0.07730808799086741
vn 0.08189960831908974 -0.029809019626209337 -0.9961946980917455
vn 0.672418421751084 -0.7361229011659518 0.07730808799086741
vn -0.08189960831908974 0.029809019626209337 0.9961946980917455
vn 0.7356262095976197 0.6761911687739989 0.04024404334920073
vn -0.7356262095976197 -0.6761911687739989 -0.04024404334920073
usemtl m_91fe65ba-4f97-40fd-8230-0084d13434eb
f 2908/8716/2179 2911/8715/2179 2909/8714/2179 2906/8713/2179
f 2907/8720/2180 2908/8719/2180 2906/8718/2180 2905/8717/2180
f 2912/8724/2181 2907/8723/2181 2905/8722/2181 2910/8721/2181
f 2911/8728/2182 2912/8727/2182 2910/8726/2182 2909/8725/2182
f 2910/8732/2183 2905/8731/2183 2906/8730/2183 2909/8729/2183
f 2911/8736/2184 2908/8735/2184 2907/8734/2184 2912/8733/2184
o cube
v -0.4005555233843948 1.8487750837728674 -0.15661410636775153
v -0.4262755280163737 1.876931784742465 -0.1595711407334022
v -0.9132869914739358 1.37746983913739 -0.1846642045821444
v -0.9390069961059146 1.4056265401069876 -0.18762123894779506
v -0.4377619480831261 1.8811124997450408 -0.019854834326034937
v -0.4120419434511472 1.8529557987754433 -0.01689779996038426
v -0.950493416172667 1.4098072551095635 -0.047904932540427825
v -0.924773411540688 1.381650554139966 -0.044947898174777144
vt 0.484375 0.80078125
vt 0.4921875 0.80078125
vt 0.4921875 0.7578125
vt 0.484375 0.7578125
vt 0.54296875 0.3359375
vt 0.546875 0.3359375
vt 0.546875 0.29296875
vt 0.54296875 0.29296875
vt 0.484375 0.7578125
vt 0.4921875 0.7578125
vt 0.4921875 0.71484375
vt 0.484375 0.71484375
vt 0.546875 0.3359375
vt 0.55078125 0.3359375
vt 0.55078125 0.29296875
vt 0.546875 0.29296875
vt 0.7265625 0.296875
vt 0.71875 0.296875
vt 0.71875 0.30078125
vt 0.7265625 0.30078125
vt 0.7109375 0.28125
vt 0.703125 0.28125
vt 0.703125 0.27734375
vt 0.7109375 0.27734375
vn -0.672418421751084 0.7361229011659518 -0.07730808799086741
vn 0.08189960831908974 -0.029809019626209337 -0.9961946980917455
vn 0.672418421751084 -0.7361229011659518 0.07730808799086741
vn -0.08189960831908974 0.029809019626209337 0.9961946980917455
vn 0.7356262095976197 0.6761911687739989 0.04024404334920073
vn -0.7356262095976197 -0.6761911687739989 -0.04024404334920073
usemtl m_91fe65ba-4f97-40fd-8230-0084d13434eb
f 2916/8740/2185 2919/8739/2185 2917/8738/2185 2914/8737/2185
f 2915/8744/2186 2916/8743/2186 2914/8742/2186 2913/8741/2186
f 2920/8748/2187 2915/8747/2187 2913/8746/2187 2918/8745/2187
f 2919/8752/2188 2920/8751/2188 2918/8750/2188 2917/8749/2188
f 2918/8756/2189 2913/8755/2189 2914/8754/2189 2917/8753/2189
f 2919/8760/2190 2916/8759/2190 2915/8758/2190 2920/8757/2190
o cube
v -0.44074729413239133 1.8335632218912419 -0.11680084447884284
v -0.48361396851902283 1.8804910568405713 -0.12172923508826064
v -0.9816164647390413 1.336393665050159 -0.14639027735134266
v -1.0244831391256728 1.3833214999994885 -0.15131866796076046
v -0.4951003885857752 1.8846717718431472 0.017987071319106623
v -0.4522337141991437 1.8377439368938178 0.02291546192852442
v -1.0359695591924252 1.3875022150020644 -0.011602361553393187
v -0.9931028848057936 1.340574380052735 -0.006673970943975392
vt 0.0546875 0.5234375
vt 0.0625 0.5234375
vt 0.0625 0.4765625
vt 0.0546875 0.4765625
vt 0.63671875 0.9375
vt 0.640625 0.9375
vt 0.640625 0.890625
vt 0.63671875 0.890625
vt 0.0625 0.5234375
vt 0.0703125 0.5234375
vt 0.0703125 0.4765625
vt 0.0625 0.4765625
vt 0.63671875 0.890625
vt 0.640625 0.890625
vt 0.640625 0.84375
vt 0.63671875 0.84375
vt 0.7265625 0.29296875
vt 0.71875 0.29296875
vt 0.71875 0.296875
vt 0.7265625 0.296875
vt 0.7265625 0.29296875
vt 0.71875 0.29296875
vt 0.71875 0.2890625
vt 0.7265625 0.2890625
vn -0.672418421751084 0.7361229011659518 -0.07730808799086741
vn 0.08189960831908974 -0.029809019626209337 -0.9961946980917455
vn 0.672418421751084 -0.7361229011659518 0.07730808799086741
vn -0.08189960831908974 0.029809019626209337 0.9961946980917455
vn 0.7356262095976197 0.6761911687739989 0.04024404334920073
vn -0.7356262095976197 -0.6761911687739989 -0.04024404334920073
usemtl m_91fe65ba-4f97-40fd-8230-0084d13434eb
f 2924/8764/2191 2927/8763/2191 2925/8762/2191 2922/8761/2191
f 2923/8768/2192 2924/8767/2192 2922/8766/2192 2921/8765/2192
f 2928/8772/2193 2923/8771/2193 2921/8770/2193 2926/8769/2193
f 2927/8776/2194 2928/8775/2194 2926/8774/2194 2925/8773/2194
f 2926/8780/2195 2921/8779/2195 2922/8778/2195 2925/8777/2195
f 2927/8784/2196 2924/8783/2196 2923/8782/2196 2928/8781/2196
o cube
v -0.7001006018596481 1.8057190388631614 0.02272493146268173
v -0.7260555443149397 1.8308286860642868 0.07525976828147762
v -1.2409697724662978 1.3085494820220789 -0.0068645014098180634
v -1.2669247149215894 1.3336591292232045 0.04567033540897786
v -0.696144209199453 1.7964302226488347 0.10647867675478678
v -0.6701892667441613 1.7713205754477093 0.05394383993599089
v -1.2370133798061027 1.2992606658077523 0.07688924388228702
v -1.211058437350811 1.2741510186066267 0.024354407063491068
vt 0.63671875 0.78125
vt 0.640625 0.78125
vt 0.640625 0.734375
vt 0.63671875 0.734375
vt 0.63671875 0.734375
vt 0.640625 0.734375
vt 0.640625 0.6875
vt 0.63671875 0.6875
vt 0.63671875 0.6875
vt 0.640625 0.6875
vt 0.640625 0.640625
vt 0.63671875 0.640625
vt 0.63671875 0.640625
vt 0.640625 0.640625
vt 0.640625 0.59375
vt 0.63671875 0.59375
vt 0.70703125 0.26953125
vt 0.703125 0.26953125
vt 0.703125 0.2734375
vt 0.70703125 0.2734375
vt 0.73046875 0.296875
vt 0.7265625 0.296875
vt 0.7265625 0.29296875
vt 0.73046875 0.29296875
vn -0.40713635223986916 0.3938768188411822 0.8240758716673872
vn -0.5413816310495326 0.6225966229041111 -0.5650481171639667
vn 0.40713635223986916 -0.3938768188411822 -0.8240758716673872
vn 0.5413816310495326 -0.6225966229041111 0.5650481171639667
vn 0.7356262095976197 0.6761911687739988 0.04024404334920072
vn -0.7356262095976197 -0.6761911687739988 -0.04024404334920072
usemtl m_91fe65ba-4f97-40fd-8230-0084d13434eb
f 2932/8788/2197 2935/8787/2197 2933/8786/2197 2930/8785/2197
f 2931/8792/2198 2932/8791/2198 2930/8790/2198 2929/8789/2198
f 2936/8796/2199 2931/8795/2199 2929/8794/2199 2934/8793/2199
f 2935/8800/2200 2936/8799/2200 2934/8798/2200 2933/8797/2200
f 2934/8804/2201 2929/8803/2201 2930/8802/2201 2933/8801/2201
f 2935/8808/2202 2932/8807/2202 2931/8806/2202 2936/8805/2202
o cube
v -0.5736928243420307 2.0271988500312776 0.010261804728500523
v -0.5892657898152056 2.042264638351953 0.04178270681977808
v -1.0864242924315715 1.5558936053958001 -0.017788293485892392
v -1.1019972579047466 1.5709593937164754 0.013732608605385166
v -0.5593544546997189 2.0078661749365008 0.07300161529308724
v -0.543781489226544 1.9928003866158253 0.04148071320180968
v -1.0720859227892598 1.5365609303010233 0.044951517078694325
v -1.056512957316085 1.521495141980348 0.013430614987416767
vt 0.55078125 0.3359375
vt 0.5546875 0.3359375
vt 0.5546875 0.29296875
vt 0.55078125 0.29296875
vt 0.5546875 0.3359375
vt 0.55859375 0.3359375
vt 0.55859375 0.29296875
vt 0.5546875 0.29296875
vt 0.6640625 0.41796875
vt 0.66796875 0.41796875
vt 0.66796875 0.375
vt 0.6640625 0.375
vt 0.6640625 0.375
vt 0.66796875 0.375
vt 0.66796875 0.33203125
vt 0.6640625 0.33203125
vt 0.7109375 0.26953125
vt 0.70703125 0.26953125
vt 0.70703125 0.2734375
vt 0.7109375 0.2734375
vt 0.73046875 0.29296875
vt 0.7265625 0.29296875
vt 0.7265625 0.2890625
vt 0.73046875 0.2890625
vn -0.40713635223986916 0.3938768188411822 0.8240758716673872
vn -0.5413816310495326 0.6225966229041111 -0.5650481171639667
vn 0.40713635223986916 -0.3938768188411822 -0.8240758716673872
vn 0.5413816310495326 -0.6225966229041111 0.5650481171639667
vn 0.7356262095976197 0.6761911687739988 0.04024404334920072
vn -0.7356262095976197 -0.6761911687739988 -0.04024404334920072
usemtl m_91fe65ba-4f97-40fd-8230-0084d13434eb
f 2940/8812/2203 2943/8811/2203 2941/8810/2203 2938/8809/2203
f 2939/8816/2204 2940/8815/2204 2938/8814/2204 2937/8813/2204
f 2944/8820/2205 2939/8819/2205 2937/8818/2205 2942/8817/2205
f 2943/8824/2206 2944/8823/2206 2942/8822/2206 2941/8821/2206
f 2942/8828/2207 2937/8827/2207 2938/8826/2207 2941/8825/2207
f 2943/8832/2208 2940/8831/2208 2939/8830/2208 2944/8829/2208
o cube
v -0.5840127960305925 1.9798961107924726 0.043243982413621374
v -0.6099677384858841 2.0050057579935983 0.09577881923241732
v -1.1248819666372425 1.4827265539513896 0.01365454954112158
v -1.150836909092534 1.5078362011525153 0.0661893863599175
v -0.5800564033703974 1.9706072945781459 0.12699772770572648
v -0.5541014609151058 1.9454976473770205 0.07446289088693053
v -1.1209255739770474 1.473437737737063 0.09740829483322666
v -1.0949706315217558 1.4483280905359375 0.04487345801443071
vt 0.63671875 0.59375
vt 0.640625 0.59375
vt 0.640625 0.546875
vt 0.63671875 0.546875
vt 0.63671875 0.546875
vt 0.640625 0.546875
vt 0.640625 0.5
vt 0.63671875 0.5
vt 0.63671875 0.5
vt 0.640625 0.5
vt 0.640625 0.453125
vt 0.63671875 0.453125
vt 0.52734375 0.36328125
vt 0.53125 0.36328125
vt 0.53125 0.31640625
vt 0.52734375 0.31640625
vt 0.71484375 0.26953125
vt 0.7109375 0.26953125
vt 0.7109375 0.2734375
vt 0.71484375 0.2734375
vt 0.73046875 0.2890625
vt 0.7265625 0.2890625
vt 0.7265625 0.28515625
vt 0.73046875 0.28515625
vn -0.40713635223986916 0.3938768188411822 0.8240758716673872
vn -0.5413816310495326 0.6225966229041111 -0.5650481171639667
vn 0.40713635223986916 -0.3938768188411822 -0.8240758716673872
vn 0.5413816310495326 -0.6225966229041111 0.5650481171639667
vn 0.7356262095976197 0.6761911687739988 0.04024404334920072
vn -0.7356262095976197 -0.6761911687739988 -0.04024404334920072
usemtl m_91fe65ba-4f97-40fd-8230-0084d13434eb
f 2948/8836/2209 2951/8835/2209 2949/8834/2209 2946/8833/2209
f 2947/8840/2210 2948/8839/2210 2946/8838/2210 2945/8837/2210
f 2952/8844/2211 2947/8843/2211 2945/8842/2211 2950/8841/2211
f 2951/8848/2212 2952/8847/2212 2950/8846/2212 2949/8845/2212
f 2950/8852/2213 2945/8851/2213 2946/8850/2213 2949/8849/2213
f 2951/8856/2214 2948/8855/2214 2947/8854/2214 2952/8853/2214
o cube
v -0.6728562183458664 1.7907950887968744 -0.22452257427825079
v -0.7084685872105603 1.8315431143405427 -0.2582185695616304
v -1.2137253889525161 1.2936255319557919 -0.25411200715075055
v -1.24933775781721 1.3343735574994602 -0.2878080024341302
v -0.7296367469852663 1.8517836563701064 -0.21136996264422048
v -0.6940243781205724 1.8110356308264381 -0.17767396736084085
v -1.2705059175919162 1.354614099529024 -0.24095939551672024
v -1.2348935487272223 1.3138660739853556 -0.2072634002333406
vt 0.63671875 0.453125
vt 0.640625 0.453125
vt 0.640625 0.40625
vt 0.63671875 0.40625
vt 0.63671875 0.40625
vt 0.640625 0.40625
vt 0.640625 0.359375
vt 0.63671875 0.359375
vt 0.640625 1
vt 0.64453125 1
vt 0.64453125 0.953125
vt 0.640625 0.953125
vt 0.640625 0.953125
vt 0.64453125 0.953125
vt 0.64453125 0.90625
vt 0.640625 0.90625
vt 0.71875 0.26953125
vt 0.71484375 0.26953125
vt 0.71484375 0.2734375
vt 0.71875 0.2734375
vt 0.73046875 0.28515625
vt 0.7265625 0.28515625
vt 0.7265625 0.28125
vt 0.73046875 0.28125
vn -0.5586253939559818 0.6391847144104825 -0.5285646318961513
vn 0.383134113569339 -0.3663446521187981 -0.8479385867404513
vn 0.5586253939559818 -0.6391847144104825 0.5285646318961513
vn -0.383134113569339 0.3663446521187981 0.8479385867404513
vn 0.7356262095976197 0.6761911687739989 0.040244043349200696
vn -0.7356262095976197 -0.6761911687739989 -0.040244043349200696
usemtl m_91fe65ba-4f97-40fd-8230-0084d13434eb
f 2956/8860/2215 2959/8859/2215 2957/8858/2215 2954/8857/2215
f 2955/8864/2216 2956/8863/2216 2954/8862/2216 2953/8861/2216
f 2960/8868/2217 2955/8867/2217 2953/8866/2217 2958/8865/2217
f 2959/8872/2218 2960/8871/2218 2958/8870/2218 2957/8869/2218
f 2958/8876/2219 2953/8875/2219 2954/8874/2219 2957/8873/2219
f 2959/8880/2220 2956/8879/2220 2955/8878/2220 2960/8877/2220
o cube
v -0.5382054763047753 1.9989269755369312 -0.16338455100461424
v -0.5595728976235916 2.023375790863132 -0.18360214817464202
v -1.0509369443943162 1.5276217309014541 -0.1914346492190071
v -1.0723043657131326 1.5520705462276552 -0.2116522463890349
v -0.5807410573982976 2.0436163328926957 -0.1367535412572321
v -0.5593736360794813 2.019167517566495 -0.11653594408720432
v -1.0934725254878384 1.5723110882572187 -0.16480363947162496
v -1.0721051041690222 1.5478622729310176 -0.1445860423015972
vt 0.66796875 1
vt 0.671875 1
vt 0.671875 0.95703125
vt 0.66796875 0.95703125
vt 0.66796875 0.95703125
vt 0.671875 0.95703125
vt 0.671875 0.9140625
vt 0.66796875 0.9140625
vt 0.66796875 0.9140625
vt 0.671875 0.9140625
vt 0.671875 0.87109375
vt 0.66796875 0.87109375
vt 0.66796875 0.87109375
vt 0.671875 0.87109375
vt 0.671875 0.828125
vt 0.66796875 0.828125
vt 0.72265625 0.26953125
vt 0.71875 0.26953125
vt 0.71875 0.2734375
vt 0.72265625 0.2734375
vt 0.73046875 0.28125
vt 0.7265625 0.28125
vt 0.7265625 0.27734375
vt 0.73046875 0.27734375
vn -0.5586253939559818 0.6391847144104825 -0.5285646318961513
vn 0.383134113569339 -0.3663446521187981 -0.8479385867404513
vn 0.5586253939559818 -0.6391847144104825 0.5285646318961513
vn -0.383134113569339 0.3663446521187981 0.8479385867404513
vn 0.7356262095976197 0.6761911687739989 0.040244043349200696
vn -0.7356262095976197 -0.6761911687739989 -0.040244043349200696
usemtl m_91fe65ba-4f97-40fd-8230-0084d13434eb
f 2964/8884/2221 2967/8883/2221 2965/8882/2221 2962/8881/2221
f 2963/8888/2222 2964/8887/2222 2962/8886/2222 2961/8885/2222
f 2968/8892/2223 2963/8891/2223 2961/8890/2223 2966/8889/2223
f 2967/8896/2224 2968/8895/2224 2966/8894/2224 2965/8893/2224
f 2966/8900/2225 2961/8899/2225 2962/8898/2225 2965/8897/2225
f 2967/8904/2226 2964/8903/2226 2963/8902/2226 2968/8901/2226
o cube
v -0.5571824527681258 1.9656426207250108 -0.20770047465586633
v -0.5927948216328196 2.006390646268679 -0.24139646993924596
v -1.098051623374776 1.468473063883928 -0.23728990752836612
v -1.1336639922394696 1.5092210894275961 -0.2709859028117457
v -0.6139629814075256 2.026631188298243 -0.19454786302183602
v -0.5783506125428318 1.9858831627545745 -0.1608518677384564
v -1.1548321520141758 1.5294616314571599 -0.22413729589433581
v -1.119219783149482 1.4887136059134916 -0.19044130061095618
vt 0.0546875 0.359375
vt 0.05859375 0.359375
vt 0.05859375 0.3125
vt 0.0546875 0.3125
vt 0.05859375 0.359375
vt 0.0625 0.359375
vt 0.0625 0.3125
vt 0.05859375 0.3125
vt 0.0625 0.359375
vt 0.06640625 0.359375
vt 0.06640625 0.3125
vt 0.0625 0.3125
vt 0.06640625 0.359375
vt 0.0703125 0.359375
vt 0.0703125 0.3125
vt 0.06640625 0.3125
vt 0.7265625 0.26953125
vt 0.72265625 0.26953125
vt 0.72265625 0.2734375
vt 0.7265625 0.2734375
vt 0.73046875 0.27734375
vt 0.7265625 0.27734375
vt 0.7265625 0.2734375
vt 0.73046875 0.2734375
vn -0.5586253939559818 0.6391847144104825 -0.5285646318961513
vn 0.383134113569339 -0.3663446521187981 -0.8479385867404513
vn 0.5586253939559818 -0.6391847144104825 0.5285646318961513
vn -0.383134113569339 0.3663446521187981 0.8479385867404513
vn 0.7356262095976197 0.6761911687739989 0.040244043349200696
vn -0.7356262095976197 -0.6761911687739989 -0.040244043349200696
usemtl m_91fe65ba-4f97-40fd-8230-0084d13434eb
f 2972/8908/2227 2975/8907/2227 2973/8906/2227 2970/8905/2227
f 2971/8912/2228 2972/8911/2228 2970/8910/2228 2969/8909/2228
f 2976/8916/2229 2971/8915/2229 2969/8914/2229 2974/8913/2229
f 2975/8920/2230 2976/8919/2230 2974/8918/2230 2973/8917/2230
f 2974/8924/2231 2969/8923/2231 2970/8922/2231 2973/8921/2231
f 2975/8928/2232 2972/8927/2232 2971/8926/2232 2976/8925/2232
o cube
v -0.529476458514544 1.813023367779142 -0.19223580184156336
v -0.5103950563613535 1.8241735767476193 -0.2520324190688573
v -1.027205047646412 1.3322737404543812 -0.44070835543230436
v -1.0081236454932219 1.3434239494228584 -0.5005049726595983
v -0.5475461741631009 1.864844367037038 -0.25630369093035277
v -0.5666275763162913 1.8536941580685609 -0.1965070737030588
v -1.0452747632949693 1.3840947397122771 -0.5047762445210937
v -1.0643561654481595 1.3729445307438 -0.44497962729379975
vt 0.0703125 0.359375
vt 0.07421875 0.359375
vt 0.07421875 0.3125
vt 0.0703125 0.3125
vt 0.07421875 0.359375
vt 0.078125 0.359375
vt 0.078125 0.3125
vt 0.07421875 0.3125
vt 0.078125 0.359375
vt 0.08203125 0.359375
vt 0.08203125 0.3125
vt 0.078125 0.3125
vt 0.08203125 0.359375
vt 0.0859375 0.359375
vt 0.0859375 0.3125
vt 0.08203125 0.3125
vt 0.73046875 0.26953125
vt 0.7265625 0.26953125
vt 0.7265625 0.2734375
vt 0.73046875 0.2734375
vt 0.00390625 0.26953125
vt 0 0.26953125
vt 0 0.265625
vt 0.00390625 0.265625
vn 0.2993161122069063 0.17490523872121194 -0.9379861525850042
vn 0.672418421751084 -0.7361229011659517 0.077308087990867
vn -0.2993161122069063 -0.17490523872121194 0.9379861525850042
vn -0.672418421751084 0.7361229011659517 -0.077308087990867
vn 0.6769514983092393 0.6538587246851556 0.33794294946037556
vn -0.6769514983092393 -0.6538587246851556 -0.33794294946037556
usemtl m_91fe65ba-4f97-40fd-8230-0084d13434eb
f 2980/8932/2233 2983/8931/2233 2981/8930/2233 2978/8929/2233
f 2979/8936/2234 2980/8935/2234 2978/8934/2234 2977/8933/2234
f 2984/8940/2235 2979/8939/2235 2977/8938/2235 2982/8937/2235
f 2983/8944/2236 2984/8943/2236 2982/8942/2236 2981/8941/2236
f 2982/8948/2237 2977/8947/2237 2978/8946/2237 2981/8945/2237
f 2983/8952/2238 2980/8951/2238 2979/8950/2238 2984/8949/2238
o cube
v -0.5186200734287547 1.9265959453240549 -0.1947796242948569
v -0.5071712321368407 1.9332860707051411 -0.2306575946312333
v -0.8811276007733524 1.5764545982551539 -0.3757480737308879
v -0.8696787594814382 1.5831447236362401 -0.41162604406726433
v -0.5443223499385881 1.97395686099456 -0.2349288664927287
v -0.5557711912305022 1.9672667356134736 -0.1990508961563523
v -0.9068298772831856 1.623815513925659 -0.4158973159287597
v -0.9182787185750998 1.6171253885445727 -0.3800193455923833
vt 0.67578125 0.4140625
vt 0.6796875 0.4140625
vt 0.6796875 0.37890625
vt 0.67578125 0.37890625
vt 0.6640625 0.32421875
vt 0.66796875 0.32421875
vt 0.66796875 0.2890625
vt 0.6640625 0.2890625
vt 0.66796875 0.32421875
vt 0.671875 0.32421875
vt 0.671875 0.2890625
vt 0.66796875 0.2890625
vt 0.671875 0.32421875
vt 0.67578125 0.32421875
vt 0.67578125 0.2890625
vt 0.671875 0.2890625
vt 0.734375 0.99609375
vt 0.73046875 0.99609375
vt 0.73046875 1
vt 0.734375 1
vt 0.0078125 0.26953125
vt 0.00390625 0.26953125
vt 0.00390625 0.265625
vt 0.0078125 0.265625
vn 0.2993161122069063 0.17490523872121194 -0.9379861525850042
vn 0.672418421751084 -0.7361229011659517 0.077308087990867
vn -0.2993161122069063 -0.17490523872121194 0.9379861525850042
vn -0.672418421751084 0.7361229011659517 -0.077308087990867
vn 0.6769514983092393 0.6538587246851556 0.33794294946037556
vn -0.6769514983092393 -0.6538587246851556 -0.33794294946037556
usemtl m_91fe65ba-4f97-40fd-8230-0084d13434eb
f 2988/8956/2239 2991/8955/2239 2989/8954/2239 2986/8953/2239
f 2987/8960/2240 2988/8959/2240 2986/8958/2240 2985/8957/2240
f 2992/8964/2241 2987/8963/2241 2985/8962/2241 2990/8961/2241
f 2991/8968/2242 2992/8967/2242 2990/8966/2242 2989/8965/2242
f 2990/8972/2243 2985/8971/2243 2986/8970/2243 2989/8969/2243
f 2991/8976/2244 2988/8975/2244 2987/8974/2244 2992/8973/2244
o cube
v -0.48910305394151 1.8947618642382853 -0.2048896115359104
v -0.4700216517883198 1.9059120732067625 -0.26468622876320436
v -0.9005203270389499 1.4973792243108819 -0.41027443907045347
v -0.8814389248857597 1.5085294332793593 -0.4700710562977474
v -0.5071727695900672 1.9465828634961815 -0.26895750062469975
v -0.5262541717432574 1.9354326545277043 -0.2091608833974058
v -0.9185900426875071 1.549200223568778 -0.4743423281592428
v -0.9376714448406973 1.5380500146003007 -0.41454571093194886
vt 0.671875 0.3984375
vt 0.67578125 0.3984375
vt 0.67578125 0.359375
vt 0.671875 0.359375
vt 0.61328125 0.328125
vt 0.6171875 0.328125
vt 0.6171875 0.2890625
vt 0.61328125 0.2890625
vt 0.015625 0.32421875
vt 0.01953125 0.32421875
vt 0.01953125 0.28515625
vt 0.015625 0.28515625
vt 0.01953125 0.32421875
vt 0.0234375 0.32421875
vt 0.0234375 0.28515625
vt 0.01953125 0.28515625
vt 0.734375 0.9921875
vt 0.73046875 0.9921875
vt 0.73046875 0.99609375
vt 0.734375 0.99609375
vt 0.01171875 0.26953125
vt 0.0078125 0.26953125
vt 0.0078125 0.265625
vt 0.01171875 0.265625
vn 0.2993161122069063 0.17490523872121194 -0.9379861525850042
vn 0.672418421751084 -0.7361229011659517 0.077308087990867
vn -0.2993161122069063 -0.17490523872121194 0.9379861525850042
vn -0.672418421751084 0.7361229011659517 -0.077308087990867
vn 0.6769514983092393 0.6538587246851556 0.33794294946037556
vn -0.6769514983092393 -0.6538587246851556 -0.33794294946037556
usemtl m_91fe65ba-4f97-40fd-8230-0084d13434eb
f 2996/8980/2245 2999/8979/2245 2997/8978/2245 2994/8977/2245
f 2995/8984/2246 2996/8983/2246 2994/8982/2246 2993/8981/2246
f 3000/8988/2247 2995/8987/2247 2993/8986/2247 2998/8985/2247
f 2999/8992/2248 3000/8991/2248 2998/8990/2248 2997/8989/2248
f 2998/8996/2249 2993/8995/2249 2994/8994/2249 2997/8993/2249
f 2999/9000/2250 2996/8999/2250 2995/8998/2250 3000/8997/2250
o cube
v -0.5977392749581143 1.7210670851995369 -0.06417958836359494
v -0.5474880725383684 1.6834280402188213 -0.07523316010803105
v -1.0447594773847866 1.139683700272423 -0.11670444774568214
v -0.9945082749650406 1.1020446552917078 -0.12775801949011828
v -0.5527327200594883 1.692363585394383 -0.12950296943876954
v -0.6029839224792342 1.7300026303750986 -0.11844939769433341
v -0.9997529224861603 1.1109802004672695 -0.18202782882085675
v -1.0500041249059062 1.1486192454479847 -0.17097425707642064
vt 0.640625 0.90625
vt 0.64453125 0.90625
vt 0.64453125 0.859375
vt 0.640625 0.859375
vt 0.21484375 0.359375
vt 0.21875 0.359375
vt 0.21875 0.3125
vt 0.21484375 0.3125
vt 0.21875 0.359375
vt 0.22265625 0.359375
vt 0.22265625 0.3125
vt 0.21875 0.3125
vt 0.640625 0.78125
vt 0.64453125 0.78125
vt 0.64453125 0.734375
vt 0.640625 0.734375
vt 0.734375 0.98828125
vt 0.73046875 0.98828125
vt 0.73046875 0.9921875
vt 0.734375 0.9921875
vt 0.015625 0.26953125
vt 0.01171875 0.26953125
vt 0.01171875 0.265625
vt 0.015625 0.265625
vn 0.7882541556038588 -0.5904163918543593 -0.17338936069703711
vn 0.09492574698859194 -0.16172932444455548 0.9822589924115561
vn -0.7882541556038588 0.5904163918543593 0.17338936069703711
vn -0.09492574698859194 0.16172932444455548 -0.9822589924115561
vn 0.6079839543375347 0.790728847231709 0.07143809504534143
vn -0.6079839543375347 -0.790728847231709 -0.07143809504534143
usemtl m_91fe65ba-4f97-40fd-8230-0084d13434eb
f 3004/9004/2251 3007/9003/2251 3005/9002/2251 3002/9001/2251
f 3003/9008/2252 3004/9007/2252 3002/9006/2252 3001/9005/2252
f 3008/9012/2253 3003/9011/2253 3001/9010/2253 3006/9009/2253
f 3007/9016/2254 3008/9015/2254 3006/9014/2254 3005/9013/2254
f 3006/9020/2255 3001/9019/2255 3002/9018/2255 3005/9017/2255
f 3007/9024/2256 3004/9023/2256 3003/9022/2256 3008/9021/2256
o cube
v -0.4376165006965753 1.909937823769141 -0.12643795145611952
v -0.4074657792447278 1.8873543967807116 -0.1330700945027812
v -0.8613813168698371 1.3587998172486397 -0.17623030370272247
v -0.8312305954179895 1.3362163902602104 -0.18286244674938412
v -0.41271042676584746 1.8962899419562733 -0.18733990383351967
v -0.4428611482176952 1.9188733689447026 -0.180707760786858
v -0.8364752429391092 1.3451519354357722 -0.23713225608012262
v -0.8666259643909568 1.3677353624242015 -0.23050011303346093
vt 0.66796875 0.8046875
vt 0.671875 0.8046875
vt 0.671875 0.76171875
vt 0.66796875 0.76171875
vt 0.66796875 0.76171875
vt 0.671875 0.76171875
vt 0.671875 0.71875
vt 0.66796875 0.71875
vt 0.66796875 0.71875
vt 0.671875 0.71875
vt 0.671875 0.67578125
vt 0.66796875 0.67578125
vt 0.66796875 0.67578125
vt 0.671875 0.67578125
vt 0.671875 0.6328125
vt 0.66796875 0.6328125
vt 0.734375 0.984375
vt 0.73046875 0.984375
vt 0.73046875 0.98828125
vt 0.734375 0.98828125
vt 0.01953125 0.26953125
vt 0.015625 0.26953125
vt 0.015625 0.265625
vt 0.01953125 0.265625
vn 0.7882541556038588 -0.5904163918543593 -0.17338936069703711
vn 0.09492574698859194 -0.16172932444455548 0.9822589924115561
vn -0.7882541556038588 0.5904163918543593 0.17338936069703711
vn -0.09492574698859194 0.16172932444455548 -0.9822589924115561
vn 0.6079839543375347 0.790728847231709 0.07143809504534143
vn -0.6079839543375347 -0.790728847231709 -0.07143809504534143
usemtl m_91fe65ba-4f97-40fd-8230-0084d13434eb
f 3012/9028/2257 3015/9027/2257 3013/9026/2257 3010/9025/2257
f 3011/9032/2258 3012/9031/2258 3010/9030/2258 3009/9029/2258
f 3016/9036/2259 3011/9035/2259 3009/9034/2259 3014/9033/2259
f 3015/9040/2260 3016/9039/2260 3014/9038/2260 3013/9037/2260
f 3014/9044/2261 3009/9043/2261 3010/9042/2261 3013/9041/2261
f 3015/9048/2262 3012/9047/2262 3011/9046/2262 3016/9045/2262
o cube
v -0.44678730221902185 1.8652911400774914 -0.08963516576299985
v -0.39653609979927595 1.8276520950967758 -0.10068873750743595
v -0.8938075046456944 1.283907755150377 -0.14216002514508708
v -0.8435563022259484 1.246268710169662 -0.15321359688952318
v -0.4017807473203956 1.8365876402723376 -0.15495854683817442
v -0.4520319497401417 1.8742266852530531 -0.1439049750937383
v -0.8488009497470681 1.2552042553452236 -0.20748340622026168
v -0.899052152166814 1.2928433003259387 -0.19642983447582554
vt 0.265625 0.359375
vt 0.26953125 0.359375
vt 0.26953125 0.3125
vt 0.265625 0.3125
vt 0.640625 0.734375
vt 0.64453125 0.734375
vt 0.64453125 0.6875
vt 0.640625 0.6875
vt 0.26953125 0.359375
vt 0.2734375 0.359375
vt 0.2734375 0.3125
vt 0.26953125 0.3125
vt 0.2734375 0.359375
vt 0.27734375 0.359375
vt 0.27734375 0.3125
vt 0.2734375 0.3125
vt 0.734375 0.98046875
vt 0.73046875 0.98046875
vt 0.73046875 0.984375
vt 0.734375 0.984375
vt 0.0234375 0.26953125
vt 0.01953125 0.26953125
vt 0.01953125 0.265625
vt 0.0234375 0.265625
vn 0.7882541556038588 -0.5904163918543593 -0.17338936069703711
vn 0.09492574698859194 -0.16172932444455548 0.9822589924115561
vn -0.7882541556038588 0.5904163918543593 0.17338936069703711
vn -0.09492574698859194 0.16172932444455548 -0.9822589924115561
vn 0.6079839543375347 0.790728847231709 0.07143809504534143
vn -0.6079839543375347 -0.790728847231709 -0.07143809504534143
usemtl m_91fe65ba-4f97-40fd-8230-0084d13434eb
f 3020/9052/2263 3023/9051/2263 3021/9050/2263 3018/9049/2263
f 3019/9056/2264 3020/9055/2264 3018/9054/2264 3017/9053/2264
f 3024/9060/2265 3019/9059/2265 3017/9058/2265 3022/9057/2265
f 3023/9064/2266 3024/9063/2266 3022/9062/2266 3021/9061/2266
f 3022/9068/2267 3017/9067/2267 3018/9066/2267 3021/9065/2267
f 3023/9072/2268 3020/9071/2268 3019/9070/2268 3024/9069/2268
o cube
v -0.9105309498258363 1.436596994617549 -0.13165593894176003
v -0.8647231935328789 1.4240515222049033 -0.11693057951156072
v -1.0324550024585655 0.8837673806962618 -0.22336449026742528
v -0.986647246165608 0.8712219082836161 -0.20863913083722596
v -0.8506824033718465 1.4276868502806186 -0.15751160495986333
v -0.8964901596648039 1.4402323226932643 -0.17223696439006264
v -0.9726064560045756 0.8748572363593315 -0.24922015628552852
v -1.018414212297533 0.8874027087719772 -0.26394551571572783
vt 0.67578125 0.32421875
vt 0.6796875 0.32421875
vt 0.6796875 0.2890625
vt 0.67578125 0.2890625
vt 0.1328125 0.3203125
vt 0.13671875 0.3203125
vt 0.13671875 0.28515625
vt 0.1328125 0.28515625
vt 0.13671875 0.3203125
vt 0.140625 0.3203125
vt 0.140625 0.28515625
vt 0.13671875 0.28515625
vt 0.140625 0.3203125
vt 0.14453125 0.3203125
vt 0.14453125 0.28515625
vt 0.140625 0.28515625
vt 0.734375 0.9765625
vt 0.73046875 0.9765625
vt 0.73046875 0.98046875
vt 0.734375 0.98046875
vt 0.02734375 0.26953125
vt 0.0234375 0.26953125
vt 0.0234375 0.265625
vt 0.02734375 0.265625
vn 0.9212218460122169 -0.2522970822050418 0.29613593625337975
vn -0.32581019053329413 -0.08435614516104908 0.9416643566145141
vn -0.9212218460122169 0.2522970822050418 -0.29613593625337975
vn 0.32581019053329413 0.08435614516104908 -0.9416643566145141
vn 0.21259828356433635 0.9639658827387982 0.15991168419195498
vn -0.21259828356433635 -0.9639658827387982 -0.15991168419195498
usemtl m_91fe65ba-4f97-40fd-8230-0084d13434eb
f 3028/9076/2269 3031/9075/2269 3029/9074/2269 3026/9073/2269
f 3027/9080/2270 3028/9079/2270 3026/9078/2270 3025/9077/2270
f 3032/9084/2271 3027/9083/2271 3025/9082/2271 3030/9081/2271
f 3031/9088/2272 3032/9087/2272 3030/9086/2272 3029/9085/2272
f 3030/9092/2273 3025/9091/2273 3026/9090/2273 3029/9089/2273
f 3031/9096/2274 3028/9095/2274 3027/9094/2274 3032/9093/2274
o cube
v -0.8947346219373963 1.5032384001014296 -0.056854109416180576
v -0.8672499681616217 1.4957111166538422 -0.048018893758060954
v -0.987058615549463 1.0846217560338653 -0.1262981569517999
v -0.9595739617736884 1.0770944725862779 -0.11746294129368029
v -0.8532091780005895 1.4993464447295575 -0.08859991920636345
v -0.880693831776364 1.506873728177145 -0.09743513486448308
v -0.945533171612656 1.0807298006619934 -0.1580439667419828
v -0.9730178253884306 1.0882570841095809 -0.1668791824001024
vt 0.1875 0.84375
vt 0.19140625 0.84375
vt 0.19140625 0.81640625
vt 0.1875 0.81640625
vt 0.20703125 0.97265625
vt 0.2109375 0.97265625
vt 0.2109375 0.9453125
vt 0.20703125 0.9453125
vt 0.24609375 1
vt 0.25 1
vt 0.25 0.97265625
vt 0.24609375 0.97265625
vt 0.2265625 0.69921875
vt 0.23046875 0.69921875
vt 0.23046875 0.671875
vt 0.2265625 0.671875
vt 0.734375 0.97265625
vt 0.73046875 0.97265625
vt 0.73046875 0.9765625
vt 0.734375 0.9765625
vt 0.03125 0.26953125
vt 0.02734375 0.26953125
vt 0.02734375 0.265625
vt 0.03125 0.265625
vn 0.9212218460122169 -0.2522970822050418 0.29613593625337975
vn -0.32581019053329413 -0.08435614516104908 0.9416643566145141
vn -0.9212218460122169 0.2522970822050418 -0.29613593625337975
vn 0.32581019053329413 0.08435614516104908 -0.9416643566145141
vn 0.21259828356433635 0.9639658827387982 0.15991168419195498
vn -0.21259828356433635 -0.9639658827387982 -0.15991168419195498
usemtl m_91fe65ba-4f97-40fd-8230-0084d13434eb
f 3036/9100/2275 3039/9099/2275 3037/9098/2275 3034/9097/2275
f 3035/9104/2276 3036/9103/2276 3034/9102/2276 3033/9101/2276
f 3040/9108/2277 3035/9107/2277 3033/9106/2277 3038/9105/2277
f 3039/9112/2278 3040/9111/2278 3038/9110/2278 3037/9109/2278
f 3038/9116/2279 3033/9115/2279 3034/9114/2279 3037/9113/2279
f 3039/9120/2280 3036/9119/2280 3035/9118/2280 3040/9117/2280
o cube
v -0.8846391492028468 1.4587880552130819 -0.0925467122152604
v -0.8388313929098894 1.4462425828004362 -0.07782135278506108
v -0.9797821960549765 1.0273892235404012 -0.16411118868326507
v -0.9339744397620191 1.0148437511277555 -0.14938582925306576
v -0.8247906027488571 1.4498779108761515 -0.11840237823336364
v -0.8705983590418145 1.4624233832887972 -0.13312773766356295
v -0.9199336496009868 1.018479079203471 -0.18996685470136832
v -0.9657414058939442 1.0310245516161167 -0.20469221413156763
vt 0.26953125 0.671875
vt 0.2734375 0.671875
vt 0.2734375 0.64453125
vt 0.26953125 0.64453125
vt 0.265625 0.60546875
vt 0.26953125 0.60546875
vt 0.26953125 0.578125
vt 0.265625 0.578125
vt 0.22265625 0.56640625
vt 0.2265625 0.56640625
vt 0.2265625 0.5390625
vt 0.22265625 0.5390625
vt 0.69140625 0.32421875
vt 0.6953125 0.32421875
vt 0.6953125 0.296875
vt 0.69140625 0.296875
vt 0.734375 0.96875
vt 0.73046875 0.96875
vt 0.73046875 0.97265625
vt 0.734375 0.97265625
vt 0.03515625 0.26953125
vt 0.03125 0.26953125
vt 0.03125 0.265625
vt 0.03515625 0.265625
vn 0.9212218460122169 -0.2522970822050418 0.29613593625337975
vn -0.32581019053329413 -0.08435614516104908 0.9416643566145141
vn -0.9212218460122169 0.2522970822050418 -0.29613593625337975
vn 0.32581019053329413 0.08435614516104908 -0.9416643566145141
vn 0.21259828356433635 0.9639658827387982 0.15991168419195498
vn -0.21259828356433635 -0.9639658827387982 -0.15991168419195498
usemtl m_91fe65ba-4f97-40fd-8230-0084d13434eb
f 3044/9124/2281 3047/9123/2281 3045/9122/2281 3042/9121/2281
f 3043/9128/2282 3044/9127/2282 3042/9126/2282 3041/9125/2282
f 3048/9132/2283 3043/9131/2283 3041/9130/2283 3046/9129/2283
f 3047/9136/2284 3048/9135/2284 3046/9134/2284 3045/9133/2284
f 3046/9140/2285 3041/9139/2285 3042/9138/2285 3045/9137/2285
f 3047/9144/2286 3044/9143/2286 3043/9142/2286 3048/9141/2286
o cube
v -1.0560194165334473 1.4024111100676229 -0.0322549825985331
v -1.0689677862027362 1.4037269434899675 0.015736515922685046
v -1.353203124765045 0.9165014275422618 -0.09911408081874007
v -1.3661514944343338 0.9178172609646065 -0.051122582297521924
v -0.97984856384938 1.345693975129298 0.041372522151865376
v -0.9669001941800912 1.3443781417069534 -0.006618976369352825
v -1.2770322720809775 0.8597842926039369 -0.02548657606834165
v -1.2640839024116888 0.8584684591815922 -0.0734780745895598
vt 0.0546875 0.86328125
vt 0.0625 0.86328125
vt 0.0625 0.828125
vt 0.0546875 0.828125
vt 0.14453125 0.3203125
vt 0.1484375 0.3203125
vt 0.1484375 0.28515625
vt 0.14453125 0.28515625
vt 0.4765625 0.75
vt 0.484375 0.75
vt 0.484375 0.71484375
vt 0.4765625 0.71484375
vt 0.1484375 0.3203125
vt 0.15234375 0.3203125
vt 0.15234375 0.28515625
vt 0.1484375 0.28515625
vt 0.7265625 0.28515625
vt 0.71875 0.28515625
vt 0.71875 0.2890625
vt 0.7265625 0.2890625
vt 0.7265625 0.28515625
vt 0.71875 0.28515625
vt 0.71875 0.28125
vt 0.7265625 0.28125
vn -0.2603995911370304 0.02646221060522212 0.9651382306931752
vn -0.8146553531089744 0.5304901353870798 -0.2343434912855277
vn 0.2603995911370304 -0.02646221060522212 -0.9651382306931752
vn 0.8146553531089744 -0.5304901353870798 0.2343434912855277
vn 0.5181975574880296 0.8472779754406948 0.11658183283238216
vn -0.5181975574880296 -0.8472779754406948 -0.11658183283238216
usemtl m_91fe65ba-4f97-40fd-8230-0084d13434eb
f 3052/9148/2287 3055/9147/2287 3053/9146/2287 3050/9145/2287
f 3051/9152/2288 3052/9151/2288 3050/9150/2288 3049/9149/2288
f 3056/9156/2289 3051/9155/2289 3049/9154/2289 3054/9153/2289
f 3055/9160/2290 3056/9159/2290 3054/9158/2290 3053/9157/2290
f 3054/9164/2291 3049/9163/2291 3050/9162/2291 3053/9161/2291
f 3055/9168/2292 3052/9167/2292 3051/9166/2292 3056/9165/2292
o cube
v -1.011893229846025 1.5946891996645047 -0.005012939092210511
v -1.0196622516475982 1.5954786997179113 0.02378196002052041
v -1.2936165139499674 1.1340580555364164 -0.06839381832986341
v -1.3013855357515407 1.1348475555898232 -0.03959891921713249
v -0.930543029294242 1.5374457313572418 0.04941796624970074
v -0.9227740074926687 1.5366562313038352 0.02062306713696982
v -1.2122663133981844 1.076814587229154 -0.013962912987952159
v -1.204497291596611 1.076025087175747 -0.04275781210068308
vt 0.21484375 0.51171875
vt 0.22265625 0.51171875
vt 0.22265625 0.4765625
vt 0.21484375 0.4765625
vt 0.6796875 0.58984375
vt 0.68359375 0.58984375
vt 0.68359375 0.5546875
vt 0.6796875 0.5546875
vt 0.125 0.5078125
vt 0.1328125 0.5078125
vt 0.1328125 0.47265625
vt 0.125 0.47265625
vt 0.6796875 0.5546875
vt 0.68359375 0.5546875
vt 0.68359375 0.51953125
vt 0.6796875 0.51953125
vt 0.7265625 0.27734375
vt 0.71875 0.27734375
vt 0.71875 0.28125
vt 0.7265625 0.28125
vt 0.73046875 1
vt 0.72265625 1
vt 0.72265625 0.99609375
vt 0.73046875 0.99609375
vn -0.2603995911370304 0.02646221060522212 0.9651382306931752
vn -0.8146553531089744 0.5304901353870798 -0.2343434912855277
vn 0.2603995911370304 -0.02646221060522212 -0.9651382306931752
vn 0.8146553531089744 -0.5304901353870798 0.2343434912855277
vn 0.5181975574880296 0.8472779754406948 0.11658183283238216
vn -0.5181975574880296 -0.8472779754406948 -0.11658183283238216
usemtl m_91fe65ba-4f97-40fd-8230-0084d13434eb
f 3060/9172/2293 3063/9171/2293 3061/9170/2293 3058/9169/2293
f 3059/9176/2294 3060/9175/2294 3058/9174/2294 3057/9173/2294
f 3064/9180/2295 3059/9179/2295 3057/9178/2295 3062/9177/2295
f 3063/9184/2296 3064/9183/2296 3062/9182/2296 3061/9181/2296
f 3062/9188/2297 3057/9187/2297 3058/9186/2297 3061/9185/2297
f 3063/9192/2298 3060/9191/2298 3059/9190/2298 3064/9189/2298
o cube
v -1.0029375029519754 1.5520880799636183 0.008875628365594135
v -1.015885872621264 1.553403913385963 0.05686712688681228
v -1.3001212111835732 1.0661783974382568 -0.05798346985461289
v -1.313069580852862 1.0674942308606017 -0.009991971333394745
v -0.9267666502679079 1.4953709450252934 0.08250313311599256
v -0.9138182805986191 1.4940551116029488 0.034511634594774465
v -1.2239503584995057 1.009461262499932 0.01564403489578553
v -1.2110019888302168 1.0081454290775875 -0.032347463625432615
vt 0.4921875 0.5625
vt 0.5 0.5625
vt 0.5 0.52734375
vt 0.4921875 0.52734375
vt 0.6796875 0.51953125
vt 0.68359375 0.51953125
vt 0.68359375 0.484375
vt 0.6796875 0.484375
vt 0.4609375 0.5078125
vt 0.46875 0.5078125
vt 0.46875 0.47265625
vt 0.4609375 0.47265625
vt 0.6796875 0.484375
vt 0.68359375 0.484375
vt 0.68359375 0.44921875
vt 0.6796875 0.44921875
vt 0.73046875 0.9921875
vt 0.72265625 0.9921875
vt 0.72265625 0.99609375
vt 0.73046875 0.99609375
vt 0.73046875 0.9921875
vt 0.72265625 0.9921875
vt 0.72265625 0.98828125
vt 0.73046875 0.98828125
vn -0.2603995911370304 0.02646221060522212 0.9651382306931752
vn -0.8146553531089744 0.5304901353870798 -0.2343434912855277
vn 0.2603995911370304 -0.02646221060522212 -0.9651382306931752
vn 0.8146553531089744 -0.5304901353870798 0.2343434912855277
vn 0.5181975574880296 0.8472779754406948 0.11658183283238216
vn -0.5181975574880296 -0.8472779754406948 -0.11658183283238216
usemtl m_91fe65ba-4f97-40fd-8230-0084d13434eb
f 3068/9196/2299 3071/9195/2299 3069/9194/2299 3066/9193/2299
f 3067/9200/2300 3068/9199/2300 3066/9198/2300 3065/9197/2300
f 3072/9204/2301 3067/9203/2301 3065/9202/2301 3070/9201/2301
f 3071/9208/2302 3072/9207/2302 3070/9206/2302 3069/9205/2302
f 3070/9212/2303 3065/9211/2303 3066/9210/2303 3069/9209/2303
f 3071/9216/2304 3068/9215/2304 3067/9214/2304 3072/9213/2304
o cube
v -1.002757779578237 1.4216327146363401 -0.23630590711357014
v -1.018958691302505 1.4174381053182068 -0.1894816469809134
v -1.2779065373090384 0.9378991984291168 -0.3748395183492298
v -1.2941074490333062 0.9337045891109836 -0.32801525821657307
v -0.9298394689491489 1.3594051369575373 -0.16384564075173302
v -0.9136385572248809 1.3635997462756706 -0.21066990088438975
v -1.20498822667995 0.8756716207503141 -0.30237925198739274
v -1.188787314955682 0.8798662300684473 -0.34920351212004946
vt 0.4921875 0.52734375
vt 0.5 0.52734375
vt 0.5 0.4921875
vt 0.4921875 0.4921875
vt 0.6796875 0.44921875
vt 0.68359375 0.44921875
vt 0.68359375 0.4140625
vt 0.6796875 0.4140625
vt 0.0390625 0.50390625
vt 0.046875 0.50390625
vt 0.046875 0.46875
vt 0.0390625 0.46875
vt 0.6796875 0.4140625
vt 0.68359375 0.4140625
vt 0.68359375 0.37890625
vt 0.6796875 0.37890625
vt 0.73046875 0.984375
vt 0.72265625 0.984375
vt 0.72265625 0.98828125
vt 0.73046875 0.98828125
vt 0.0234375 0.27734375
vt 0.015625 0.27734375
vt 0.015625 0.2734375
vt 0.0234375 0.2734375
vn -0.3258101905332938 -0.08435614516104921 0.9416643566145142
vn -0.8146553531089743 0.5304901353870798 -0.23434349128552764
vn 0.3258101905332938 0.08435614516104921 -0.9416643566145142
vn 0.8146553531089743 -0.5304901353870798 0.23434349128552764
vn 0.47977533846119197 0.8434834064939072 0.24156027730958374
vn -0.47977533846119197 -0.8434834064939072 -0.24156027730958374
usemtl m_91fe65ba-4f97-40fd-8230-0084d13434eb
f 3076/9220/2305 3079/9219/2305 3077/9218/2305 3074/9217/2305
f 3075/9224/2306 3076/9223/2306 3074/9222/2306 3073/9221/2306
f 3080/9228/2307 3075/9227/2307 3073/9226/2307 3078/9225/2307
f 3079/9232/2308 3080/9231/2308 3078/9230/2308 3077/9229/2308
f 3078/9236/2309 3073/9235/2309 3074/9234/2309 3077/9233/2309
f 3079/9240/2310 3076/9239/2310 3075/9238/2310 3080/9237/2310
o cube
v -0.9671926801090222 1.61098962436169 -0.1859154569864826
v -0.976913227143583 1.60847285877081 -0.1578209009068886
v -1.2280273406168338 1.1524214355872124 -0.31724211734861085
v -1.2377478876513945 1.1499046699963325 -0.28914756126901686
v -0.8877940047902266 1.5504398904101406 -0.13218489467770822
v -0.8780734577556659 1.5529566560010206 -0.1602794507573022
v -1.1486286652980384 1.091871701635663 -0.2635115550398366
v -1.1389081182634775 1.0943884672265427 -0.2916061111194306
vt 0.046875 0.50390625
vt 0.0546875 0.50390625
vt 0.0546875 0.46875
vt 0.046875 0.46875
vt 0.6796875 0.37890625
vt 0.68359375 0.37890625
vt 0.68359375 0.34375
vt 0.6796875 0.34375
vt 0.328125 0.50390625
vt 0.3359375 0.50390625
vt 0.3359375 0.46875
vt 0.328125 0.46875
vt 0.6796875 0.32421875
vt 0.68359375 0.32421875
vt 0.68359375 0.2890625
vt 0.6796875 0.2890625
vt 0.73046875 0.98046875
vt 0.72265625 0.98046875
vt 0.72265625 0.984375
vt 0.73046875 0.984375
vt 0.73046875 0.98046875
vt 0.72265625 0.98046875
vt 0.72265625 0.9765625
vt 0.73046875 0.9765625
vn -0.3258101905332938 -0.08435614516104921 0.9416643566145142
vn -0.8146553531089743 0.5304901353870798 -0.23434349128552764
vn 0.3258101905332938 0.08435614516104921 -0.9416643566145142
vn 0.8146553531089743 -0.5304901353870798 0.23434349128552764
vn 0.47977533846119197 0.8434834064939072 0.24156027730958374
vn -0.47977533846119197 -0.8434834064939072 -0.24156027730958374
usemtl m_91fe65ba-4f97-40fd-8230-0084d13434eb
f 3084/9244/2311 3087/9243/2311 3085/9242/2311 3082/9241/2311
f 3083/9248/2312 3084/9247/2312 3082/9246/2312 3081/9245/2312
f 3088/9252/2313 3083/9251/2313 3081/9250/2313 3086/9249/2313
f 3087/9256/2314 3088/9255/2314 3086/9254/2314 3085/9253/2314
f 3086/9260/2315 3081/9259/2315 3082/9258/2315 3085/9257/2315
f 3087/9264/2316 3084/9263/2316 3083/9262/2316 3088/9261/2316
o cube
v -0.957741134721303 1.5673996270772361 -0.1759890690973674
v -0.973942046445571 1.5632050177591028 -0.1291648089647106
v -1.2328898924521043 1.0836661108700125 -0.3145226803330271
v -1.2490908041763724 1.0794715015518794 -0.2676984202003704
v -0.8848228240922147 1.5051720493984333 -0.10352880273553033
v -0.8686219123679467 1.5093666587165666 -0.15035306286818706
v -1.159971581823016 1.0214385331912097 -0.2420624139711901
v -1.1437706700987482 1.025633142509343 -0.28888667410384683
vt 0.2734375 0.5
vt 0.28125 0.5
vt 0.28125 0.46484375
vt 0.2734375 0.46484375
vt 0 0.31640625
vt 0.00390625 0.31640625
vt 0.00390625 0.28125
vt 0 0.28125
vt 0.28125 0.5
vt 0.2890625 0.5
vt 0.2890625 0.46484375
vt 0.28125 0.46484375
vt 0.00390625 0.31640625
vt 0.0078125 0.31640625
vt 0.0078125 0.28125
vt 0.00390625 0.28125
vt 0.03125 0.2734375
vt 0.0234375 0.2734375
vt 0.0234375 0.27734375
vt 0.03125 0.27734375
vt 0.73046875 0.9765625
vt 0.72265625 0.9765625
vt 0.72265625 0.97265625
vt 0.73046875 0.97265625
vn -0.3258101905332938 -0.08435614516104921 0.9416643566145142
vn -0.8146553531089743 0.5304901353870798 -0.23434349128552764
vn 0.3258101905332938 0.08435614516104921 -0.9416643566145142
vn 0.8146553531089743 -0.5304901353870798 0.23434349128552764
vn 0.47977533846119197 0.8434834064939072 0.24156027730958374
vn -0.47977533846119197 -0.8434834064939072 -0.24156027730958374
usemtl m_91fe65ba-4f97-40fd-8230-0084d13434eb
f 3092/9268/2317 3095/9267/2317 3093/9266/2317 3090/9265/2317
f 3091/9272/2318 3092/9271/2318 3090/9270/2318 3089/9269/2318
f 3096/9276/2319 3091/9275/2319 3089/9274/2319 3094/9273/2319
f 3095/9280/2320 3096/9279/2320 3094/9278/2320 3093/9277/2320
f 3094/9284/2321 3089/9283/2321 3090/9282/2321 3093/9281/2321
f 3095/9288/2322 3092/9287/2322 3091/9286/2322 3096/9285/2322
o cube
v -0.9691605412099812 1.357808857649923 -0.08017411956534004
v -0.9421794013796059 1.3328669962375117 -0.04667042920535436
v -1.2443092989407822 0.8740753414426998 -0.2187077308009997
v -1.217328159110407 0.8491334800302885 -0.18520404044101396
v -0.9124659341898296 1.324584546509919 -0.07676511177673223
v -0.9394470740202049 1.3495264079223304 -0.11026880213671797
v -1.1876146919206307 0.8408510303026957 -0.21529872301239183
v -1.2145958317510062 0.865792891715107 -0.24880241337237763
vt 0.0078125 0.31640625
vt 0.01171875 0.31640625
vt 0.01171875 0.28125
vt 0.0078125 0.28125
vt 0.01171875 0.31640625
vt 0.015625 0.31640625
vt 0.015625 0.28125
vt 0.01171875 0.28125
vt 0.68359375 0.58984375
vt 0.6875 0.58984375
vt 0.6875 0.5546875
vt 0.68359375 0.5546875
vt 0.68359375 0.5546875
vt 0.6875 0.5546875
vt 0.6875 0.51953125
vt 0.68359375 0.51953125
vt 0.734375 0.96484375
vt 0.73046875 0.96484375
vt 0.73046875 0.96875
vt 0.734375 0.96875
vt 0.0390625 0.26953125
vt 0.03515625 0.26953125
vt 0.03515625 0.265625
vt 0.0390625 0.265625
vn 0.542607135854707 -0.5015960062827819 0.6737795949720614
vn -0.6894875783681678 0.19219050301874357 0.6983335090237341
vn -0.542607135854707 0.5015960062827819 -0.6737795949720614
vn 0.6894875783681678 -0.19219050301874357 -0.6983335090237341
vn 0.479775338461192 0.8434834064939071 0.24156027730958385
vn -0.479775338461192 -0.8434834064939071 -0.24156027730958385
usemtl m_91fe65ba-4f97-40fd-8230-0084d13434eb
f 3100/9292/2323 3103/9291/2323 3101/9290/2323 3098/9289/2323
f 3099/9296/2324 3100/9295/2324 3098/9294/2324 3097/9293/2324
f 3104/9300/2325 3099/9299/2325 3097/9298/2325 3102/9297/2325
f 3103/9304/2326 3104/9303/2326 3102/9302/2326 3101/9301/2326
f 3102/9308/2327 3097/9307/2327 3098/9306/2327 3101/9305/2327
f 3103/9312/2328 3100/9311/2328 3099/9310/2328 3104/9309/2328
o cube
v -0.9088538600001248 1.5186805274741435 0.020540939261132873
v -0.8926651761018995 1.5037154106266968 0.04064315347712433
v -1.1696885205079364 1.0601123386996658 -0.11078572110099538
v -1.1534998366097113 1.045147221852219 -0.09068350688500393
v -0.8629517089121234 1.495432960899104 0.01054847090574651
v -0.8791403928103485 1.5103980777465509 -0.009553743310244944
v -1.123786369419935 1.0368647721246262 -0.12077818945638175
v -1.1399750533181603 1.051829888972073 -0.1408804036723732
vt 0.68359375 0.51953125
vt 0.6875 0.51953125
vt 0.6875 0.484375
vt 0.68359375 0.484375
vt 0.68359375 0.484375
vt 0.6875 0.484375
vt 0.6875 0.44921875
vt 0.68359375 0.44921875
vt 0.52734375 0.31640625
vt 0.53125 0.31640625
vt 0.53125 0.28125
vt 0.52734375 0.28125
vt 0.68359375 0.44921875
vt 0.6875 0.44921875
vt 0.6875 0.4140625
vt 0.68359375 0.4140625
vt 0.734375 0.9609375
vt 0.73046875 0.9609375
vt 0.73046875 0.96484375
vt 0.734375 0.96484375
vt 0.04296875 0.26953125
vt 0.0390625 0.26953125
vt 0.0390625 0.265625
vt 0.04296875 0.265625
vn 0.542607135854707 -0.5015960062827819 0.6737795949720614
vn -0.6894875783681678 0.19219050301874357 0.6983335090237341
vn -0.542607135854707 0.5015960062827819 -0.6737795949720614
vn 0.6894875783681678 -0.19219050301874357 -0.6983335090237341
vn 0.479775338461192 0.8434834064939071 0.24156027730958385
vn -0.479775338461192 -0.8434834064939071 -0.24156027730958385
usemtl m_91fe65ba-4f97-40fd-8230-0084d13434eb
f 3108/9316/2329 3111/9315/2329 3109/9314/2329 3106/9313/2329
f 3107/9320/2330 3108/9319/2330 3106/9318/2330 3105/9317/2330
f 3112/9324/2331 3107/9323/2331 3105/9322/2331 3110/9321/2331
f 3111/9328/2332 3112/9327/2332 3110/9326/2332 3109/9325/2332
f 3110/9332/2333 3105/9331/2333 3106/9330/2333 3109/9329/2333
f 3111/9336/2334 3108/9335/2334 3107/9334/2334 3112/9333/2334
o cube
v -0.8949152160341348 1.4821557125838438 -0.0031150293645382243
v -0.8679340762037595 1.4572138511714325 0.03038866099544757
v -1.170063973764936 0.9984221963766202 -0.141648640600198
v -1.143082833934561 0.9734803349642089 -0.1081449502402122
v -0.8382206090139833 1.44893140144384 0.0002939784240696963
v -0.8652017488443586 1.4738732628562512 -0.03320971193591604
v -1.1133693667447848 0.9651978852366162 -0.13823963281159002
v -1.14035050657516 0.9901397466490276 -0.1717433231715758
vt 0.68359375 0.4140625
vt 0.6875 0.4140625
vt 0.6875 0.37890625
vt 0.68359375 0.37890625
vt 0.68359375 0.37890625
vt 0.6875 0.37890625
vt 0.6875 0.34375
vt 0.68359375 0.34375
vt 0.640625 0.31640625
vt 0.64453125 0.31640625
vt 0.64453125 0.28125
vt 0.640625 0.28125
vt 0.68359375 0.33203125
vt 0.6875 0.33203125
vt 0.6875 0.296875
vt 0.68359375 0.296875
vt 0.734375 0.95703125
vt 0.73046875 0.95703125
vt 0.73046875 0.9609375
vt 0.734375 0.9609375
vt 0.046875 0.26953125
vt 0.04296875 0.26953125
vt 0.04296875 0.265625
vt 0.046875 0.265625
vn 0.542607135854707 -0.5015960062827819 0.6737795949720614
vn -0.6894875783681678 0.19219050301874357 0.6983335090237341
vn -0.542607135854707 0.5015960062827819 -0.6737795949720614
vn 0.6894875783681678 -0.19219050301874357 -0.6983335090237341
vn 0.479775338461192 0.8434834064939071 0.24156027730958385
vn -0.479775338461192 -0.8434834064939071 -0.24156027730958385
usemtl m_91fe65ba-4f97-40fd-8230-0084d13434eb
f 3116/9340/2335 3119/9339/2335 3117/9338/2335 3114/9337/2335
f 3115/9344/2336 3116/9343/2336 3114/9342/2336 3113/9341/2336
f 3120/9348/2337 3115/9347/2337 3113/9346/2337 3118/9345/2337
f 3119/9352/2338 3120/9351/2338 3118/9350/2338 3117/9349/2338
f 3118/9356/2339 3113/9355/2339 3114/9354/2339 3117/9353/2339
f 3119/9360/2340 3116/9359/2340 3115/9358/2340 3120/9357/2340
o cube
v -1.1247819304379143 1.4615041754055456 -0.13317114089654547
v -1.1578571679784528 1.4699638036187075 -0.09701814686932775
v -1.3999306881687157 0.9777706591983223 -0.271704752132205
v -1.433005925709254 0.9862302874114841 -0.2355517581049874
v -1.1331996862811853 1.4480068222536298 -0.06932196318488226
v -1.100124448740647 1.4395471940404678 -0.10547495721209987
v -1.4083484440119864 0.9642733060464064 -0.20785557442054192
v -1.375273206471448 0.9558136778332446 -0.24400856844775953
vt 0.0546875 0.3125
vt 0.05859375 0.3125
vt 0.05859375 0.27734375
vt 0.0546875 0.27734375
vt 0.05859375 0.3125
vt 0.0625 0.3125
vt 0.0625 0.27734375
vt 0.05859375 0.27734375
vt 0.0625 0.3125
vt 0.06640625 0.3125
vt 0.06640625 0.27734375
vt 0.0625 0.27734375
vt 0.06640625 0.3125
vt 0.0703125 0.3125
vt 0.0703125 0.27734375
vt 0.06640625 0.27734375
vt 0.734375 0.953125
vt 0.73046875 0.953125
vt 0.73046875 0.95703125
vt 0.734375 0.95703125
vt 0.05078125 0.26953125
vt 0.046875 0.26953125
vt 0.046875 0.265625
vt 0.05078125 0.265625
vn -0.6651631481254578 0.1701282697468442 0.7270587034131256
vn -0.5721657198576993 0.5095018300284889 -0.6426774262546816
vn 0.6651631481254578 -0.1701282697468442 -0.7270587034131256
vn 0.5721657198576993 -0.5095018300284889 0.6426774262546816
vn 0.479775338461192 0.8434834064939072 0.24156027730958374
vn -0.479775338461192 -0.8434834064939072 -0.24156027730958374
usemtl m_91fe65ba-4f97-40fd-8230-0084d13434eb
f 3124/9364/2341 3127/9363/2341 3125/9362/2341 3122/9361/2341
f 3123/9368/2342 3124/9367/2342 3122/9366/2342 3121/9365/2342
f 3128/9372/2343 3123/9371/2343 3121/9370/2343 3126/9369/2343
f 3127/9376/2344 3128/9375/2344 3126/9374/2344 3125/9373/2344
f 3126/9380/2345 3121/9379/2345 3122/9378/2345 3125/9377/2345
f 3127/9384/2346 3124/9383/2346 3123/9382/2346 3128/9381/2346
o cube
v -1.0132149478712864 1.5938664595670669 -0.03471735906200929
v -1.0330600903956095 1.5989422364949641 -0.013025562645678668
v -1.274049608379098 1.135298270792589 -0.1660440194241375
v -1.293894750903421 1.1403740477204862 -0.14435222300780687
v -1.0084026086983418 1.5769852551298862 0.014670621038766818
v -0.9885574661740187 1.5719094782019893 -0.007021175377563749
v -1.2692372692061535 1.1184170663554085 -0.11665603932336138
v -1.2493921266818304 1.1133412894275114 -0.138347835739692
vt 0.0703125 0.3125
vt 0.07421875 0.3125
vt 0.07421875 0.27734375
vt 0.0703125 0.27734375
vt 0.07421875 0.3125
vt 0.078125 0.3125
vt 0.078125 0.27734375
vt 0.07421875 0.27734375
vt 0.078125 0.3125
vt 0.08203125 0.3125
vt 0.08203125 0.27734375
vt 0.078125 0.27734375
vt 0.08203125 0.3125
vt 0.0859375 0.3125
vt 0.0859375 0.27734375
vt 0.08203125 0.27734375
vt 0.734375 0.94921875
vt 0.73046875 0.94921875
vt 0.73046875 0.953125
vt 0.734375 0.953125
vt 0.0546875 0.26953125
vt 0.05078125 0.26953125
vt 0.05078125 0.265625
vt 0.0546875 0.265625
vn -0.6651631481254578 0.1701282697468442 0.7270587034131256
vn -0.5721657198576993 0.5095018300284889 -0.6426774262546816
vn 0.6651631481254578 -0.1701282697468442 -0.7270587034131256
vn 0.5721657198576993 -0.5095018300284889 0.6426774262546816
vn 0.479775338461192 0.8434834064939072 0.24156027730958374
vn -0.479775338461192 -0.8434834064939072 -0.24156027730958374
usemtl m_91fe65ba-4f97-40fd-8230-0084d13434eb
f 3132/9388/2347 3135/9387/2347 3133/9386/2347 3130/9385/2347
f 3131/9392/2348 3132/9391/2348 3130/9390/2348 3129/9389/2348
f 3136/9396/2349 3131/9395/2349 3129/9394/2349 3134/9393/2349
f 3135/9400/2350 3136/9399/2350 3134/9398/2350 3133/9397/2350
f 3134/9404/2351 3129/9403/2351 3130/9402/2351 3133/9401/2351
f 3135/9408/2352 3132/9407/2352 3131/9406/2352 3136/9405/2352
o cube
v -1.0531113862156665 1.587283043442398 -0.05599846781043971
v -1.086186623756205 1.5957426716555598 -0.0198454737832221
v -1.3282601439464679 1.1035495272351743 -0.19453207904609948
v -1.3613353814870062 1.112009155448336 -0.15837908501888176
v -1.0615291420589372 1.573785690290482 0.007850709901223385
v -1.028453904518399 1.5653260620773202 -0.028302284125994226
v -1.3366778997897386 1.0900521740832585 -0.13068290133443627
v -1.3036026622492003 1.0815925458700966 -0.166835895361654
vt 0.11328125 0.3125
vt 0.1171875 0.3125
vt 0.1171875 0.27734375
vt 0.11328125 0.27734375
vt 0.1171875 0.3125
vt 0.12109375 0.3125
vt 0.12109375 0.27734375
vt 0.1171875 0.27734375
vt 0.12109375 0.3125
vt 0.125 0.3125
vt 0.125 0.27734375
vt 0.12109375 0.27734375
vt 0.125 0.3125
vt 0.12890625 0.3125
vt 0.12890625 0.27734375
vt 0.125 0.27734375
vt 0.734375 0.9453125
vt 0.73046875 0.9453125
vt 0.73046875 0.94921875
vt 0.734375 0.94921875
vt 0.05859375 0.26953125
vt 0.0546875 0.26953125
vt 0.0546875 0.265625
vt 0.05859375 0.265625
vn -0.6651631481254578 0.1701282697468442 0.7270587034131256
vn -0.5721657198576993 0.5095018300284889 -0.6426774262546816
vn 0.6651631481254578 -0.1701282697468442 -0.7270587034131256
vn 0.5721657198576993 -0.5095018300284889 0.6426774262546816
vn 0.479775338461192 0.8434834064939072 0.24156027730958374
vn -0.479775338461192 -0.8434834064939072 -0.24156027730958374
usemtl m_91fe65ba-4f97-40fd-8230-0084d13434eb
f 3140/9412/2353 3143/9411/2353 3141/9410/2353 3138/9409/2353
f 3139/9416/2354 3140/9415/2354 3138/9414/2354 3137/9413/2354
f 3144/9420/2355 3139/9419/2355 3137/9418/2355 3142/9417/2355
f 3143/9424/2356 3144/9423/2356 3142/9422/2356 3141/9421/2356
f 3142/9428/2357 3137/9427/2357 3138/9426/2357 3141/9425/2357
f 3143/9432/2358 3140/9431/2358 3139/9430/2358 3144/9429/2358
o cube
v -1.0448256497593253 1.5383481109734825 -0.1669956272261971
v -1.076285632553546 1.576118116404297 -0.17449708024168542
v -1.4477296655769607 1.1684880167910277 -0.33953078246815915
v -1.4791896483711815 1.2062580222218422 -0.3470322354836475
v -1.0903264227145784 1.5724827883285815 -0.1339160547933828
v -1.0588664399203576 1.5347127828977671 -0.1264146017778945
v -1.493230438532214 1.2026226941461267 -0.3064512100353449
v -1.4617704557379931 1.1648526887153121 -0.2989497570198566
vt 0.12890625 0.3125
vt 0.1328125 0.3125
vt 0.1328125 0.27734375
vt 0.12890625 0.27734375
vt 0.171875 0.3125
vt 0.17578125 0.3125
vt 0.17578125 0.27734375
vt 0.171875 0.27734375
vt 0.18359375 0.3125
vt 0.1875 0.3125
vt 0.1875 0.27734375
vt 0.18359375 0.27734375
vt 0.1875 0.3125
vt 0.19140625 0.3125
vt 0.19140625 0.27734375
vt 0.1875 0.27734375
vt 0.734375 0.94140625
vt 0.73046875 0.94140625
vt 0.73046875 0.9453125
vt 0.734375 0.9453125
vt 0.0625 0.26953125
vt 0.05859375 0.26953125
vt 0.05859375 0.265625
vt 0.0625 0.265625
vn -0.6326793925434052 0.7595777864417179 -0.15085878361967456
vn 0.3258101905332934 0.08435614516104953 -0.9416643566145142
vn 0.6326793925434052 -0.7595777864417179 0.15085878361967456
vn -0.3258101905332934 -0.08435614516104953 0.9416643566145142
vn 0.7025414621184768 0.6449229621573942 0.3008485780032296
vn -0.7025414621184768 -0.6449229621573942 -0.3008485780032296
usemtl m_91fe65ba-4f97-40fd-8230-0084d13434eb
f 3148/9436/2359 3151/9435/2359 3149/9434/2359 3146/9433/2359
f 3147/9440/2360 3148/9439/2360 3146/9438/2360 3145/9437/2360
f 3152/9444/2361 3147/9443/2361 3145/9442/2361 3150/9441/2361
f 3151/9448/2362 3152/9447/2362 3150/9446/2362 3149/9445/2362
f 3150/9452/2363 3145/9451/2363 3146/9450/2363 3149/9449/2363
f 3151/9456/2364 3148/9455/2364 3147/9454/2364 3152/9453/2364
o cube
v -1.0326011629546028 1.5890430547355319 -0.094858148587671
v -1.0514771526311355 1.6117050579940206 -0.09935902039696398
v -1.3260457062668691 1.31966518267201 -0.2205195911338399
v -1.3449216959434018 1.3423271859304986 -0.22502046294313288
v -1.0655179427921677 1.6080697299183053 -0.05877799494866137
v -1.0466419531156352 1.5854077266598163 -0.05427712313936839
v -1.358962486104434 1.338691857854783 -0.18443943749483027
v -1.3400864964279016 1.3160298545962945 -0.1799385656855373
vt 0.6953125 1
vt 0.69921875 1
vt 0.69921875 0.97265625
vt 0.6953125 0.97265625
vt 0.6953125 0.97265625
vt 0.69921875 0.97265625
vt 0.69921875 0.9453125
vt 0.6953125 0.9453125
vt 0.6953125 0.9453125
vt 0.69921875 0.9453125
vt 0.69921875 0.91796875
vt 0.6953125 0.91796875
vt 0.6953125 0.91796875
vt 0.69921875 0.91796875
vt 0.69921875 0.890625
vt 0.6953125 0.890625
vt 0.734375 0.9375
vt 0.73046875 0.9375
vt 0.73046875 0.94140625
vt 0.734375 0.94140625
vt 0.06640625 0.26953125
vt 0.0625 0.26953125
vt 0.0625 0.265625
vt 0.06640625 0.265625
vn -0.6326793925434052 0.7595777864417179 -0.15085878361967456
vn 0.3258101905332934 0.08435614516104953 -0.9416643566145142
vn 0.6326793925434052 -0.7595777864417179 0.15085878361967456
vn -0.3258101905332934 -0.08435614516104953 0.9416643566145142
vn 0.7025414621184768 0.6449229621573942 0.3008485780032296
vn -0.7025414621184768 -0.6449229621573942 -0.3008485780032296
usemtl m_91fe65ba-4f97-40fd-8230-0084d13434eb
f 3156/9460/2365 3159/9459/2365 3157/9458/2365 3154/9457/2365
f 3155/9464/2366 3156/9463/2366 3154/9462/2366 3153/9461/2366
f 3160/9468/2367 3155/9467/2367 3153/9466/2367 3158/9465/2367
f 3159/9472/2368 3160/9471/2368 3158/9470/2368 3157/9469/2368
f 3158/9476/2369 3153/9475/2369 3154/9474/2369 3157/9473/2369
f 3159/9480/2370 3156/9479/2370 3155/9478/2370 3160/9477/2370
o cube
v -1.0304214766441913 1.5972555424142318 -0.1285719256486204
v -1.061881459438412 1.6350255478450464 -0.13607337866410874
v -1.3634577440541449 1.2915330368183298 -0.27118768980816144
v -1.3949177268483655 1.329303042249144 -0.27868914282364976
v -1.0759222495994445 1.6313902197693309 -0.09549235321580624
v -1.0444622668052235 1.5936202143385165 -0.08799090020031791
v -1.408958517009398 1.3256677141734288 -0.23810811737534726
v -1.377498534215177 1.2878977087426144 -0.23060666435985894
vt 0.2421875 0.671875
vt 0.24609375 0.671875
vt 0.24609375 0.640625
vt 0.2421875 0.640625
vt 0.18359375 0.6015625
vt 0.1875 0.6015625
vt 0.1875 0.5703125
vt 0.18359375 0.5703125
vt 0.61328125 0.4765625
vt 0.6171875 0.4765625
vt 0.6171875 0.4453125
vt 0.61328125 0.4453125
vt 0.69140625 0.44921875
vt 0.6953125 0.44921875
vt 0.6953125 0.41796875
vt 0.69140625 0.41796875
vt 0.734375 0.93359375
vt 0.73046875 0.93359375
vt 0.73046875 0.9375
vt 0.734375 0.9375
vt 0.0703125 0.26953125
vt 0.06640625 0.26953125
vt 0.06640625 0.265625
vt 0.0703125 0.265625
vn -0.6326793925434052 0.7595777864417179 -0.15085878361967456
vn 0.3258101905332934 0.08435614516104953 -0.9416643566145142
vn 0.6326793925434052 -0.7595777864417179 0.15085878361967456
vn -0.3258101905332934 -0.08435614516104953 0.9416643566145142
vn 0.7025414621184768 0.6449229621573942 0.3008485780032296
vn -0.7025414621184768 -0.6449229621573942 -0.3008485780032296
usemtl m_91fe65ba-4f97-40fd-8230-0084d13434eb
f 3164/9484/2371 3167/9483/2371 3165/9482/2371 3162/9481/2371
f 3163/9488/2372 3164/9487/2372 3162/9486/2372 3161/9485/2372
f 3168/9492/2373 3163/9491/2373 3161/9490/2373 3166/9489/2373
f 3167/9496/2374 3168/9495/2374 3166/9494/2374 3165/9493/2374
f 3166/9500/2375 3161/9499/2375 3162/9498/2375 3165/9497/2375
f 3167/9504/2376 3164/9503/2376 3163/9502/2376 3168/9501/2376
o cube
v -1.5075120052270152 1.1272810893174607 -0.15933295059168426
v -1.5077716879886764 1.1400463411036903 -0.20832143430671118
v -1.4612050244153911 1.107544813232672 -0.16472123041152406
v -1.4614647071770523 1.1203100650189015 -0.213709714126551
v -1.589599479646542 0.9606955840653477 -0.25462228162261236
v -1.5893397968848806 0.947930332279118 -0.20563379790758543
v -1.543292498834918 0.9409593079805589 -0.26001056144245216
v -1.5430328160732567 0.9281940561943294 -0.21102207772742523
vt 0.71875 0.37109375
vt 0.70703125 0.37109375
vt 0.70703125 0.3671875
vt 0.71875 0.3671875
vt 0.61328125 0.26953125
vt 0.609375 0.26953125
vt 0.609375 0.265625
vt 0.61328125 0.265625
vt 0.71875 0.3671875
vt 0.70703125 0.3671875
vt 0.70703125 0.36328125
vt 0.71875 0.36328125
vt 0.734375 0.39453125
vt 0.73046875 0.39453125
vt 0.73046875 0.390625
vt 0.734375 0.390625
vt 0.70703125 0.3515625
vt 0.71875 0.3515625
vt 0.71875 0.35546875
vt 0.70703125 0.35546875
vt 0.70703125 0.3515625
vt 0.71875 0.3515625
vt 0.71875 0.34765625
vt 0.70703125 0.34765625
vn -0.00512953603281638 0.2521531217033008 -0.9676737523955935
vn 0.4040878600388421 0.8856827508066297 0.22864615958469706
vn 0.00512953603281638 -0.2521531217033008 0.9676737523955935
vn -0.4040878600388421 -0.8856827508066297 -0.22864615958469706
vn -0.9147057938098552 0.3898523671069369 0.10643515693510719
vn 0.9147057938098552 -0.3898523671069369 -0.10643515693510719
usemtl m_91fe65ba-4f97-40fd-8230-0084d13434eb
f 3172/9508/2377 3175/9507/2377 3173/9506/2377 3170/9505/2377
f 3171/9512/2378 3172/9511/2378 3170/9510/2378 3169/9509/2378
f 3176/9516/2379 3171/9515/2379 3169/9514/2379 3174/9513/2379
f 3175/9520/2380 3176/9519/2380 3174/9518/2380 3173/9517/2380
f 3174/9524/2381 3169/9523/2381 3170/9522/2381 3173/9521/2381
f 3175/9528/2382 3172/9527/2382 3171/9526/2382 3176/9525/2382
o cube
v -1.515186554902009 1.1284429267005538 -0.1502701566692065
v -1.515532798584224 1.1454632624155265 -0.21558813495590906
v -1.4534439138198438 1.1021278919208355 -0.15745452976232624
v -1.4537901575020589 1.1191482276358085 -0.22277250804902876
v -1.5564466944131568 1.0557878838963553 -0.23873855861385965
v -1.5561004507309417 1.0387675481813825 -0.17342058032715713
v -1.4947040533309917 1.0294728491166372 -0.24592293170697935
v -1.4943578096487764 1.0124525134016642 -0.18060495342027683
vt 0.3125 0.27734375
vt 0.3046875 0.27734375
vt 0.3046875 0.2734375
vt 0.3125 0.2734375
vt 0.6171875 0.26953125
vt 0.61328125 0.26953125
vt 0.61328125 0.265625
vt 0.6171875 0.265625
vt 0.73046875 0.6953125
vt 0.72265625 0.6953125
vt 0.72265625 0.69140625
vt 0.73046875 0.69140625
vt 0.734375 0.390625
vt 0.73046875 0.390625
vt 0.73046875 0.38671875
vt 0.734375 0.38671875
vt 0.72265625 0.6875
vt 0.73046875 0.6875
vt 0.73046875 0.69140625
vt 0.72265625 0.69140625
vt 0.3125 0.27734375
vt 0.3203125 0.27734375
vt 0.3203125 0.2734375
vt 0.3125 0.2734375
vn -0.00512953603281638 0.2521531217033008 -0.9676737523955935
vn 0.4040878600388421 0.8856827508066297 0.22864615958469706
vn 0.00512953603281638 -0.2521531217033008 0.9676737523955935
vn -0.4040878600388421 -0.8856827508066297 -0.22864615958469706
vn -0.9147057938098552 0.3898523671069369 0.10643515693510719
vn 0.9147057938098552 -0.3898523671069369 -0.10643515693510719
usemtl m_91fe65ba-4f97-40fd-8230-0084d13434eb
f 3180/9532/2383 3183/9531/2383 3181/9530/2383 3178/9529/2383
f 3179/9536/2384 3180/9535/2384 3178/9534/2384 3177/9533/2384
f 3184/9540/2385 3179/9539/2385 3177/9538/2385 3182/9537/2385
f 3183/9544/2386 3184/9543/2386 3182/9542/2386 3181/9541/2386
f 3182/9548/2387 3177/9547/2387 3178/9546/2387 3181/9545/2387
f 3183/9552/2388 3180/9551/2388 3179/9550/2388 3184/9549/2388
o cube
v -1.581647935025776 0.9459174781102762 -0.2114306929157281
v -1.581855681235105 0.9561296795392599 -0.25062147988774963
v -1.5446023503764768 0.9301284572424452 -0.21574131677159997
v -1.5448100965858058 0.9403406586714289 -0.25493210374362146
v -1.595493646511416 0.9262378866995362 -0.25833828777373313
v -1.595285900302087 0.9160256852705525 -0.21914750080171164
v -1.5584480618621166 0.9104488658317051 -0.26264891162960496
v -1.5582403156527875 0.9002366644027214 -0.2234581246575835
vt 0.734375 0.38671875
vt 0.73046875 0.38671875
vt 0.73046875 0.3828125
vt 0.734375 0.3828125
vt 0.625 0.26953125
vt 0.62109375 0.26953125
vt 0.62109375 0.265625
vt 0.625 0.265625
vt 0.734375 0.3828125
vt 0.73046875 0.3828125
vt 0.73046875 0.37890625
vt 0.734375 0.37890625
vt 0.62109375 0.26953125
vt 0.6171875 0.26953125
vt 0.6171875 0.265625
vt 0.62109375 0.265625
vt 0.73046875 0.375
vt 0.734375 0.375
vt 0.734375 0.37890625
vt 0.73046875 0.37890625
vt 0.625 0.26953125
vt 0.62890625 0.26953125
vt 0.62890625 0.265625
vt 0.625 0.265625
vn -0.00512953603281638 0.2521531217033008 -0.9676737523955935
vn 0.4040878600388421 0.8856827508066297 0.22864615958469706
vn 0.00512953603281638 -0.2521531217033008 0.9676737523955935
vn -0.4040878600388421 -0.8856827508066297 -0.22864615958469706
vn -0.9147057938098552 0.3898523671069369 0.10643515693510719
vn 0.9147057938098552 -0.3898523671069369 -0.10643515693510719
usemtl m_91fe65ba-4f97-40fd-8230-0084d13434eb
f 3188/9556/2389 3191/9555/2389 3189/9554/2389 3186/9553/2389
f 3187/9560/2390 3188/9559/2390 3186/9558/2390 3185/9557/2390
f 3192/9564/2391 3187/9563/2391 3185/9562/2391 3190/9561/2391
f 3191/9568/2392 3192/9567/2392 3190/9566/2392 3189/9565/2392
f 3190/9572/2393 3185/9571/2393 3186/9570/2393 3189/9569/2393
f 3191/9576/2394 3188/9575/2394 3187/9574/2394 3192/9573/2394
o cube
v -1.5228611045770026 1.1296047640836469 -0.14120736274672877
v -1.5232939091797717 1.1508801837273628 -0.2228548356051069
v -1.445682803224296 1.096710970608999 -0.15018782911312845
v -1.446115607827065 1.117986390252715 -0.2318353019715066
v -1.5505698397323935 1.0910965980479155 -0.23828845137707394
v -1.5501370351296244 1.0698211784041995 -0.1566409785186958
v -1.4733915383796867 1.0582028045732677 -0.2472689177434736
v -1.4729587337769179 1.0369273849295517 -0.16562144488509545
vt 0.734375 0.375
vt 0.73046875 0.375
vt 0.73046875 0.37109375
vt 0.734375 0.37109375
vt 0.63671875 0.26953125
vt 0.6328125 0.26953125
vt 0.6328125 0.265625
vt 0.63671875 0.265625
vt 0.734375 0.37109375
vt 0.73046875 0.37109375
vt 0.73046875 0.3671875
vt 0.734375 0.3671875
vt 0.6328125 0.26953125
vt 0.62890625 0.26953125
vt 0.62890625 0.265625
vt 0.6328125 0.265625
vt 0.73046875 0.36328125
vt 0.734375 0.36328125
vt 0.734375 0.3671875
vt 0.73046875 0.3671875
vt 0.63671875 0.26953125
vt 0.640625 0.26953125
vt 0.640625 0.265625
vt 0.63671875 0.265625
vn -0.00512953603281638 0.2521531217033008 -0.9676737523955935
vn 0.4040878600388421 0.8856827508066297 0.22864615958469706
vn 0.00512953603281638 -0.2521531217033008 0.9676737523955935
vn -0.4040878600388421 -0.8856827508066297 -0.22864615958469706
vn -0.9147057938098552 0.3898523671069369 0.10643515693510719
vn 0.9147057938098552 -0.3898523671069369 -0.10643515693510719
usemtl m_91fe65ba-4f97-40fd-8230-0084d13434eb
f 3196/9580/2395 3199/9579/2395 3197/9578/2395 3194/9577/2395
f 3195/9584/2396 3196/9583/2396 3194/9582/2396 3193/9581/2396
f 3200/9588/2397 3195/9587/2397 3193/9586/2397 3198/9585/2397
f 3199/9592/2398 3200/9591/2398 3198/9590/2398 3197/9589/2398
f 3198/9596/2399 3193/9595/2399 3194/9594/2399 3197/9593/2399
f 3199/9600/2400 3196/9599/2400 3195/9598/2400 3200/9597/2400
o cube
v -1.5875767262588716 0.913161814315962 -0.22167849689551916
v -1.587749848099979 0.9216719821734484 -0.25433748603887046
v -1.5443568775013559 0.8947412899701592 -0.22670755806070297
v -1.5445299993424635 0.9032514578276456 -0.2593665472040543
v -1.5945688307381347 0.9067260857535864 -0.25819588998186227
v -1.594395708897027 0.8982159178960999 -0.22553690083851097
v -1.551348981980619 0.8883055614077835 -0.263224951147046
v -1.5511758601395114 0.8797953935502971 -0.23056596200369478
vt 0.734375 0.36328125
vt 0.73046875 0.36328125
vt 0.73046875 0.359375
vt 0.734375 0.359375
vt 0.6484375 0.26953125
vt 0.64453125 0.26953125
vt 0.64453125 0.265625
vt 0.6484375 0.265625
vt 0.734375 0.359375
vt 0.73046875 0.359375
vt 0.73046875 0.35546875
vt 0.734375 0.35546875
vt 0.64453125 0.26953125
vt 0.640625 0.26953125
vt 0.640625 0.265625
vt 0.64453125 0.265625
vt 0.73046875 0.3515625
vt 0.734375 0.3515625
vt 0.734375 0.35546875
vt 0.73046875 0.35546875
vt 0.6484375 0.26953125
vt 0.65234375 0.26953125
vt 0.65234375 0.265625
vt 0.6484375 0.265625
vn -0.00512953603281638 0.2521531217033008 -0.9676737523955935
vn 0.4040878600388421 0.8856827508066297 0.22864615958469706
vn 0.00512953603281638 -0.2521531217033008 0.9676737523955935
vn -0.4040878600388421 -0.8856827508066297 -0.22864615958469706
vn -0.9147057938098552 0.3898523671069369 0.10643515693510719
vn 0.9147057938098552 -0.3898523671069369 -0.10643515693510719
usemtl m_91fe65ba-4f97-40fd-8230-0084d13434eb
f 3204/9604/2401 3207/9603/2401 3205/9602/2401 3202/9601/2401
f 3203/9608/2402 3204/9607/2402 3202/9606/2402 3201/9605/2402
f 3208/9612/2403 3203/9611/2403 3201/9610/2403 3206/9609/2403
f 3207/9616/2404 3208/9615/2404 3206/9614/2404 3205/9613/2404
f 3206/9620/2405 3201/9619/2405 3202/9618/2405 3205/9617/2405
f 3207/9624/2406 3204/9623/2406 3203/9622/2406 3208/9621/2406
o cube
v -1.31669399757877 1.3244021454370531 -0.10897932501546287
v -1.3169536803404311 1.3371673972232827 -0.1579678087304898
v -1.279271077103024 1.2914585603756565 -0.11776202684169633
v -1.2795307598646852 1.304223812161886 -0.16675051055672324
v -1.4533265933652275 1.1921344809518826 -0.19503709238885428
v -1.4530669106035663 1.179369229165653 -0.14604860867382735
v -1.4159036728894816 1.1591908958904857 -0.20381979421508772
v -1.4156439901278202 1.1464256441042562 -0.1548313105000608
vt 0.71875 0.38671875
vt 0.70703125 0.38671875
vt 0.70703125 0.3828125
vt 0.71875 0.3828125
vt 0.578125 0.26953125
vt 0.57421875 0.26953125
vt 0.57421875 0.265625
vt 0.578125 0.265625
vt 0.71875 0.3828125
vt 0.70703125 0.3828125
vt 0.70703125 0.37890625
vt 0.71875 0.37890625
vt 0.734375 0.4296875
vt 0.73046875 0.4296875
vt 0.73046875 0.42578125
vt 0.734375 0.42578125
vt 0.70703125 0.375
vt 0.71875 0.375
vt 0.71875 0.37890625
vt 0.70703125 0.37890625
vt 0.70703125 0.375
vt 0.71875 0.375
vt 0.71875 0.37109375
vt 0.70703125 0.37109375
vn -0.0051295360328163665 0.2521531217033008 -0.9676737523955936
vn 0.6734464840730691 0.7162119322044459 0.18305819090550357
vn 0.0051295360328163665 -0.2521531217033008 0.9676737523955936
vn -0.6734464840730691 -0.7162119322044459 -0.18305819090550357
vn -0.7392181822369565 0.6507374826942536 0.1734854681725124
vn 0.7392181822369565 -0.6507374826942536 -0.1734854681725124
usemtl m_91fe65ba-4f97-40fd-8230-0084d13434eb
f 3212/9628/2407 3215/9627/2407 3213/9626/2407 3210/9625/2407
f 3211/9632/2408 3212/9631/2408 3210/9630/2408 3209/9629/2408
f 3216/9636/2409 3211/9635/2409 3209/9634/2409 3214/9633/2409
f 3215/9640/2410 3216/9639/2410 3214/9638/2410 3213/9637/2410
f 3214/9644/2411 3209/9643/2411 3210/9642/2411 3213/9641/2411
f 3215/9648/2412 3212/9647/2412 3211/9646/2412 3216/9645/2412
o cube
v -1.3228878705311171 1.3277652009829142 -0.09935079409191952
v -1.3232341142133324 1.3447855366978871 -0.16466877237862204
v -1.2729906432301228 1.283840420901052 -0.11106106319356407
v -1.2733368869123378 1.300860756616025 -0.17637904148026662
v -1.3914205707257303 1.272269078562187 -0.18320341420780425
v -1.3910743270435153 1.255248742847214 -0.11788543592110173
v -1.341523343424736 1.228344298480325 -0.1949136833094488
v -1.341177099742521 1.211323962765352 -0.12959570502274628
vt 0.73046875 0.71875
vt 0.72265625 0.71875
vt 0.72265625 0.71484375
vt 0.73046875 0.71484375
vt 0.58203125 0.26953125
vt 0.578125 0.26953125
vt 0.578125 0.265625
vt 0.58203125 0.265625
vt 0.73046875 0.71484375
vt 0.72265625 0.71484375
vt 0.72265625 0.7109375
vt 0.73046875 0.7109375
vt 0.734375 0.42578125
vt 0.73046875 0.42578125
vt 0.73046875 0.421875
vt 0.734375 0.421875
vt 0.2890625 0.2734375
vt 0.296875 0.2734375
vt 0.296875 0.27734375
vt 0.2890625 0.27734375
vt 0.72265625 0.7109375
vt 0.73046875 0.7109375
vt 0.73046875 0.70703125
vt 0.72265625 0.70703125
vn -0.0051295360328163665 0.2521531217033008 -0.9676737523955936
vn 0.6734464840730691 0.7162119322044459 0.18305819090550357
vn 0.0051295360328163665 -0.2521531217033008 0.9676737523955936
vn -0.6734464840730691 -0.7162119322044459 -0.18305819090550357
vn -0.7392181822369565 0.6507374826942536 0.1734854681725124
vn 0.7392181822369565 -0.6507374826942536 -0.1734854681725124
usemtl m_91fe65ba-4f97-40fd-8230-0084d13434eb
f 3220/9652/2413 3223/9651/2413 3221/9650/2413 3218/9649/2413
f 3219/9656/2414 3220/9655/2414 3218/9654/2414 3217/9653/2414
f 3224/9660/2415 3219/9659/2415 3217/9658/2415 3222/9657/2415
f 3223/9664/2416 3224/9663/2416 3222/9662/2416 3221/9661/2416
f 3222/9668/2417 3217/9667/2417 3218/9666/2417 3221/9665/2417
f 3223/9672/2418 3220/9671/2418 3219/9670/2418 3224/9669/2418
o cube
v -1.3290817434834648 1.3311282565287754 -0.08972226316837612
v -1.3295145480862336 1.3524036761724916 -0.17136973602675426
v -1.2667102093572216 1.2762222814264477 -0.10436009954543185
v -1.2671430139599904 1.2974977010701638 -0.18600757240381
v -1.3749721857611656 1.3040593707486914 -0.18372616391287575
v -1.3745393811583968 1.2827839511049755 -0.1020786910544976
v -1.3126006516349225 1.2491533956463639 -0.19836400028993148
v -1.3121678470321536 1.2278779760026477 -0.11671652743155334
vt 0.734375 0.421875
vt 0.73046875 0.421875
vt 0.73046875 0.41796875
vt 0.734375 0.41796875
vt 0.58984375 0.26953125
vt 0.5859375 0.26953125
vt 0.5859375 0.265625
vt 0.58984375 0.265625
vt 0.734375 0.41796875
vt 0.73046875 0.41796875
vt 0.73046875 0.4140625
vt 0.734375 0.4140625
vt 0.5859375 0.26953125
vt 0.58203125 0.26953125
vt 0.58203125 0.265625
vt 0.5859375 0.265625
vt 0.73046875 0.41015625
vt 0.734375 0.41015625
vt 0.734375 0.4140625
vt 0.73046875 0.4140625
vt 0.58984375 0.26953125
vt 0.59375 0.26953125
vt 0.59375 0.265625
vt 0.58984375 0.265625
vn -0.0051295360328163665 0.2521531217033008 -0.9676737523955936
vn 0.6734464840730691 0.7162119322044459 0.18305819090550357
vn 0.0051295360328163665 -0.2521531217033008 0.9676737523955936
vn -0.6734464840730691 -0.7162119322044459 -0.18305819090550357
vn -0.7392181822369565 0.6507374826942536 0.1734854681725124
vn 0.7392181822369565 -0.6507374826942536 -0.1734854681725124
usemtl m_91fe65ba-4f97-40fd-8230-0084d13434eb
f 3228/9676/2419 3231/9675/2419 3229/9674/2419 3226/9673/2419
f 3227/9680/2420 3228/9679/2420 3226/9678/2420 3225/9677/2420
f 3232/9684/2421 3227/9683/2421 3225/9682/2421 3230/9681/2421
f 3231/9688/2422 3232/9687/2422 3230/9686/2422 3229/9685/2422
f 3230/9692/2423 3225/9691/2423 3226/9690/2423 3229/9689/2423
f 3231/9696/2424 3228/9695/2424 3227/9694/2424 3232/9693/2424
o cube
v -1.4592607835559135 1.182732284711514 -0.13642007775028397
v -1.4596070272381287 1.1997526204264868 -0.20173805603698652
v -1.4093635562549192 1.138807504629652 -0.14813034685192855
v -1.4097097999371342 1.1558278403446247 -0.21344832513863107
v -1.527793483750527 1.1272361622907865 -0.22027269786616877
v -1.527447240068312 1.1102158265758137 -0.15495471957946624
v -1.4778962564495326 1.0833113822089244 -0.23198296696781334
v -1.4775500127673173 1.0662910464939517 -0.1666649886811108
vt 0.73046875 0.70703125
vt 0.72265625 0.70703125
vt 0.72265625 0.703125
vt 0.73046875 0.703125
vt 0.59765625 0.26953125
vt 0.59375 0.26953125
vt 0.59375 0.265625
vt 0.59765625 0.265625
vt 0.3046875 0.27734375
vt 0.296875 0.27734375
vt 0.296875 0.2734375
vt 0.3046875 0.2734375
vt 0.734375 0.41015625
vt 0.73046875 0.41015625
vt 0.73046875 0.40625
vt 0.734375 0.40625
vt 0.72265625 0.69921875
vt 0.73046875 0.69921875
vt 0.73046875 0.703125
vt 0.72265625 0.703125
vt 0.72265625 0.69921875
vt 0.73046875 0.69921875
vt 0.73046875 0.6953125
vt 0.72265625 0.6953125
vn -0.0051295360328163665 0.2521531217033008 -0.9676737523955936
vn 0.6734464840730691 0.7162119322044459 0.18305819090550357
vn 0.0051295360328163665 -0.2521531217033008 0.9676737523955936
vn -0.6734464840730691 -0.7162119322044459 -0.18305819090550357
vn -0.7392181822369565 0.6507374826942536 0.1734854681725124
vn 0.7392181822369565 -0.6507374826942536 -0.1734854681725124
usemtl m_91fe65ba-4f97-40fd-8230-0084d13434eb
f 3236/9700/2425 3239/9699/2425 3237/9698/2425 3234/9697/2425
f 3235/9704/2426 3236/9703/2426 3234/9702/2426 3233/9701/2426
f 3240/9708/2427 3235/9707/2427 3233/9706/2427 3238/9705/2427
f 3239/9712/2428 3240/9711/2428 3238/9710/2428 3237/9709/2428
f 3238/9716/2429 3233/9715/2429 3234/9714/2429 3237/9713/2429
f 3239/9720/2430 3236/9719/2430 3235/9718/2430 3240/9717/2430
o cube
v -1.4881834753457273 1.161923187545475 -0.13296976076980138
v -1.488616279948496 1.183198607189191 -0.21461723362817953
v -1.425811941219484 1.1070172124431472 -0.14760759714685712
v -1.426244745822253 1.1282926320868634 -0.22925507000523523
v -1.5340739176234282 1.134854301765391 -0.22697366151430098
v -1.5336411130206593 1.113578882121675 -0.14532618865592284
v -1.471702383497185 1.0799483266630632 -0.24161149789135672
v -1.4712695788944161 1.0586729070193472 -0.15996402503297857
vt 0.734375 0.40625
vt 0.73046875 0.40625
vt 0.73046875 0.40234375
vt 0.734375 0.40234375
vt 0.60546875 0.26953125
vt 0.6015625 0.26953125
vt 0.6015625 0.265625
vt 0.60546875 0.265625
vt 0.734375 0.40234375
vt 0.73046875 0.40234375
vt 0.73046875 0.3984375
vt 0.734375 0.3984375
vt 0.6015625 0.26953125
vt 0.59765625 0.26953125
vt 0.59765625 0.265625
vt 0.6015625 0.265625
vt 0.73046875 0.39453125
vt 0.734375 0.39453125
vt 0.734375 0.3984375
vt 0.73046875 0.3984375
vt 0.60546875 0.26953125
vt 0.609375 0.26953125
vt 0.609375 0.265625
vt 0.60546875 0.265625
vn -0.0051295360328163665 0.2521531217033008 -0.9676737523955936
vn 0.6734464840730691 0.7162119322044459 0.18305819090550357
vn 0.0051295360328163665 -0.2521531217033008 0.9676737523955936
vn -0.6734464840730691 -0.7162119322044459 -0.18305819090550357
vn -0.7392181822369565 0.6507374826942536 0.1734854681725124
vn 0.7392181822369565 -0.6507374826942536 -0.1734854681725124
usemtl m_91fe65ba-4f97-40fd-8230-0084d13434eb
f 3244/9724/2431 3247/9723/2431 3245/9722/2431 3242/9721/2431
f 3243/9728/2432 3244/9727/2432 3242/9726/2432 3241/9725/2432
f 3248/9732/2433 3243/9731/2433 3241/9730/2433 3246/9729/2433
f 3247/9736/2434 3248/9735/2434 3246/9734/2434 3245/9733/2434
f 3246/9740/2435 3241/9739/2435 3242/9738/2435 3245/9737/2435
f 3247/9744/2436 3244/9743/2436 3243/9742/2436 3248/9741/2436
o cube
v -1.2546098941057986 1.3272928376650563 -0.09111645090055323
v -1.2550426987085677 1.3485682573087723 -0.17276392375893138
v -1.2631866767534277 1.24605613556202 -0.11223936868758952
v -1.2636194813561967 1.267331555205736 -0.19388684154596766
v -1.3221921659211846 1.3551211986529368 -0.17070042847141534
v -1.3217593613184155 1.3338457790092209 -0.0890529556130372
v -1.3307689485688137 1.2738844965499005 -0.19182334625845163
v -1.3303361439660446 1.2526090769061846 -0.11017587340007348
vt 0.734375 0.46484375
vt 0.73046875 0.46484375
vt 0.73046875 0.4609375
vt 0.734375 0.4609375
vt 0.546875 0.26953125
vt 0.54296875 0.26953125
vt 0.54296875 0.265625
vt 0.546875 0.265625
vt 0.734375 0.4609375
vt 0.73046875 0.4609375
vt 0.73046875 0.45703125
vt 0.734375 0.45703125
vt 0.54296875 0.26953125
vt 0.5390625 0.26953125
vt 0.5390625 0.265625
vt 0.54296875 0.265625
vt 0.73046875 0.453125
vt 0.734375 0.453125
vt 0.734375 0.45703125
vt 0.73046875 0.45703125
vt 0.546875 0.26953125
vt 0.55078125 0.26953125
vt 0.55078125 0.265625
vt 0.546875 0.265625
vn -0.005129536032816363 0.2521531217033008 -0.9676737523955935
vn 0.9948069216684013 -0.09708061250614254 -0.03057030055579335
vn 0.005129536032816363 -0.2521531217033008 0.9676737523955935
vn -0.9948069216684013 0.09708061250614254 0.03057030055579335
vn 0.1016507573052326 0.9628053582582061 0.25034569229080034
vn -0.1016507573052326 -0.9628053582582061 -0.25034569229080034
usemtl m_91fe65ba-4f97-40fd-8230-0084d13434eb
f 3252/9748/2437 3255/9747/2437 3253/9746/2437 3250/9745/2437
f 3251/9752/2438 3252/9751/2438 3250/9750/2438 3249/9749/2438
f 3256/9756/2439 3251/9755/2439 3249/9754/2439 3254/9753/2439
f 3255/9760/2440 3256/9759/2440 3254/9758/2440 3253/9757/2440
f 3254/9764/2441 3249/9763/2441 3250/9762/2441 3253/9761/2441
f 3255/9768/2442 3252/9767/2442 3251/9766/2442 3256/9765/2442
o cube
v -1.2219361192245302 1.3180202387470419 -0.10242523760885269
v -1.2222823629067452 1.3350405744620146 -0.16774321589555524
v -1.2287975453426332 1.253030877064613 -0.11932357183848169
v -1.2291437890248484 1.2700512127795858 -0.18464155012518424
v -1.3230065637256705 1.3448699864782616 -0.1646479729642812
v -1.3226603200434555 1.3278496507632886 -0.09932999467757865
v -1.3298679898437737 1.2798806247958328 -0.18154630719391018
v -1.3295217461615587 1.26286028908086 -0.11622832890720763
vt 0.73046875 0.73828125
vt 0.72265625 0.73828125
vt 0.72265625 0.734375
vt 0.73046875 0.734375
vt 0.5546875 0.26953125
vt 0.55078125 0.26953125
vt 0.55078125 0.265625
vt 0.5546875 0.265625
vt 0.2734375 0.27734375
vt 0.265625 0.27734375
vt 0.265625 0.2734375
vt 0.2734375 0.2734375
vt 0.734375 0.453125
vt 0.73046875 0.453125
vt 0.73046875 0.44921875
vt 0.734375 0.44921875
vt 0.72265625 0.73046875
vt 0.73046875 0.73046875
vt 0.73046875 0.734375
vt 0.72265625 0.734375
vt 0.72265625 0.73046875
vt 0.73046875 0.73046875
vt 0.73046875 0.7265625
vt 0.72265625 0.7265625
vn -0.005129536032816363 0.2521531217033008 -0.9676737523955935
vn 0.9948069216684013 -0.09708061250614254 -0.03057030055579335
vn 0.005129536032816363 -0.2521531217033008 0.9676737523955935
vn -0.9948069216684013 0.09708061250614254 0.03057030055579335
vn 0.1016507573052326 0.9628053582582061 0.25034569229080034
vn -0.1016507573052326 -0.9628053582582061 -0.25034569229080034
usemtl m_91fe65ba-4f97-40fd-8230-0084d13434eb
f 3260/9772/2443 3263/9771/2443 3261/9770/2443 3258/9769/2443
f 3259/9776/2444 3260/9775/2444 3258/9774/2444 3257/9773/2444
f 3264/9780/2445 3259/9779/2445 3257/9778/2445 3262/9777/2445
f 3263/9784/2446 3264/9783/2446 3262/9782/2446 3261/9781/2446
f 3262/9788/2447 3257/9787/2447 3258/9786/2447 3261/9785/2447
f 3263/9792/2448 3260/9791/2448 3259/9790/2448 3264/9789/2448
o cube
v -1.019586758861639 1.3043575429604801 -0.09833868440685936
v -1.0200195634644078 1.325632962604196 -0.1799861572652375
v -1.028163541509268 1.2231208408574439 -0.11946160219389565
v -1.0285963461120369 1.24439626050116 -0.2011090750522738
v -1.087169030677025 1.3321859039483608 -0.17792266197772147
v -1.0867362260742561 1.3109104843046449 -0.09627518911934332
v -1.095745813324654 1.2509492018453245 -0.19904557976475776
v -1.095313008721885 1.2296737822016086 -0.11739810690637961
vt 0.734375 0.44921875
vt 0.73046875 0.44921875
vt 0.73046875 0.4453125
vt 0.734375 0.4453125
vt 0.5625 0.26953125
vt 0.55859375 0.26953125
vt 0.55859375 0.265625
vt 0.5625 0.265625
vt 0.734375 0.4453125
vt 0.73046875 0.4453125
vt 0.73046875 0.44140625
vt 0.734375 0.44140625
vt 0.55859375 0.26953125
vt 0.5546875 0.26953125
vt 0.5546875 0.265625
vt 0.55859375 0.265625
vt 0.73046875 0.4375
vt 0.734375 0.4375
vt 0.734375 0.44140625
vt 0.73046875 0.44140625
vt 0.5625 0.26953125
vt 0.56640625 0.26953125
vt 0.56640625 0.265625
vt 0.5625 0.265625
vn -0.005129536032816363 0.2521531217033008 -0.9676737523955935
vn 0.9948069216684013 -0.09708061250614254 -0.03057030055579335
vn 0.005129536032816363 -0.2521531217033008 0.9676737523955935
vn -0.9948069216684013 0.09708061250614254 0.03057030055579335
vn 0.1016507573052326 0.9628053582582061 0.25034569229080034
vn -0.1016507573052326 -0.9628053582582061 -0.25034569229080034
usemtl m_91fe65ba-4f97-40fd-8230-0084d13434eb
f 3268/9796/2449 3271/9795/2449 3269/9794/2449 3266/9793/2449
f 3267/9800/2450 3268/9799/2450 3266/9798/2450 3265/9797/2450
f 3272/9804/2451 3267/9803/2451 3265/9802/2451 3270/9801/2451
f 3271/9808/2452 3272/9807/2452 3270/9806/2452 3269/9805/2452
f 3270/9812/2453 3265/9811/2453 3266/9810/2453 3269/9809/2453
f 3271/9816/2454 3268/9815/2454 3267/9814/2454 3272/9813/2454
o cube
v -1.0204877175866787 1.2983614147145481 -0.10861572347140082
v -1.020833961268894 1.3153817504295209 -0.17393370175810335
v -1.027349143704782 1.2333720530321193 -0.1255140577010298
v -1.0276953873869972 1.250392388747092 -0.19083203598773235
v -1.1215581620878194 1.3252111624457679 -0.1708384588268293
v -1.1212119184056044 1.308190826730795 -0.10552048054012676
v -1.1284195882059227 1.260221800763339 -0.1877367930564583
v -1.1280733445237077 1.243201465048366 -0.12241881476975576
vt 0.28125 0.27734375
vt 0.2734375 0.27734375
vt 0.2734375 0.2734375
vt 0.28125 0.2734375
vt 0.5703125 0.26953125
vt 0.56640625 0.26953125
vt 0.56640625 0.265625
vt 0.5703125 0.265625
vt 0.73046875 0.7265625
vt 0.72265625 0.7265625
vt 0.72265625 0.72265625
vt 0.73046875 0.72265625
vt 0.734375 0.4375
vt 0.73046875 0.4375
vt 0.73046875 0.43359375
vt 0.734375 0.43359375
vt 0.72265625 0.71875
vt 0.73046875 0.71875
vt 0.73046875 0.72265625
vt 0.72265625 0.72265625
vt 0.28125 0.27734375
vt 0.2890625 0.27734375
vt 0.2890625 0.2734375
vt 0.28125 0.2734375
vn -0.005129536032816363 0.2521531217033008 -0.9676737523955935
vn 0.9948069216684013 -0.09708061250614254 -0.03057030055579335
vn 0.005129536032816363 -0.2521531217033008 0.9676737523955935
vn -0.9948069216684013 0.09708061250614254 0.03057030055579335
vn 0.1016507573052326 0.9628053582582061 0.25034569229080034
vn -0.1016507573052326 -0.9628053582582061 -0.25034569229080034
usemtl m_91fe65ba-4f97-40fd-8230-0084d13434eb
f 3276/9820/2455 3279/9819/2455 3277/9818/2455 3274/9817/2455
f 3275/9824/2456 3276/9823/2456 3274/9822/2456 3273/9821/2456
f 3280/9828/2457 3275/9827/2457 3273/9826/2457 3278/9825/2457
f 3279/9832/2458 3280/9831/2458 3278/9830/2458 3277/9829/2458
f 3278/9836/2459 3273/9835/2459 3274/9834/2459 3277/9833/2459
f 3279/9840/2460 3276/9839/2460 3275/9838/2460 3280/9837/2460
o cube
v -1.0213886763117186 1.2923652864686161 -0.11889276253594222
v -1.0216483590733798 1.3051305382548457 -0.16788124625096915
v -1.026534745900296 1.2436232652067944 -0.131566513208164
v -1.0267944286619572 1.256388516993024 -0.18055499692319094
v -1.223096760711231 1.3247893622873397 -0.16169076038842103
v -1.2228370779495699 1.31202411050111 -0.11270227667339411
v -1.2282428302998085 1.2760473410255178 -0.17436451106064282
v -1.2279831475381473 1.2632820892392882 -0.12537602734561593
vt 0.71875 0.40234375
vt 0.70703125 0.40234375
vt 0.70703125 0.3984375
vt 0.71875 0.3984375
vt 0.57421875 0.26953125
vt 0.5703125 0.26953125
vt 0.5703125 0.265625
vt 0.57421875 0.265625
vt 0.71875 0.3984375
vt 0.70703125 0.3984375
vt 0.70703125 0.39453125
vt 0.71875 0.39453125
vt 0.734375 0.43359375
vt 0.73046875 0.43359375
vt 0.73046875 0.4296875
vt 0.734375 0.4296875
vt 0.70703125 0.390625
vt 0.71875 0.390625
vt 0.71875 0.39453125
vt 0.70703125 0.39453125
vt 0.70703125 0.390625
vt 0.71875 0.390625
vt 0.71875 0.38671875
vt 0.70703125 0.38671875
vn -0.005129536032816363 0.2521531217033008 -0.9676737523955935
vn 0.9948069216684013 -0.09708061250614254 -0.03057030055579335
vn 0.005129536032816363 -0.2521531217033008 0.9676737523955935
vn -0.9948069216684013 0.09708061250614254 0.03057030055579335
vn 0.1016507573052326 0.9628053582582061 0.25034569229080034
vn -0.1016507573052326 -0.9628053582582061 -0.25034569229080034
usemtl m_91fe65ba-4f97-40fd-8230-0084d13434eb
f 3284/9844/2461 3287/9843/2461 3285/9842/2461 3282/9841/2461
f 3283/9848/2462 3284/9847/2462 3282/9846/2462 3281/9845/2462
f 3288/9852/2463 3283/9851/2463 3281/9850/2463 3286/9849/2463
f 3287/9856/2464 3288/9855/2464 3286/9854/2464 3285/9853/2464
f 3286/9860/2465 3281/9859/2465 3282/9858/2465 3285/9857/2465
f 3287/9864/2466 3284/9863/2466 3283/9862/2466 3288/9861/2466
o cube
v -1.4350848039743933 1.2132252633931728 -0.5267205234970543
v -1.3972617000286165 1.2088132437536936 -0.5600797428465506
v -1.4068757170297366 1.1900209312316385 -0.4916677488895287
v -1.3690526130839595 1.1856089115921593 -0.525026968239025
v -1.4706429888323167 1.0297050674294153 -0.6195919065385158
v -1.5084660927780935 1.0341170870688945 -0.5862326871890197
v -1.44243390188766 1.0065007352678812 -0.5845391319309903
v -1.4802570058334368 1.0109127549073604 -0.551179912581494
vt 0.72265625 0.86328125
vt 0.7109375 0.86328125
vt 0.7109375 0.859375
vt 0.72265625 0.859375
vt 0.7265625 0.26953125
vt 0.72265625 0.26953125
vt 0.72265625 0.265625
vt 0.7265625 0.265625
vt 0.72265625 0.859375
vt 0.7109375 0.859375
vt 0.7109375 0.85546875
vt 0.72265625 0.85546875
vt 0.734375 0.28125
vt 0.73046875 0.28125
vt 0.73046875 0.27734375
vt 0.734375 0.27734375
vt 0.7109375 0.8515625
vt 0.72265625 0.8515625
vt 0.72265625 0.85546875
vt 0.7109375 0.85546875
vt 0.7109375 0.8515625
vt 0.72265625 0.8515625
vt 0.72265625 0.84765625
vt 0.7109375 0.84765625
vn 0.747123040904235 -0.08715100522428182 -0.658947542706099
vn 0.36237673483308736 0.8844848213544594 0.2938872281084708
vn -0.747123040904235 0.08715100522428182 0.658947542706099
vn -0.36237673483308736 -0.8844848213544594 -0.2938872281084708
vn -0.5572165322401332 0.45835717849943963 -0.6924004860745792
vn 0.5572165322401332 -0.45835717849943963 0.6924004860745792
usemtl m_91fe65ba-4f97-40fd-8230-0084d13434eb
f 3292/9868/2467 3295/9867/2467 3293/9866/2467 3290/9865/2467
f 3291/9872/2468 3292/9871/2468 3290/9870/2468 3289/9869/2468
f 3296/9876/2469 3291/9875/2469 3289/9874/2469 3294/9873/2469
f 3295/9880/2470 3296/9879/2470 3294/9878/2470 3293/9877/2470
f 3294/9884/2471 3289/9883/2471 3290/9882/2471 3293/9881/2471
f 3295/9888/2472 3292/9887/2472 3291/9886/2472 3296/9885/2472
o cube
v -1.4460901691227988 1.2178279886933414 -0.5270027827067258
v -1.395659363861763 1.2119452958407024 -0.5714817418393875
v -1.40847805319659 1.1868888791446295 -0.48026574989669185
v -1.358047247935554 1.1810061862919903 -0.5247447090293536
v -1.4323500082636131 1.1223912076785634 -0.6012378236853702
v -1.482780813524649 1.1282739005312024 -0.5567588645527085
v -1.3947378923374043 1.0914520981298512 -0.5545007908753361
v -1.4451686975984401 1.0973347909824902 -0.5100218317426745
vt 0.73046875 0.63671875
vt 0.72265625 0.63671875
vt 0.72265625 0.6328125
vt 0.73046875 0.6328125
vt 0.73046875 0.26953125
vt 0.7265625 0.26953125
vt 0.7265625 0.265625
vt 0.73046875 0.265625
vt 0.375 0.27734375
vt 0.3671875 0.27734375
vt 0.3671875 0.2734375
vt 0.375 0.2734375
vt 0.734375 0.27734375
vt 0.73046875 0.27734375
vt 0.73046875 0.2734375
vt 0.734375 0.2734375
vt 0.72265625 0.62890625
vt 0.73046875 0.62890625
vt 0.73046875 0.6328125
vt 0.72265625 0.6328125
vt 0.72265625 0.62890625
vt 0.73046875 0.62890625
vt 0.73046875 0.625
vt 0.72265625 0.625
vn 0.747123040904235 -0.08715100522428182 -0.658947542706099
vn 0.36237673483308736 0.8844848213544594 0.2938872281084708
vn -0.747123040904235 0.08715100522428182 0.658947542706099
vn -0.36237673483308736 -0.8844848213544594 -0.2938872281084708
vn -0.5572165322401332 0.45835717849943963 -0.6924004860745792
vn 0.5572165322401332 -0.45835717849943963 0.6924004860745792
usemtl m_91fe65ba-4f97-40fd-8230-0084d13434eb
f 3300/9892/2473 3303/9891/2473 3301/9890/2473 3298/9889/2473
f 3299/9896/2474 3300/9895/2474 3298/9894/2474 3297/9893/2474
f 3304/9900/2475 3299/9899/2475 3297/9898/2475 3302/9897/2475
f 3303/9904/2476 3304/9903/2476 3302/9902/2476 3301/9901/2476
f 3302/9908/2477 3297/9907/2477 3298/9906/2477 3301/9905/2477
f 3303/9912/2478 3300/9911/2478 3299/9910/2478 3304/9909/2478
o cube
v -1.4999822678927395 1.0298084964113576 -0.583726480022715
v -1.469723784736118 1.0262788806997742 -0.610413855502312
v -1.4774149983370142 1.0112450306821303 -0.5556842603366946
v -1.4471565151803927 1.007715414970547 -0.5823716358162916
v -1.4819539995367348 0.9964275179790612 -0.6203325494509728
v -1.5122124826933563 0.9999571336906445 -0.5936451739713758
v -1.4593867299810093 0.9778640522498339 -0.5922903297649524
v -1.4896452131376308 0.9813936679614172 -0.5656029542853555
vt 0.734375 0.2734375
vt 0.73046875 0.2734375
vt 0.73046875 0.26953125
vt 0.734375 0.26953125
vt 0.73828125 1
vt 0.734375 1
vt 0.734375 0.99609375
vt 0.73828125 0.99609375
vt 0.00390625 0.265625
vt 0 0.265625
vt 0 0.26171875
vt 0.00390625 0.26171875
vt 0.734375 0.26953125
vt 0.73046875 0.26953125
vt 0.73046875 0.265625
vt 0.734375 0.265625
vt 0.00390625 0.26171875
vt 0.0078125 0.26171875
vt 0.0078125 0.265625
vt 0.00390625 0.265625
vt 0.734375 0.99609375
vt 0.73828125 0.99609375
vt 0.73828125 0.9921875
vt 0.734375 0.9921875
vn 0.747123040904235 -0.08715100522428182 -0.658947542706099
vn 0.36237673483308736 0.8844848213544594 0.2938872281084708
vn -0.747123040904235 0.08715100522428182 0.658947542706099
vn -0.36237673483308736 -0.8844848213544594 -0.2938872281084708
vn -0.5572165322401332 0.45835717849943963 -0.6924004860745792
vn 0.5572165322401332 -0.45835717849943963 0.6924004860745792
usemtl m_91fe65ba-4f97-40fd-8230-0084d13434eb
f 3308/9916/2479 3311/9915/2479 3309/9914/2479 3306/9913/2479
f 3307/9920/2480 3308/9919/2480 3306/9918/2480 3305/9917/2480
f 3312/9924/2481 3307/9923/2481 3305/9922/2481 3310/9921/2481
f 3311/9928/2482 3312/9927/2482 3310/9926/2482 3309/9925/2482
f 3310/9932/2483 3305/9931/2483 3306/9930/2483 3309/9929/2483
f 3311/9936/2484 3308/9935/2484 3307/9934/2484 3312/9933/2484
o cube
v -1.4570955342712044 1.2224307139935104 -0.5272850419163975
v -1.3940570276949098 1.2150773479277115 -0.5828837408322246
v -1.4100803893634433 1.18375682705762 -0.46886375090385485
v -1.3470418827871484 1.1764034609918212 -0.5244624498196819
v -1.4185174572961432 1.1553746224862858 -0.6027211287295463
v -1.4815559638724378 1.1627279885520845 -0.5471224298137193
v -1.3715023123883818 1.1167007355503955 -0.5442998377170036
v -1.4345408189646767 1.1240541016161942 -0.4887011388011766
vt 0.01171875 0.265625
vt 0.0078125 0.265625
vt 0.0078125 0.26171875
vt 0.01171875 0.26171875
vt 0.73828125 0.98828125
vt 0.734375 0.98828125
vt 0.734375 0.984375
vt 0.73828125 0.984375
vt 0.015625 0.265625
vt 0.01171875 0.265625
vt 0.01171875 0.26171875
vt 0.015625 0.26171875
vt 0.73828125 0.9921875
vt 0.734375 0.9921875
vt 0.734375 0.98828125
vt 0.73828125 0.98828125
vt 0.015625 0.26171875
vt 0.01953125 0.26171875
vt 0.01953125 0.265625
vt 0.015625 0.265625
vt 0.734375 0.984375
vt 0.73828125 0.984375
vt 0.73828125 0.98046875
vt 0.734375 0.98046875
vn 0.747123040904235 -0.08715100522428182 -0.658947542706099
vn 0.36237673483308736 0.8844848213544594 0.2938872281084708
vn -0.747123040904235 0.08715100522428182 0.658947542706099
vn -0.36237673483308736 -0.8844848213544594 -0.2938872281084708
vn -0.5572165322401332 0.45835717849943963 -0.6924004860745792
vn 0.5572165322401332 -0.45835717849943963 0.6924004860745792
usemtl m_91fe65ba-4f97-40fd-8230-0084d13434eb
f 3316/9940/2485 3319/9939/2485 3317/9938/2485 3314/9937/2485
f 3315/9944/2486 3316/9943/2486 3314/9942/2486 3313/9941/2486
f 3320/9948/2487 3315/9947/2487 3313/9946/2487 3318/9945/2487
f 3319/9952/2488 3320/9951/2488 3318/9950/2488 3317/9949/2488
f 3318/9956/2489 3313/9955/2489 3314/9954/2489 3317/9953/2489
f 3319/9960/2490 3316/9959/2490 3315/9958/2490 3320/9957/2490
o cube
v -1.506250198071054 0.9959426776757396 -0.5889150188484382
v -1.4810347954405363 0.9930013312494201 -0.611154498414769
v -1.479921716922708 0.974285300991641 -0.5561990958814143
v -1.45470631429219 0.9713439545653215 -0.5784385754477451
v -1.4871499028408448 0.9780756498890635 -0.6161138453890994
v -1.5123653054713626 0.981016996315383 -0.5938743658227686
v -1.4608214216924984 0.9564182732049649 -0.5833979224220756
v -1.4860368243230164 0.9593596196312844 -0.5611584428557448
vt 0.0234375 0.265625
vt 0.01953125 0.265625
vt 0.01953125 0.26171875
vt 0.0234375 0.26171875
vt 0.73828125 0.9765625
vt 0.734375 0.9765625
vt 0.734375 0.97265625
vt 0.73828125 0.97265625
vt 0.02734375 0.265625
vt 0.0234375 0.265625
vt 0.0234375 0.26171875
vt 0.02734375 0.26171875
vt 0.73828125 0.98046875
vt 0.734375 0.98046875
vt 0.734375 0.9765625
vt 0.73828125 0.9765625
vt 0.02734375 0.26171875
vt 0.03125 0.26171875
vt 0.03125 0.265625
vt 0.02734375 0.265625
vt 0.734375 0.97265625
vt 0.73828125 0.97265625
vt 0.73828125 0.96875
vt 0.734375 0.96875
vn 0.747123040904235 -0.08715100522428182 -0.658947542706099
vn 0.36237673483308736 0.8844848213544594 0.2938872281084708
vn -0.747123040904235 0.08715100522428182 0.658947542706099
vn -0.36237673483308736 -0.8844848213544594 -0.2938872281084708
vn -0.5572165322401332 0.45835717849943963 -0.6924004860745792
vn 0.5572165322401332 -0.45835717849943963 0.6924004860745792
usemtl m_91fe65ba-4f97-40fd-8230-0084d13434eb
f 3324/9964/2491 3327/9963/2491 3325/9962/2491 3322/9961/2491
f 3323/9968/2492 3324/9967/2492 3322/9966/2492 3321/9965/2492
f 3328/9972/2493 3323/9971/2493 3321/9970/2493 3326/9969/2493
f 3327/9976/2494 3328/9975/2494 3326/9974/2494 3325/9973/2494
f 3326/9980/2495 3321/9979/2495 3322/9978/2495 3325/9977/2495
f 3327/9984/2496 3324/9983/2496 3323/9982/2496 3328/9981/2496
o cube
v -1.2647689319206332 1.3619361666028038 -0.3532824269359974
v -1.2269458279748564 1.3575241469633246 -0.3866416462854936
v -1.2495118071094589 1.3194521034325282 -0.3303648541142457
v -1.211688703163682 1.315040083793049 -0.3637240734637419
v -1.3469140621306166 1.2488205805640655 -0.5082862410919644
v -1.3847371660763934 1.2532326002035448 -0.47492702174246826
v -1.3316569373194425 1.2063365173937899 -0.48536866827021286
v -1.3694800412652193 1.2107485370332691 -0.4520094489207166
vt 0.72265625 0.87890625
vt 0.7109375 0.87890625
vt 0.7109375 0.875
vt 0.72265625 0.875
vt 0.69140625 0.26953125
vt 0.6875 0.26953125
vt 0.6875 0.265625
vt 0.69140625 0.265625
vt 0.72265625 0.875
vt 0.7109375 0.875
vt 0.7109375 0.87109375
vt 0.72265625 0.87109375
vt 0.734375 0.31640625
vt 0.73046875 0.31640625
vt 0.73046875 0.3125
vt 0.734375 0.3125
vt 0.7109375 0.8671875
vt 0.72265625 0.8671875
vt 0.72265625 0.87109375
vt 0.7109375 0.87109375
vt 0.7109375 0.8671875
vt 0.72265625 0.8671875
vt 0.72265625 0.86328125
vt 0.7109375 0.86328125
vn 0.747123040904235 -0.08715100522428182 -0.658947542706099
vn 0.5924357242259775 0.5368077353049828 0.6007140484270175
vn -0.747123040904235 0.08715100522428182 0.658947542706099
vn -0.5924357242259775 -0.5368077353049828 -0.6007140484270175
vn -0.3013753049120826 0.8391913712647028 -0.45269279647904387
vn 0.3013753049120826 -0.8391913712647028 0.45269279647904387
usemtl m_91fe65ba-4f97-40fd-8230-0084d13434eb
f 3332/9988/2497 3335/9987/2497 3333/9986/2497 3330/9985/2497
f 3331/9992/2498 3332/9991/2498 3330/9990/2498 3329/9989/2498
f 3336/9996/2499 3331/9995/2499 3329/9994/2499 3334/9993/2499
f 3335/10000/2500 3336/9999/2500 3334/9998/2500 3333/9997/2500
f 3334/10004/2501 3329/10003/2501 3330/10002/2501 3333/10001/2501
f 3335/10008/2502 3332/10007/2502 3331/10006/2502 3336/10005/2502
o cube
v -1.2736156367134583 1.3697521804044295 -0.35154215251470655
v -1.2231848314524225 1.3638694875517905 -0.3960211116473682
v -1.2532728036318928 1.3131067628440622 -0.32098538875237115
v -1.202841998370857 1.3072240699914233 -0.3654643478850328
v -1.2831689485303026 1.309517704352161 -0.4568434090506036
v -1.3335997537913384 1.3154003972048 -0.4123644499179419
v -1.262826115448737 1.2528722867917936 -0.4262866452882682
v -1.3132569207097728 1.2587549796444326 -0.3818076861556065
vt 0.73046875 0.6640625
vt 0.72265625 0.6640625
vt 0.72265625 0.66015625
vt 0.73046875 0.66015625
vt 0.6953125 0.26953125
vt 0.69140625 0.26953125
vt 0.69140625 0.265625
vt 0.6953125 0.265625
vt 0.73046875 0.66015625
vt 0.72265625 0.66015625
vt 0.72265625 0.65625
vt 0.73046875 0.65625
vt 0.734375 0.3125
vt 0.73046875 0.3125
vt 0.73046875 0.30859375
vt 0.734375 0.30859375
vt 0.72265625 0.65234375
vt 0.73046875 0.65234375
vt 0.73046875 0.65625
vt 0.72265625 0.65625
vt 0.72265625 0.65234375
vt 0.73046875 0.65234375
vt 0.73046875 0.6484375
vt 0.72265625 0.6484375
vn 0.747123040904235 -0.08715100522428182 -0.658947542706099
vn 0.5924357242259775 0.5368077353049828 0.6007140484270175
vn -0.747123040904235 0.08715100522428182 0.658947542706099
vn -0.5924357242259775 -0.5368077353049828 -0.6007140484270175
vn -0.3013753049120826 0.8391913712647028 -0.45269279647904387
vn 0.3013753049120826 -0.8391913712647028 0.45269279647904387
usemtl m_91fe65ba-4f97-40fd-8230-0084d13434eb
f 3340/10012/2503 3343/10011/2503 3341/10010/2503 3338/10009/2503
f 3339/10016/2504 3340/10015/2504 3338/10014/2504 3337/10013/2504
f 3344/10020/2505 3339/10019/2505 3337/10018/2505 3342/10017/2505
f 3343/10024/2506 3344/10023/2506 3342/10022/2506 3341/10021/2506
f 3342/10028/2507 3337/10027/2507 3338/10026/2507 3341/10025/2507
f 3343/10032/2508 3340/10031/2508 3339/10030/2508 3344/10029/2508
o cube
v -1.2824623415062835 1.3775681942060554 -0.3498018780934158
v -1.2194238349299886 1.3702148281402566 -0.40540057700924287
v -1.2570338001543266 1.306761422255596 -0.3116059233904965
v -1.1939952935780318 1.2994080561897974 -0.36720462230632356
v -1.259413246315242 1.3339803060071704 -0.4459487752780664
v -1.322451752891537 1.3413336720729692 -0.3903500763622394
v -1.2339847049632853 1.263173534056711 -0.4077528205751471
v -1.29702321153958 1.2705269001225097 -0.35215412165932003
vt 0.734375 0.30859375
vt 0.73046875 0.30859375
vt 0.73046875 0.3046875
vt 0.734375 0.3046875
vt 0.703125 0.26953125
vt 0.69921875 0.26953125
vt 0.69921875 0.265625
vt 0.703125 0.265625
vt 0.734375 0.3046875
vt 0.73046875 0.3046875
vt 0.73046875 0.30078125
vt 0.734375 0.30078125
vt 0.69921875 0.26953125
vt 0.6953125 0.26953125
vt 0.6953125 0.265625
vt 0.69921875 0.265625
vt 0.73046875 0.296875
vt 0.734375 0.296875
vt 0.734375 0.30078125
vt 0.73046875 0.30078125
vt 0.703125 0.26953125
vt 0.70703125 0.26953125
vt 0.70703125 0.265625
vt 0.703125 0.265625
vn 0.747123040904235 -0.08715100522428182 -0.658947542706099
vn 0.5924357242259775 0.5368077353049828 0.6007140484270175
vn -0.747123040904235 0.08715100522428182 0.658947542706099
vn -0.5924357242259775 -0.5368077353049828 -0.6007140484270175
vn -0.3013753049120826 0.8391913712647028 -0.45269279647904387
vn 0.3013753049120826 -0.8391913712647028 0.45269279647904387
usemtl m_91fe65ba-4f97-40fd-8230-0084d13434eb
f 3348/10036/2509 3351/10035/2509 3349/10034/2509 3346/10033/2509
f 3347/10040/2510 3348/10039/2510 3346/10038/2510 3345/10037/2510
f 3352/10044/2511 3347/10043/2511 3345/10042/2511 3350/10041/2511
f 3351/10048/2512 3352/10047/2512 3350/10046/2512 3349/10045/2512
f 3350/10052/2513 3345/10051/2513 3346/10050/2513 3349/10049/2513
f 3351/10056/2514 3348/10055/2514 3347/10054/2514 3352/10053/2514
o cube
v -1.3935838708692185 1.2610486140051704 -0.4731867473211774
v -1.3431530656081827 1.2551659211525314 -0.517665706453839
v -1.373241037787653 1.2044031964448032 -0.442629983558842
v -1.3228102325266171 1.1985205035921642 -0.4871089426915037
v -1.4031371826860628 1.200814137952902 -0.5784880038570746
v -1.4535679879470988 1.206696830805541 -0.5340090447244129
v -1.3827943496044974 1.1441687203925346 -0.5479312400947391
v -1.4332251548655333 1.1500514132451736 -0.5034522809620775
vt 0.73046875 0.6484375
vt 0.72265625 0.6484375
vt 0.72265625 0.64453125
vt 0.73046875 0.64453125
vt 0.7109375 0.26953125
vt 0.70703125 0.26953125
vt 0.70703125 0.265625
vt 0.7109375 0.265625
vt 0.73046875 0.64453125
vt 0.72265625 0.64453125
vt 0.72265625 0.640625
vt 0.73046875 0.640625
vt 0.734375 0.296875
vt 0.73046875 0.296875
vt 0.73046875 0.29296875
vt 0.734375 0.29296875
vt 0.359375 0.2734375
vt 0.3671875 0.2734375
vt 0.3671875 0.27734375
vt 0.359375 0.27734375
vt 0.72265625 0.640625
vt 0.73046875 0.640625
vt 0.73046875 0.63671875
vt 0.72265625 0.63671875
vn 0.747123040904235 -0.08715100522428182 -0.658947542706099
vn 0.5924357242259775 0.5368077353049828 0.6007140484270175
vn -0.747123040904235 0.08715100522428182 0.658947542706099
vn -0.5924357242259775 -0.5368077353049828 -0.6007140484270175
vn -0.3013753049120826 0.8391913712647028 -0.45269279647904387
vn 0.3013753049120826 -0.8391913712647028 0.45269279647904387
usemtl m_91fe65ba-4f97-40fd-8230-0084d13434eb
f 3356/10060/2515 3359/10059/2515 3357/10058/2515 3354/10057/2515
f 3355/10064/2516 3356/10063/2516 3354/10062/2516 3353/10061/2516
f 3360/10068/2517 3355/10067/2517 3353/10066/2517 3358/10065/2517
f 3359/10072/2518 3360/10071/2518 3358/10070/2518 3357/10069/2518
f 3358/10076/2519 3353/10075/2519 3354/10074/2519 3357/10073/2519
f 3359/10080/2520 3356/10079/2520 3355/10078/2520 3360/10077/2520
o cube
v -1.4224252813546705 1.250747366740253 -0.49172057203429864
v -1.3593867747783759 1.2433940006744544 -0.5473192709501257
v -1.3969967400027137 1.1799405947897939 -0.4535246173313793
v -1.3339582334264188 1.1725872287239951 -0.5091233162472063
v -1.3993761861636291 1.2071594785413682 -0.5878674692189493
v -1.462414692739924 1.214512844607167 -0.5322687703031221
v -1.3739476448116723 1.1363527065909087 -0.5496715145160299
v -1.436986151387967 1.1437060726567074 -0.49407281560020283
vt 0.734375 0.29296875
vt 0.73046875 0.29296875
vt 0.73046875 0.2890625
vt 0.734375 0.2890625
vt 0.71875 0.26953125
vt 0.71484375 0.26953125
vt 0.71484375 0.265625
vt 0.71875 0.265625
vt 0.734375 0.2890625
vt 0.73046875 0.2890625
vt 0.73046875 0.28515625
vt 0.734375 0.28515625
vt 0.71484375 0.26953125
vt 0.7109375 0.26953125
vt 0.7109375 0.265625
vt 0.71484375 0.265625
vt 0.73046875 0.28125
vt 0.734375 0.28125
vt 0.734375 0.28515625
vt 0.73046875 0.28515625
vt 0.71875 0.26953125
vt 0.72265625 0.26953125
vt 0.72265625 0.265625
vt 0.71875 0.265625
vn 0.747123040904235 -0.08715100522428182 -0.658947542706099
vn 0.5924357242259775 0.5368077353049828 0.6007140484270175
vn -0.747123040904235 0.08715100522428182 0.658947542706099
vn -0.5924357242259775 -0.5368077353049828 -0.6007140484270175
vn -0.3013753049120826 0.8391913712647028 -0.45269279647904387
vn 0.3013753049120826 -0.8391913712647028 0.45269279647904387
usemtl m_91fe65ba-4f97-40fd-8230-0084d13434eb
f 3364/10084/2521 3367/10083/2521 3365/10082/2521 3362/10081/2521
f 3363/10088/2522 3364/10087/2522 3362/10086/2522 3361/10085/2522
f 3368/10092/2523 3363/10091/2523 3361/10090/2523 3366/10089/2523
f 3367/10096/2524 3368/10095/2524 3366/10094/2524 3365/10093/2524
f 3366/10100/2525 3361/10099/2525 3362/10098/2525 3365/10097/2525
f 3367/10104/2526 3364/10103/2526 3363/10102/2526 3368/10101/2526
o cube
v -1.237294498728135 1.3554638916952775 -0.2956665396648136
v -1.17425599215184 1.3481105256294788 -0.3512652385806406
v -1.261471749930574 1.2764259860590452 -0.3126256263717152
v -1.1984332433542795 1.2690726199932465 -0.3682243252875423
v -1.2147390579481916 1.3709921773900022 -0.4001917283018376
v -1.2777775645244862 1.378345543455801 -0.3445930293860105
v -1.238916309150631 1.29195427175377 -0.41715081500873924
v -1.3019548157269256 1.2993076378195687 -0.36155211609291216
vt 0.734375 0.3515625
vt 0.73046875 0.3515625
vt 0.73046875 0.34765625
vt 0.734375 0.34765625
vt 0.66015625 0.26953125
vt 0.65625 0.26953125
vt 0.65625 0.265625
vt 0.66015625 0.265625
vt 0.734375 0.34765625
vt 0.73046875 0.34765625
vt 0.73046875 0.34375
vt 0.734375 0.34375
vt 0.65625 0.26953125
vt 0.65234375 0.26953125
vt 0.65234375 0.265625
vt 0.65625 0.265625
vt 0.73046875 0.33984375
vt 0.734375 0.33984375
vt 0.734375 0.34375
vt 0.73046875 0.34375
vt 0.66015625 0.26953125
vt 0.6640625 0.26953125
vt 0.6640625 0.265625
vt 0.66015625 0.265625
vn 0.747123040904235 -0.08715100522428178 -0.6589475427060989
vn 0.5997491229089125 -0.33898743348923766 0.7248368847584745
vn -0.747123040904235 0.08715100522428178 0.6589475427060989
vn -0.5997491229089125 0.33898743348923766 -0.7248368847584745
vn 0.286545199436318 0.9367455482812699 0.20099658319290836
vn -0.286545199436318 -0.9367455482812699 -0.20099658319290836
usemtl m_91fe65ba-4f97-40fd-8230-0084d13434eb
f 3372/10108/2527 3375/10107/2527 3373/10106/2527 3370/10105/2527
f 3371/10112/2528 3372/10111/2528 3370/10110/2528 3369/10109/2528
f 3376/10116/2529 3371/10115/2529 3369/10114/2529 3374/10113/2529
f 3375/10120/2530 3376/10119/2530 3374/10118/2530 3373/10117/2530
f 3374/10124/2531 3369/10123/2531 3370/10122/2531 3373/10121/2531
f 3375/10128/2532 3372/10127/2532 3371/10126/2532 3376/10125/2532
o cube
v -1.2131668402925735 1.3353839386448125 -0.278459073366488
v -1.1627360350315377 1.3295012457921735 -0.32293803249914965
v -1.232508641254525 1.272153614135827 -0.2920263427320092
v -1.1820778359934891 1.266270921283188 -0.3365053018646709
v -1.223460633726065 1.3638237234329589 -0.3963277670809451
v -1.2738914389871008 1.3697064162855979 -0.3518488079482834
v -1.2428024346880164 1.3005933989239733 -0.4098950364464663
v -1.2932332399490523 1.3064760917766123 -0.36541607731380465
vt 0.73046875 0.6875
vt 0.72265625 0.6875
vt 0.72265625 0.68359375
vt 0.73046875 0.68359375
vt 0.66796875 0.26953125
vt 0.6640625 0.26953125
vt 0.6640625 0.265625
vt 0.66796875 0.265625
vt 0.73046875 0.68359375
vt 0.72265625 0.68359375
vt 0.72265625 0.6796875
vt 0.73046875 0.6796875
vt 0.734375 0.33984375
vt 0.73046875 0.33984375
vt 0.73046875 0.3359375
vt 0.734375 0.3359375
vt 0.3203125 0.2734375
vt 0.328125 0.2734375
vt 0.328125 0.27734375
vt 0.3203125 0.27734375
vt 0.72265625 0.6796875
vt 0.73046875 0.6796875
vt 0.73046875 0.67578125
vt 0.72265625 0.67578125
vn 0.747123040904235 -0.08715100522428178 -0.6589475427060989
vn 0.5997491229089125 -0.33898743348923766 0.7248368847584745
vn -0.747123040904235 0.08715100522428178 0.6589475427060989
vn -0.5997491229089125 0.33898743348923766 -0.7248368847584745
vn 0.286545199436318 0.9367455482812699 0.20099658319290836
vn -0.286545199436318 -0.9367455482812699 -0.20099658319290836
usemtl m_91fe65ba-4f97-40fd-8230-0084d13434eb
f 3380/10132/2533 3383/10131/2533 3381/10130/2533 3378/10129/2533
f 3379/10136/2534 3380/10135/2534 3378/10134/2534 3377/10133/2534
f 3384/10140/2535 3379/10139/2535 3377/10138/2535 3382/10137/2535
f 3383/10144/2536 3384/10143/2536 3382/10142/2536 3381/10141/2536
f 3382/10148/2537 3377/10147/2537 3378/10146/2537 3381/10145/2537
f 3383/10152/2538 3380/10151/2538 3379/10150/2538 3384/10149/2538
o cube
v -1.0956037684409043 1.2753781105334452 -0.12442382564062393
v -1.0325652618646095 1.2680247444676465 -0.18002252455645099
v -1.1197810196433438 1.196340204897213 -0.1413829123475256
v -1.056742513067049 1.1889868388314142 -0.19698161126335265
v -1.073048327660961 1.29090639622817 -0.228949014277648
v -1.1360868342372559 1.2982597622939687 -0.17335031536182094
v -1.0972255788634004 1.2118684905919377 -0.24590810098454965
v -1.1602640854396953 1.2192218566577364 -0.1903094020687226
vt 0.734375 0.3359375
vt 0.73046875 0.3359375
vt 0.73046875 0.33203125
vt 0.734375 0.33203125
vt 0.67578125 0.26953125
vt 0.671875 0.26953125
vt 0.671875 0.265625
vt 0.67578125 0.265625
vt 0.734375 0.33203125
vt 0.73046875 0.33203125
vt 0.73046875 0.328125
vt 0.734375 0.328125
vt 0.671875 0.26953125
vt 0.66796875 0.26953125
vt 0.66796875 0.265625
vt 0.671875 0.265625
vt 0.73046875 0.32421875
vt 0.734375 0.32421875
vt 0.734375 0.328125
vt 0.73046875 0.328125
vt 0.67578125 0.26953125
vt 0.6796875 0.26953125
vt 0.6796875 0.265625
vt 0.67578125 0.265625
vn 0.747123040904235 -0.08715100522428178 -0.6589475427060989
vn 0.5997491229089125 -0.33898743348923766 0.7248368847584745
vn -0.747123040904235 0.08715100522428178 0.6589475427060989
vn -0.5997491229089125 0.33898743348923766 -0.7248368847584745
vn 0.286545199436318 0.9367455482812699 0.20099658319290836
vn -0.286545199436318 -0.9367455482812699 -0.20099658319290836
usemtl m_91fe65ba-4f97-40fd-8230-0084d13434eb
f 3388/10156/2539 3391/10155/2539 3389/10154/2539 3386/10153/2539
f 3387/10160/2540 3388/10159/2540 3386/10158/2540 3385/10157/2540
f 3392/10164/2541 3387/10163/2541 3385/10162/2541 3390/10161/2541
f 3391/10168/2542 3392/10167/2542 3390/10166/2542 3389/10165/2542
f 3390/10172/2543 3385/10171/2543 3386/10170/2543 3389/10169/2543
f 3391/10176/2544 3388/10175/2544 3387/10174/2544 3392/10173/2544
o cube
v -1.0917176429035187 1.2667389833632419 -0.13167960420289676
v -1.0412868376424829 1.2608562905106029 -0.17615856333555843
v -1.1110594438654702 1.2035086588542563 -0.14524687356841806
v -1.0606286386044343 1.1976259660016173 -0.18972583270107973
v -1.1020114363370104 1.2951787681513882 -0.249548297917354
v -1.1524422415980462 1.3010614610040272 -0.20506933878469233
v -1.1213532372989619 1.2319484436424026 -0.2631155672828753
v -1.1717840425599977 1.2378311364950416 -0.2186366081502136
vt 0.73046875 0.67578125
vt 0.72265625 0.67578125
vt 0.72265625 0.671875
vt 0.73046875 0.671875
vt 0.68359375 0.26953125
vt 0.6796875 0.26953125
vt 0.6796875 0.265625
vt 0.68359375 0.265625
vt 0.3359375 0.27734375
vt 0.328125 0.27734375
vt 0.328125 0.2734375
vt 0.3359375 0.2734375
vt 0.734375 0.32421875
vt 0.73046875 0.32421875
vt 0.73046875 0.3203125
vt 0.734375 0.3203125
vt 0.72265625 0.66796875
vt 0.73046875 0.66796875
vt 0.73046875 0.671875
vt 0.72265625 0.671875
vt 0.72265625 0.66796875
vt 0.73046875 0.66796875
vt 0.73046875 0.6640625
vt 0.72265625 0.6640625
vn 0.747123040904235 -0.08715100522428178 -0.6589475427060989
vn 0.5997491229089125 -0.33898743348923766 0.7248368847584745
vn -0.747123040904235 0.08715100522428178 0.6589475427060989
vn -0.5997491229089125 0.33898743348923766 -0.7248368847584745
vn 0.286545199436318 0.9367455482812699 0.20099658319290836
vn -0.286545199436318 -0.9367455482812699 -0.20099658319290836
usemtl m_91fe65ba-4f97-40fd-8230-0084d13434eb
f 3396/10180/2545 3399/10179/2545 3397/10178/2545 3394/10177/2545
f 3395/10184/2546 3396/10183/2546 3394/10182/2546 3393/10181/2546
f 3400/10188/2547 3395/10187/2547 3393/10186/2547 3398/10185/2547
f 3399/10192/2548 3400/10191/2548 3398/10190/2548 3397/10189/2548
f 3398/10196/2549 3393/10195/2549 3394/10194/2549 3397/10193/2549
f 3399/10200/2550 3396/10199/2550 3395/10198/2550 3400/10197/2550
o cube
v -1.0878315173661333 1.258099856193039 -0.13893538276516962
v -1.0500084134203564 1.2536878365535598 -0.17229460211466585
v -1.1023378680875968 1.2106771128112996 -0.14911083478931061
v -1.06451476414182 1.2062650931718204 -0.18247005413880685
v -1.171457610809411 1.3223327918351304 -0.319074071278257
v -1.209280714755188 1.3267448114746097 -0.2857148519287608
v -1.1859639615308748 1.2749100484533908 -0.329249523302398
v -1.2237870654766516 1.27932206809287 -0.2958903039529018
vt 0.71484375 0.29296875
vt 0.703125 0.29296875
vt 0.703125 0.2890625
vt 0.71484375 0.2890625
vt 0.6875 0.26953125
vt 0.68359375 0.26953125
vt 0.68359375 0.265625
vt 0.6875 0.265625
vt 0.72265625 0.890625
vt 0.7109375 0.890625
vt 0.7109375 0.88671875
vt 0.72265625 0.88671875
vt 0.734375 0.3203125
vt 0.73046875 0.3203125
vt 0.73046875 0.31640625
vt 0.734375 0.31640625
vt 0.7109375 0.8828125
vt 0.72265625 0.8828125
vt 0.72265625 0.88671875
vt 0.7109375 0.88671875
vt 0.7109375 0.8828125
vt 0.72265625 0.8828125
vt 0.72265625 0.87890625
vt 0.7109375 0.87890625
vn 0.747123040904235 -0.08715100522428178 -0.6589475427060989
vn 0.5997491229089125 -0.33898743348923766 0.7248368847584745
vn -0.747123040904235 0.08715100522428178 0.6589475427060989
vn -0.5997491229089125 0.33898743348923766 -0.7248368847584745
vn 0.286545199436318 0.9367455482812699 0.20099658319290836
vn -0.286545199436318 -0.9367455482812699 -0.20099658319290836
usemtl m_91fe65ba-4f97-40fd-8230-0084d13434eb
f 3404/10204/2551 3407/10203/2551 3405/10202/2551 3402/10201/2551
f 3403/10208/2552 3404/10207/2552 3402/10206/2552 3401/10205/2552
f 3408/10212/2553 3403/10211/2553 3401/10210/2553 3406/10209/2553
f 3407/10216/2554 3408/10215/2554 3406/10214/2554 3405/10213/2554
f 3406/10220/2555 3401/10219/2555 3402/10218/2555 3405/10217/2555
f 3407/10224/2556 3404/10223/2556 3403/10222/2556 3408/10221/2556
o cube
v -1.2606567308774412 1.0769392458137022 -0.6957527260640258
v -1.2160957072198113 1.0612047239840867 -0.7139084584474218
v -1.250476959092178 1.0546516260357497 -0.6514523324310861
v -1.2059159354345481 1.0389171042061343 -0.6696080648144821
v -1.303143100470532 0.890625595018001 -0.7797245817716185
v -1.3477041241281618 0.9063601168476165 -0.7615688493882227
v -1.2929633286852686 0.8683379752400486 -0.7354241881386789
v -1.3375243523428986 0.8840724970696641 -0.717268455755283
vt 0.72265625 0.81640625
vt 0.7109375 0.81640625
vt 0.7109375 0.8125
vt 0.72265625 0.8125
vt 0.73828125 0.8984375
vt 0.734375 0.8984375
vt 0.734375 0.89453125
vt 0.73828125 0.89453125
vt 0.72265625 0.8125
vt 0.7109375 0.8125
vt 0.7109375 0.80859375
vt 0.72265625 0.80859375
vt 0.10546875 0.265625
vt 0.1015625 0.265625
vt 0.1015625 0.26171875
vt 0.10546875 0.26171875
vt 0.7109375 0.8046875
vt 0.72265625 0.8046875
vt 0.72265625 0.80859375
vt 0.7109375 0.80859375
vt 0.7109375 0.8046875
vt 0.72265625 0.8046875
vt 0.72265625 0.80078125
vt 0.7109375 0.80078125
vn 0.8802177512618269 -0.310805369473887 -0.3586317507831303
vn 0.4298636703739289 0.8423660689683249 0.32501789295899675
vn -0.8802177512618269 0.310805369473887 0.3586317507831303
vn -0.4298636703739289 -0.8423660689683249 -0.32501789295899675
vn -0.20108191180766818 0.44024927956448956 -0.8750695038605338
vn 0.20108191180766818 -0.44024927956448956 0.8750695038605338
usemtl m_91fe65ba-4f97-40fd-8230-0084d13434eb
f 3412/10228/2557 3415/10227/2557 3413/10226/2557 3410/10225/2557
f 3411/10232/2558 3412/10231/2558 3410/10230/2558 3409/10229/2558
f 3416/10236/2559 3411/10235/2559 3409/10234/2559 3414/10233/2559
f 3415/10240/2560 3416/10239/2560 3414/10238/2560 3413/10237/2560
f 3414/10244/2561 3409/10243/2561 3410/10242/2561 3413/10241/2561
f 3415/10248/2562 3412/10247/2562 3411/10246/2562 3416/10245/2562
o cube
v -1.26978019678459 1.0832762694149634 -0.7001101696056163
v -1.210365498574417 1.0622969069754762 -0.7243178127834775
v -1.2562071677375726 1.0535594430443604 -0.6410429780950304
v -1.1967924695273993 1.032580080604873 -0.6652506212728916
v -1.2538891951997773 0.9770073424924333 -0.7572258744455759
v -1.3133038934099504 0.9979867049319207 -0.7330182312677147
v -1.2403161661527595 0.9472905161218304 -0.69815868293499
v -1.2997308643629328 0.9682698785613176 -0.6739510397571287
vt 0.73046875 0.5859375
vt 0.72265625 0.5859375
vt 0.72265625 0.58203125
vt 0.73046875 0.58203125
vt 0.73828125 0.89453125
vt 0.734375 0.89453125
vt 0.734375 0.890625
vt 0.73828125 0.890625
vt 0.73046875 0.58203125
vt 0.72265625 0.58203125
vt 0.72265625 0.578125
vt 0.73046875 0.578125
vt 0.109375 0.265625
vt 0.10546875 0.265625
vt 0.10546875 0.26171875
vt 0.109375 0.26171875
vt 0.421875 0.2734375
vt 0.4296875 0.2734375
vt 0.4296875 0.27734375
vt 0.421875 0.27734375
vt 0.72265625 0.578125
vt 0.73046875 0.578125
vt 0.73046875 0.57421875
vt 0.72265625 0.57421875
vn 0.8802177512618269 -0.310805369473887 -0.3586317507831303
vn 0.4298636703739289 0.8423660689683249 0.32501789295899675
vn -0.8802177512618269 0.310805369473887 0.3586317507831303
vn -0.4298636703739289 -0.8423660689683249 -0.32501789295899675
vn -0.20108191180766818 0.44024927956448956 -0.8750695038605338
vn 0.20108191180766818 -0.44024927956448956 0.8750695038605338
usemtl m_91fe65ba-4f97-40fd-8230-0084d13434eb
f 3420/10252/2563 3423/10251/2563 3421/10250/2563 3418/10249/2563
f 3419/10256/2564 3420/10255/2564 3418/10254/2564 3417/10253/2564
f 3424/10260/2565 3419/10259/2565 3417/10258/2565 3422/10257/2565
f 3423/10264/2566 3424/10263/2566 3422/10262/2566 3421/10261/2566
f 3422/10268/2567 3417/10267/2567 3418/10266/2567 3421/10265/2567
f 3423/10272/2568 3420/10271/2568 3419/10270/2568 3424/10269/2568
o cube
v -1.3415513931315217 0.9010720613683295 -0.7560010236877389
v -1.3059025742054178 0.8884844439046371 -0.7705256095944557
v -1.333407575703311 0.8832419655459677 -0.7205607087813873
v -1.297758756777207 0.8706543480822753 -0.7350852946881041
v -1.3204104730805377 0.8600545890769562 -0.7814949634818218
v -1.3560592920066417 0.8726422065406485 -0.766970377575105
v -1.3122666556523273 0.8422244932545944 -0.7460546485754702
v -1.3479154745784312 0.8548121107182868 -0.7315300626687534
vt 0.11328125 0.265625
vt 0.109375 0.265625
vt 0.109375 0.26171875
vt 0.11328125 0.26171875
vt 0.73828125 0.88671875
vt 0.734375 0.88671875
vt 0.734375 0.8828125
vt 0.73828125 0.8828125
vt 0.1171875 0.265625
vt 0.11328125 0.265625
vt 0.11328125 0.26171875
vt 0.1171875 0.26171875
vt 0.73828125 0.890625
vt 0.734375 0.890625
vt 0.734375 0.88671875
vt 0.73828125 0.88671875
vt 0.1171875 0.26171875
vt 0.12109375 0.26171875
vt 0.12109375 0.265625
vt 0.1171875 0.265625
vt 0.734375 0.8828125
vt 0.73828125 0.8828125
vt 0.73828125 0.87890625
vt 0.734375 0.87890625
vn 0.8802177512618269 -0.310805369473887 -0.3586317507831303
vn 0.4298636703739289 0.8423660689683249 0.32501789295899675
vn -0.8802177512618269 0.310805369473887 0.3586317507831303
vn -0.4298636703739289 -0.8423660689683249 -0.32501789295899675
vn -0.20108191180766818 0.44024927956448956 -0.8750695038605338
vn 0.20108191180766818 -0.44024927956448956 0.8750695038605338
usemtl m_91fe65ba-4f97-40fd-8230-0084d13434eb
f 3428/10276/2569 3431/10275/2569 3429/10274/2569 3426/10273/2569
f 3427/10280/2570 3428/10279/2570 3426/10278/2570 3425/10277/2570
f 3432/10284/2571 3427/10283/2571 3425/10282/2571 3430/10281/2571
f 3431/10288/2572 3432/10287/2572 3430/10286/2572 3429/10285/2572
f 3430/10292/2573 3425/10291/2573 3426/10290/2573 3429/10289/2573
f 3431/10296/2574 3428/10295/2574 3427/10294/2574 3432/10293/2574
o cube
v -1.2789036626917392 1.0896132930162248 -0.704467613147207
v -1.2046352899290225 1.0633890899668657 -0.7347271671195336
v -1.261937376382967 1.052467260052971 -0.6306336237589744
v -1.1876690036202504 1.0262430570036116 -0.660893177731301
v -1.2336510876792626 1.0065293803115036 -0.7566658748942658
v -1.3079194604419793 1.032753583360863 -0.7264063209219391
v -1.2166848013704905 0.9693833473482498 -0.6828318855060332
v -1.2909531741332072 0.9956075503976091 -0.6525723315337065
vt 0.125 0.265625
vt 0.12109375 0.265625
vt 0.12109375 0.26171875
vt 0.125 0.26171875
vt 0.73828125 0.875
vt 0.734375 0.875
vt 0.734375 0.87109375
vt 0.73828125 0.87109375
vt 0.12890625 0.265625
vt 0.125 0.265625
vt 0.125 0.26171875
vt 0.12890625 0.26171875
vt 0.73828125 0.87890625
vt 0.734375 0.87890625
vt 0.734375 0.875
vt 0.73828125 0.875
vt 0.12890625 0.26171875
vt 0.1328125 0.26171875
vt 0.1328125 0.265625
vt 0.12890625 0.265625
vt 0.734375 0.87109375
vt 0.73828125 0.87109375
vt 0.73828125 0.8671875
vt 0.734375 0.8671875
vn 0.8802177512618269 -0.310805369473887 -0.3586317507831303
vn 0.4298636703739289 0.8423660689683249 0.32501789295899675
vn -0.8802177512618269 0.310805369473887 0.3586317507831303
vn -0.4298636703739289 -0.8423660689683249 -0.32501789295899675
vn -0.20108191180766818 0.44024927956448956 -0.8750695038605338
vn 0.20108191180766818 -0.44024927956448956 0.8750695038605338
usemtl m_91fe65ba-4f97-40fd-8230-0084d13434eb
f 3436/10300/2575 3439/10299/2575 3437/10298/2575 3434/10297/2575
f 3435/10304/2576 3436/10303/2576 3434/10302/2576 3433/10301/2576
f 3440/10308/2577 3435/10307/2577 3433/10306/2577 3438/10305/2577
f 3439/10312/2578 3440/10311/2578 3438/10310/2578 3437/10309/2578
f 3438/10316/2579 3433/10315/2579 3434/10314/2579 3437/10313/2579
f 3439/10320/2580 3436/10319/2580 3435/10318/2580 3440/10317/2580
o cube
v -1.3528772959205102 0.8684031191833359 -0.7601921697157283
v -1.3231699468154237 0.8579134379635922 -0.772295991304659
v -1.343376175587598 0.8476013407239138 -0.7188451356583182
v -1.3136688264825112 0.8371116595041701 -0.7309489572472487
v -1.3304238962529835 0.8436985105497518 -0.777780668248342
v -1.3601312453580703 0.8541881917694955 -0.7656768466594115
v -1.3209227759200712 0.8228967320903295 -0.7364336341909319
v -1.350630125025158 0.8333864133100732 -0.7243298126020012
vt 0.13671875 0.265625
vt 0.1328125 0.265625
vt 0.1328125 0.26171875
vt 0.13671875 0.26171875
vt 0.73828125 0.86328125
vt 0.734375 0.86328125
vt 0.734375 0.859375
vt 0.73828125 0.859375
vt 0.140625 0.265625
vt 0.13671875 0.265625
vt 0.13671875 0.26171875
vt 0.140625 0.26171875
vt 0.73828125 0.8671875
vt 0.734375 0.8671875
vt 0.734375 0.86328125
vt 0.73828125 0.86328125
vt 0.140625 0.26171875
vt 0.14453125 0.26171875
vt 0.14453125 0.265625
vt 0.140625 0.265625
vt 0.734375 0.859375
vt 0.73828125 0.859375
vt 0.73828125 0.85546875
vt 0.734375 0.85546875
vn 0.8802177512618269 -0.310805369473887 -0.3586317507831303
vn 0.4298636703739289 0.8423660689683249 0.32501789295899675
vn -0.8802177512618269 0.310805369473887 0.3586317507831303
vn -0.4298636703739289 -0.8423660689683249 -0.32501789295899675
vn -0.20108191180766818 0.44024927956448956 -0.8750695038605338
vn 0.20108191180766818 -0.44024927956448956 0.8750695038605338
usemtl m_91fe65ba-4f97-40fd-8230-0084d13434eb
f 3444/10324/2581 3447/10323/2581 3445/10322/2581 3442/10321/2581
f 3443/10328/2582 3444/10327/2582 3442/10326/2582 3441/10325/2582
f 3448/10332/2583 3443/10331/2583 3441/10330/2583 3446/10329/2583
f 3447/10336/2584 3448/10335/2584 3446/10334/2584 3445/10333/2584
f 3446/10340/2585 3441/10339/2585 3442/10338/2585 3445/10337/2585
f 3447/10344/2586 3444/10343/2586 3443/10342/2586 3448/10341/2586
o cube
v -1.1265502391352449 1.2004596144260156 -0.4736527011418189
v -1.0819892154776152 1.1847250925964001 -0.49180843352521486
v -1.1304868692241283 1.157937532651056 -0.4464632522679091
v -1.0859258455664984 1.1422030108214403 -0.464618984651305
v -1.1767907968253914 1.0946417525768821 -0.6464173013979502
v -1.2213518204830212 1.1103762744064976 -0.6282615690145543
v -1.1807274269142747 1.0521196708019225 -0.6192278525240404
v -1.2252884505719046 1.067854192631538 -0.6010721201406445
vt 0.72265625 0.83203125
vt 0.7109375 0.83203125
vt 0.7109375 0.828125
vt 0.72265625 0.828125
vt 0.73828125 0.93359375
vt 0.734375 0.93359375
vt 0.734375 0.9296875
vt 0.73828125 0.9296875
vt 0.72265625 0.828125
vt 0.7109375 0.828125
vt 0.7109375 0.82421875
vt 0.72265625 0.82421875
vt 0.0703125 0.265625
vt 0.06640625 0.265625
vt 0.06640625 0.26171875
vt 0.0703125 0.26171875
vt 0.7109375 0.8203125
vt 0.72265625 0.8203125
vt 0.72265625 0.82421875
vt 0.7109375 0.82421875
vt 0.7109375 0.8203125
vt 0.72265625 0.8203125
vt 0.72265625 0.81640625
vt 0.7109375 0.81640625
vn 0.880217751261827 -0.310805369473887 -0.3586317507831303
vn 0.4681559572729689 0.444856000096384 0.7635005820875816
vn -0.880217751261827 0.310805369473887 0.3586317507831303
vn -0.4681559572729689 -0.444856000096384 -0.7635005820875816
vn 0.07776059434831185 0.839942356048584 -0.5370755333117967
vn -0.07776059434831185 -0.839942356048584 0.5370755333117967
usemtl m_91fe65ba-4f97-40fd-8230-0084d13434eb
f 3452/10348/2587 3455/10347/2587 3453/10346/2587 3450/10345/2587
f 3451/10352/2588 3452/10351/2588 3450/10350/2588 3449/10349/2588
f 3456/10356/2589 3451/10355/2589 3449/10354/2589 3454/10353/2589
f 3455/10360/2590 3456/10359/2590 3454/10358/2590 3453/10357/2590
f 3454/10364/2591 3449/10363/2591 3450/10362/2591 3453/10361/2591
f 3455/10368/2592 3452/10367/2592 3451/10366/2592 3456/10365/2592
o cube
v -1.1333209713967027 1.2101690483601113 -0.47515832055690443
v -1.0739062731865296 1.189189685920624 -0.4993659637347657
v -1.1385698115152139 1.153472939326832 -0.43890572205835826
v -1.0791551133050405 1.1324935768873445 -0.4631133652362195
v -1.1213070638604177 1.144148015910865 -0.5766703976711334
v -1.1807217620705908 1.1651273783503524 -0.5524627544932721
v -1.1265559039789288 1.0874519068775856 -0.5404177991725871
v -1.1859706021891019 1.108431269317073 -0.516210155994726
vt 0.73046875 0.60546875
vt 0.72265625 0.60546875
vt 0.72265625 0.6015625
vt 0.73046875 0.6015625
vt 0.73828125 0.9296875
vt 0.734375 0.9296875
vt 0.734375 0.92578125
vt 0.73828125 0.92578125
vt 0.40625 0.27734375
vt 0.3984375 0.27734375
vt 0.3984375 0.2734375
vt 0.40625 0.2734375
vt 0.07421875 0.265625
vt 0.0703125 0.265625
vt 0.0703125 0.26171875
vt 0.07421875 0.26171875
vt 0.72265625 0.59765625
vt 0.73046875 0.59765625
vt 0.73046875 0.6015625
vt 0.72265625 0.6015625
vt 0.72265625 0.59765625
vt 0.73046875 0.59765625
vt 0.73046875 0.59375
vt 0.72265625 0.59375
vn 0.880217751261827 -0.310805369473887 -0.3586317507831303
vn 0.4681559572729689 0.444856000096384 0.7635005820875816
vn -0.880217751261827 0.310805369473887 0.3586317507831303
vn -0.4681559572729689 -0.444856000096384 -0.7635005820875816
vn 0.07776059434831185 0.839942356048584 -0.5370755333117967
vn -0.07776059434831185 -0.839942356048584 0.5370755333117967
usemtl m_91fe65ba-4f97-40fd-8230-0084d13434eb
f 3460/10372/2593 3463/10371/2593 3461/10370/2593 3458/10369/2593
f 3459/10376/2594 3460/10375/2594 3458/10374/2594 3457/10373/2594
f 3464/10380/2595 3459/10379/2595 3457/10378/2595 3462/10377/2595
f 3463/10384/2596 3464/10383/2596 3462/10382/2596 3461/10381/2596
f 3462/10388/2597 3457/10387/2597 3458/10386/2597 3461/10385/2597
f 3463/10392/2598 3460/10391/2598 3459/10390/2598 3464/10389/2598
o cube
v -1.1400917036581606 1.2198784822942073 -0.4766639399719901
v -1.065823330895444 1.193654279244848 -0.5069234939443168
v -1.1466527538062994 1.149008346002608 -0.43134819184880724
v -1.0723843810435827 1.1227841429532486 -0.46160774582113384
v -1.0974238580113693 1.163626499238342 -0.5584597832352286
v -1.171692230774086 1.1898507022877012 -0.528200229262902
v -1.1039849081595081 1.0927563629467427 -0.5131440351120458
v -1.1782532809222248 1.1189805659961019 -0.48288448113971905
vt 0.078125 0.265625
vt 0.07421875 0.265625
vt 0.07421875 0.26171875
vt 0.078125 0.26171875
vt 0.73828125 0.921875
vt 0.734375 0.921875
vt 0.734375 0.91796875
vt 0.73828125 0.91796875
vt 0.08203125 0.265625
vt 0.078125 0.265625
vt 0.078125 0.26171875
vt 0.08203125 0.26171875
vt 0.73828125 0.92578125
vt 0.734375 0.92578125
vt 0.734375 0.921875
vt 0.73828125 0.921875
vt 0.08203125 0.26171875
vt 0.0859375 0.26171875
vt 0.0859375 0.265625
vt 0.08203125 0.265625
vt 0.734375 0.91796875
vt 0.73828125 0.91796875
vt 0.73828125 0.9140625
vt 0.734375 0.9140625
vn 0.880217751261827 -0.310805369473887 -0.3586317507831303
vn 0.4681559572729689 0.444856000096384 0.7635005820875816
vn -0.880217751261827 0.310805369473887 0.3586317507831303
vn -0.4681559572729689 -0.444856000096384 -0.7635005820875816
vn 0.07776059434831185 0.839942356048584 -0.5370755333117967
vn -0.07776059434831185 -0.839942356048584 0.5370755333117967
usemtl m_91fe65ba-4f97-40fd-8230-0084d13434eb
f 3468/10396/2599 3471/10395/2599 3469/10394/2599 3466/10393/2599
f 3467/10400/2600 3468/10399/2600 3466/10398/2600 3465/10397/2600
f 3472/10404/2601 3467/10403/2601 3465/10402/2601 3470/10401/2601
f 3471/10408/2602 3472/10407/2602 3470/10406/2602 3469/10405/2602
f 3470/10412/2603 3465/10411/2603 3466/10410/2603 3469/10409/2603
f 3471/10416/2604 3468/10415/2604 3467/10414/2604 3472/10413/2604
o cube
v -1.228122552744479 1.1200857083405933 -0.6297671884296399
v -1.168707854534306 1.099106345901106 -0.6539748316075011
v -1.2333713928629901 1.063389599307314 -0.5935145899310936
v -1.173956694652817 1.0424102368678265 -0.6177222331089549
v -1.216108645208194 1.0540646758913472 -0.7312792655438686
v -1.275523343418367 1.0750440383308344 -0.7070716223660074
v -1.221357485326705 0.9973685668580677 -0.6950266670453223
v -1.2807721835368782 1.018347929297555 -0.6708190238674612
vt 0.4140625 0.27734375
vt 0.40625 0.27734375
vt 0.40625 0.2734375
vt 0.4140625 0.2734375
vt 0.73828125 0.9140625
vt 0.734375 0.9140625
vt 0.734375 0.91015625
vt 0.73828125 0.91015625
vt 0.73046875 0.59375
vt 0.72265625 0.59375
vt 0.72265625 0.58984375
vt 0.73046875 0.58984375
vt 0.08984375 0.265625
vt 0.0859375 0.265625
vt 0.0859375 0.26171875
vt 0.08984375 0.26171875
vt 0.72265625 0.5859375
vt 0.73046875 0.5859375
vt 0.73046875 0.58984375
vt 0.72265625 0.58984375
vt 0.4140625 0.27734375
vt 0.421875 0.27734375
vt 0.421875 0.2734375
vt 0.4140625 0.2734375
vn 0.880217751261827 -0.310805369473887 -0.3586317507831303
vn 0.4681559572729689 0.444856000096384 0.7635005820875816
vn -0.880217751261827 0.310805369473887 0.3586317507831303
vn -0.4681559572729689 -0.444856000096384 -0.7635005820875816
vn 0.07776059434831185 0.839942356048584 -0.5370755333117967
vn -0.07776059434831185 -0.839942356048584 0.5370755333117967
usemtl m_91fe65ba-4f97-40fd-8230-0084d13434eb
f 3476/10420/2605 3479/10419/2605 3477/10418/2605 3474/10417/2605
f 3475/10424/2606 3476/10423/2606 3474/10422/2606 3473/10421/2606
f 3480/10428/2607 3475/10427/2607 3473/10426/2607 3478/10425/2607
f 3479/10432/2608 3480/10431/2608 3478/10430/2608 3477/10429/2608
f 3478/10436/2609 3473/10435/2609 3474/10434/2609 3477/10433/2609
f 3479/10440/2610 3476/10439/2610 3475/10438/2610 3480/10437/2610
o cube
v -1.2506935485638997 1.1147812522714364 -0.6570409524901812
v -1.176425175801183 1.088557049222077 -0.687300506462508
v -1.2572545987120385 1.0439111159798369 -0.6117252043669984
v -1.1829862259493218 1.0176869129304777 -0.641984758339325
v -1.2080257029171082 1.0585292692155712 -0.7388367957534197
v -1.282294075679825 1.0847534722649304 -0.7085772417810929
v -1.2145867530652472 0.9876591329239718 -0.6935210476302367
v -1.288855125827964 1.013883335973331 -0.6632614936579101
vt 0.09375 0.265625
vt 0.08984375 0.265625
vt 0.08984375 0.26171875
vt 0.09375 0.26171875
vt 0.73828125 0.90625
vt 0.734375 0.90625
vt 0.734375 0.90234375
vt 0.73828125 0.90234375
vt 0.09765625 0.265625
vt 0.09375 0.265625
vt 0.09375 0.26171875
vt 0.09765625 0.26171875
vt 0.73828125 0.91015625
vt 0.734375 0.91015625
vt 0.734375 0.90625
vt 0.73828125 0.90625
vt 0.09765625 0.26171875
vt 0.1015625 0.26171875
vt 0.1015625 0.265625
vt 0.09765625 0.265625
vt 0.734375 0.90234375
vt 0.73828125 0.90234375
vt 0.73828125 0.8984375
vt 0.734375 0.8984375
vn 0.880217751261827 -0.310805369473887 -0.3586317507831303
vn 0.4681559572729689 0.444856000096384 0.7635005820875816
vn -0.880217751261827 0.310805369473887 0.3586317507831303
vn -0.4681559572729689 -0.444856000096384 -0.7635005820875816
vn 0.07776059434831185 0.839942356048584 -0.5370755333117967
vn -0.07776059434831185 -0.839942356048584 0.5370755333117967
usemtl m_91fe65ba-4f97-40fd-8230-0084d13434eb
f 3484/10444/2611 3487/10443/2611 3485/10442/2611 3482/10441/2611
f 3483/10448/2612 3484/10447/2612 3482/10446/2612 3481/10445/2612
f 3488/10452/2613 3483/10451/2613 3481/10450/2613 3486/10449/2613
f 3487/10456/2614 3488/10455/2614 3486/10454/2614 3485/10453/2614
f 3486/10460/2615 3481/10459/2615 3482/10458/2615 3485/10457/2615
f 3487/10464/2616 3484/10463/2616 3483/10462/2616 3488/10461/2616
o cube
v -1.1200201885645305 1.213052580737784 -0.4214852484809063
v -1.0457518158018138 1.1868283776884248 -0.4517448024532329
v -1.146777410688695 1.1331139209795806 -0.4178793692177719
v -1.0725090379259783 1.1068897179302213 -0.44813892319009857
v -1.0695832303146122 1.1919660020725564 -0.5146885749649497
v -1.143851603077329 1.2181902051219156 -0.4844290209926231
v -1.0963404524387768 1.112027342314353 -0.5110826957018153
v -1.1706088252014935 1.138251545363712 -0.4808231417294887
vt 0.03515625 0.265625
vt 0.03125 0.265625
vt 0.03125 0.26171875
vt 0.03515625 0.26171875
vt 0.73828125 0.96484375
vt 0.734375 0.96484375
vt 0.734375 0.9609375
vt 0.73828125 0.9609375
vt 0.0390625 0.265625
vt 0.03515625 0.265625
vt 0.03515625 0.26171875
vt 0.0390625 0.26171875
vt 0.73828125 0.96875
vt 0.734375 0.96875
vt 0.734375 0.96484375
vt 0.73828125 0.96484375
vt 0.0390625 0.26171875
vt 0.04296875 0.26171875
vt 0.04296875 0.265625
vt 0.0390625 0.265625
vt 0.734375 0.9609375
vt 0.73828125 0.9609375
vt 0.73828125 0.95703125
vt 0.734375 0.95703125
vn 0.8802177512618268 -0.31080536947388704 -0.35863175078313025
vn 0.3530579927822006 -0.07611295383898614 0.9325003335069153
vn -0.8802177512618268 0.31080536947388704 0.35863175078313025
vn -0.3530579927822006 0.07611295383898614 -0.9325003335069153
vn 0.3171226325826907 0.9474211526898189 -0.04273634682233321
vn -0.3171226325826907 -0.9474211526898189 0.04273634682233321
usemtl m_91fe65ba-4f97-40fd-8230-0084d13434eb
f 3492/10468/2617 3495/10467/2617 3493/10466/2617 3490/10465/2617
f 3491/10472/2618 3492/10471/2618 3490/10470/2618 3489/10469/2618
f 3496/10476/2619 3491/10475/2619 3489/10474/2619 3494/10473/2619
f 3495/10480/2620 3496/10479/2620 3494/10478/2620 3493/10477/2620
f 3494/10484/2621 3489/10483/2621 3490/10482/2621 3493/10481/2621
f 3495/10488/2622 3492/10487/2622 3491/10486/2622 3496/10485/2622
o cube
v -1.1033533662442758 1.199867482264962 -0.3926787296959671
v -1.0439386680341025 1.1788881198254746 -0.41688637287382835
v -1.1247591439436073 1.1359165544583991 -0.38979402628545967
v -1.0653444457334342 1.114937192018912 -0.4140016694633209
v -1.0796857898033003 1.186594556401672 -0.5113020316414035
v -1.1391004880134736 1.2075739188411592 -0.48709438846354236
v -1.101091567502632 1.1226436285951094 -0.5084173282308961
v -1.1605062657128051 1.1436229910345965 -0.48420968505303486
vt 0.3828125 0.27734375
vt 0.375 0.27734375
vt 0.375 0.2734375
vt 0.3828125 0.2734375
vt 0.73828125 0.95703125
vt 0.734375 0.95703125
vt 0.734375 0.953125
vt 0.73828125 0.953125
vt 0.73046875 0.625
vt 0.72265625 0.625
vt 0.72265625 0.62109375
vt 0.73046875 0.62109375
vt 0.046875 0.265625
vt 0.04296875 0.265625
vt 0.04296875 0.26171875
vt 0.046875 0.26171875
vt 0.72265625 0.6171875
vt 0.73046875 0.6171875
vt 0.73046875 0.62109375
vt 0.72265625 0.62109375
vt 0.3828125 0.27734375
vt 0.390625 0.27734375
vt 0.390625 0.2734375
vt 0.3828125 0.2734375
vn 0.8802177512618268 -0.31080536947388704 -0.35863175078313025
vn 0.3530579927822006 -0.07611295383898614 0.9325003335069153
vn -0.8802177512618268 0.31080536947388704 0.35863175078313025
vn -0.3530579927822006 0.07611295383898614 -0.9325003335069153
vn 0.3171226325826907 0.9474211526898189 -0.04273634682233321
vn -0.3171226325826907 -0.9474211526898189 0.04273634682233321
usemtl m_91fe65ba-4f97-40fd-8230-0084d13434eb
f 3500/10492/2623 3503/10491/2623 3501/10490/2623 3498/10489/2623
f 3499/10496/2624 3500/10495/2624 3498/10494/2624 3497/10493/2624
f 3504/10500/2625 3499/10499/2625 3497/10498/2625 3502/10497/2625
f 3503/10504/2626 3504/10503/2626 3502/10502/2626 3501/10501/2626
f 3502/10508/2627 3497/10507/2627 3498/10506/2627 3501/10505/2627
f 3503/10512/2628 3500/10511/2628 3499/10510/2628 3504/10509/2628
o cube
v -1.0366102377697355 1.1950708953933236 -0.20118204468989767
v -0.9623418650070188 1.1688466923439642 -0.2314415986622243
v -1.0633674598939 1.1151322356351199 -0.19757616542676332
v -0.9890990871311833 1.0889080325857607 -0.22783571939908995
v -0.9861732795198173 1.173984316728096 -0.29438537117394104
v -1.060441652282534 1.200208519777455 -0.26412581720161443
v -1.0129305016439818 1.0940456569698922 -0.2907794919108067
v -1.0871988744066985 1.1202698600192516 -0.26051993793848005
vt 0.05078125 0.265625
vt 0.046875 0.265625
vt 0.046875 0.26171875
vt 0.05078125 0.26171875
vt 0.73828125 0.94921875
vt 0.734375 0.94921875
vt 0.734375 0.9453125
vt 0.73828125 0.9453125
vt 0.0546875 0.265625
vt 0.05078125 0.265625
vt 0.05078125 0.26171875
vt 0.0546875 0.26171875
vt 0.73828125 0.953125
vt 0.734375 0.953125
vt 0.734375 0.94921875
vt 0.73828125 0.94921875
vt 0.0546875 0.26171875
vt 0.05859375 0.26171875
vt 0.05859375 0.265625
vt 0.0546875 0.265625
vt 0.734375 0.9453125
vt 0.73828125 0.9453125
vt 0.73828125 0.94140625
vt 0.734375 0.94140625
vn 0.8802177512618268 -0.31080536947388704 -0.35863175078313025
vn 0.3530579927822006 -0.07611295383898614 0.9325003335069153
vn -0.8802177512618268 0.31080536947388704 0.35863175078313025
vn -0.3530579927822006 0.07611295383898614 -0.9325003335069153
vn 0.3171226325826907 0.9474211526898189 -0.04273634682233321
vn -0.3171226325826907 -0.9474211526898189 0.04273634682233321
usemtl m_91fe65ba-4f97-40fd-8230-0084d13434eb
f 3508/10516/2629 3511/10515/2629 3509/10514/2629 3506/10513/2629
f 3507/10520/2630 3508/10519/2630 3506/10518/2630 3505/10517/2630
f 3512/10524/2631 3507/10523/2631 3505/10522/2631 3510/10521/2631
f 3511/10528/2632 3512/10527/2632 3510/10526/2632 3509/10525/2632
f 3510/10532/2633 3505/10531/2633 3506/10530/2633 3509/10529/2633
f 3511/10536/2634 3508/10535/2634 3507/10534/2634 3512/10533/2634
o cube
v -1.0318591227058802 1.1844546091125672 -0.2038474121608169
v -0.972444424495707 1.1634752466730798 -0.22805505533867815
v -1.0532649004052117 1.1205036813060045 -0.20096270875030942
v -0.9938502021950386 1.0995243188665171 -0.22517035192817064
v -1.0081915462649047 1.1711816832492772 -0.3224707141062533
v -1.067606244475078 1.1921610456887644 -0.29826307092839205
v -1.0295973239642364 1.1072307554427145 -0.3195860106957458
v -1.0890120221744095 1.1282101178822017 -0.2953783675178846
vt 0.73046875 0.6171875
vt 0.72265625 0.6171875
vt 0.72265625 0.61328125
vt 0.73046875 0.61328125
vt 0.73828125 0.94140625
vt 0.734375 0.94140625
vt 0.734375 0.9375
vt 0.73828125 0.9375
vt 0.73046875 0.61328125
vt 0.72265625 0.61328125
vt 0.72265625 0.609375
vt 0.73046875 0.609375
vt 0.0625 0.265625
vt 0.05859375 0.265625
vt 0.05859375 0.26171875
vt 0.0625 0.26171875
vt 0.390625 0.2734375
vt 0.3984375 0.2734375
vt 0.3984375 0.27734375
vt 0.390625 0.27734375
vt 0.72265625 0.609375
vt 0.73046875 0.609375
vt 0.73046875 0.60546875
vt 0.72265625 0.60546875
vn 0.8802177512618268 -0.31080536947388704 -0.35863175078313025
vn 0.3530579927822006 -0.07611295383898614 0.9325003335069153
vn -0.8802177512618268 0.31080536947388704 0.35863175078313025
vn -0.3530579927822006 0.07611295383898614 -0.9325003335069153
vn 0.3171226325826907 0.9474211526898189 -0.04273634682233321
vn -0.3171226325826907 -0.9474211526898189 0.04273634682233321
usemtl m_91fe65ba-4f97-40fd-8230-0084d13434eb
f 3516/10540/2635 3519/10539/2635 3517/10538/2635 3514/10537/2635
f 3515/10544/2636 3516/10543/2636 3514/10542/2636 3513/10541/2636
f 3520/10548/2637 3515/10547/2637 3513/10546/2637 3518/10545/2637
f 3519/10552/2638 3520/10551/2638 3518/10550/2638 3517/10549/2638
f 3518/10556/2639 3513/10555/2639 3514/10554/2639 3517/10553/2639
f 3519/10560/2640 3516/10559/2640 3515/10558/2640 3520/10557/2640
o cube
v -1.027108007642025 1.173838322831811 -0.20651277963173612
v -0.9825469839843951 1.1581038010021956 -0.22466851201513205
v -1.0431623409165236 1.1258751269768887 -0.2043492520738555
v -0.9986013172588938 1.1101406051472733 -0.22250498445725142
v -1.0540412275227906 1.1735166741545902 -0.4134998295502823
v -1.0986022511804205 1.1892511959842056 -0.3953440971668864
v -1.0700955607972895 1.125553478299668 -0.4113363019924017
v -1.1146565844549192 1.1412880001292833 -0.39318056960900577
vt 0.72265625 0.84765625
vt 0.7109375 0.84765625
vt 0.7109375 0.84375
vt 0.72265625 0.84375
vt 0.73828125 0.9375
vt 0.734375 0.9375
vt 0.734375 0.93359375
vt 0.73828125 0.93359375
vt 0.72265625 0.84375
vt 0.7109375 0.84375
vt 0.7109375 0.83984375
vt 0.72265625 0.83984375
vt 0.06640625 0.265625
vt 0.0625 0.265625
vt 0.0625 0.26171875
vt 0.06640625 0.26171875
vt 0.7109375 0.8359375
vt 0.72265625 0.8359375
vt 0.72265625 0.83984375
vt 0.7109375 0.83984375
vt 0.7109375 0.8359375
vt 0.72265625 0.8359375
vt 0.72265625 0.83203125
vt 0.7109375 0.83203125
vn 0.8802177512618268 -0.31080536947388704 -0.35863175078313025
vn 0.3530579927822006 -0.07611295383898614 0.9325003335069153
vn -0.8802177512618268 0.31080536947388704 0.35863175078313025
vn -0.3530579927822006 0.07611295383898614 -0.9325003335069153
vn 0.3171226325826907 0.9474211526898189 -0.04273634682233321
vn -0.3171226325826907 -0.9474211526898189 0.04273634682233321
usemtl m_91fe65ba-4f97-40fd-8230-0084d13434eb
f 3524/10564/2641 3527/10563/2641 3525/10562/2641 3522/10561/2641
f 3523/10568/2642 3524/10567/2642 3522/10566/2642 3521/10565/2642
f 3528/10572/2643 3523/10571/2643 3521/10570/2643 3526/10569/2643
f 3527/10576/2644 3528/10575/2644 3526/10574/2644 3525/10573/2644
f 3526/10580/2645 3521/10579/2645 3522/10578/2645 3525/10577/2645
f 3527/10584/2646 3524/10583/2646 3523/10582/2646 3528/10581/2646
o cube
v -0.9940326182231077 1.4159114222484175 -0.18663897176108213
v -0.9848039366342741 1.4339083062031985 -0.23206494702909447
v -1.254658192919411 0.9613146811181346 -0.41968966966380916
v -1.245429511330577 0.9793115650729155 -0.4651156449318215
v -1.0223492714565028 1.4550499006651962 -0.23131672133376086
v -1.0315779530453364 1.4370530167104152 -0.1858907460657485
v -1.2829748461528059 1.000453159534913 -0.4643674192364879
v -1.2922035277416397 0.9824562755801323 -0.41894144396847555
vt 0.19140625 0.3125
vt 0.1953125 0.3125
vt 0.1953125 0.27734375
vt 0.19140625 0.27734375
vt 0.1953125 0.3125
vt 0.19921875 0.3125
vt 0.19921875 0.27734375
vt 0.1953125 0.27734375
vt 0.19921875 0.3125
vt 0.203125 0.3125
vt 0.203125 0.27734375
vt 0.19921875 0.27734375
vt 0.203125 0.3125
vt 0.20703125 0.3125
vt 0.20703125 0.27734375
vt 0.203125 0.27734375
vt 0.734375 0.9296875
vt 0.73046875 0.9296875
vt 0.73046875 0.93359375
vt 0.734375 0.93359375
vt 0.07421875 0.26953125
vt 0.0703125 0.26953125
vt 0.0703125 0.265625
vt 0.07421875 0.265625
vn 0.18559440098207508 0.36192828466125715 -0.9135439973456478
vn 0.8712225274910964 -0.49058114542285225 -0.017362239130609754
vn -0.18559440098207508 -0.36192828466125715 0.9135439973456478
vn -0.8712225274910964 0.49058114542285225 0.017362239130609754
vn 0.4544513460384191 0.7926777759706415 0.406369188750952
vn -0.4544513460384191 -0.7926777759706415 -0.406369188750952
usemtl m_91fe65ba-4f97-40fd-8230-0084d13434eb
f 3532/10588/2647 3535/10587/2647 3533/10586/2647 3530/10585/2647
f 3531/10592/2648 3532/10591/2648 3530/10590/2648 3529/10589/2648
f 3536/10596/2649 3531/10595/2649 3529/10594/2649 3534/10593/2649
f 3535/10600/2650 3536/10599/2650 3534/10598/2650 3533/10597/2650
f 3534/10604/2651 3529/10603/2651 3530/10602/2651 3533/10601/2651
f 3535/10608/2652 3532/10607/2652 3531/10606/2652 3536/10605/2652
o cube
v -0.9564561397122786 1.6021635819362439 -0.12698786699892733
v -0.9509189307589784 1.6129617123091127 -0.15424345215973478
v -1.2035231584995254 1.171216382252045 -0.34791454015526985
v -1.1979859495462253 1.1820145126249137 -0.3751701253160773
v -0.988464265581207 1.6341033067711104 -0.15349522646440117
v -0.9940014745345073 1.6233051763982418 -0.12623964130359372
v -1.235531284368454 1.2031561070869112 -0.3744218996207437
v -1.2410684933217542 1.1923579767140429 -0.34716631445993623
vt 0.20703125 0.3125
vt 0.2109375 0.3125
vt 0.2109375 0.27734375
vt 0.20703125 0.27734375
vt 0.2109375 0.3125
vt 0.21484375 0.3125
vt 0.21484375 0.27734375
vt 0.2109375 0.27734375
vt 0.21484375 0.3125
vt 0.21875 0.3125
vt 0.21875 0.27734375
vt 0.21484375 0.27734375
vt 0.21875 0.3125
vt 0.22265625 0.3125
vt 0.22265625 0.27734375
vt 0.21875 0.27734375
vt 0.734375 0.92578125
vt 0.73046875 0.92578125
vt 0.73046875 0.9296875
vt 0.734375 0.9296875
vt 0.078125 0.26953125
vt 0.07421875 0.26953125
vt 0.07421875 0.265625
vt 0.078125 0.265625
vn 0.18559440098207508 0.36192828466125715 -0.9135439973456478
vn 0.8712225274910964 -0.49058114542285225 -0.017362239130609754
vn -0.18559440098207508 -0.36192828466125715 0.9135439973456478
vn -0.8712225274910964 0.49058114542285225 0.017362239130609754
vn 0.4544513460384191 0.7926777759706415 0.406369188750952
vn -0.4544513460384191 -0.7926777759706415 -0.406369188750952
usemtl m_91fe65ba-4f97-40fd-8230-0084d13434eb
f 3540/10612/2653 3543/10611/2653 3541/10610/2653 3538/10609/2653
f 3539/10616/2654 3540/10615/2654 3538/10614/2654 3537/10613/2654
f 3544/10620/2655 3539/10619/2655 3537/10618/2655 3542/10617/2655
f 3543/10624/2656 3544/10623/2656 3542/10622/2656 3541/10621/2656
f 3542/10628/2657 3537/10627/2657 3538/10626/2657 3541/10625/2657
f 3543/10632/2658 3540/10631/2658 3539/10630/2658 3544/10629/2658
o cube
v -0.9392879325172381 1.5658506523103486 -0.14877264502609427
v -0.9300592509284045 1.5838475362651296 -0.19419862029410662
v -1.1999135072135414 1.1112539111800652 -0.38182334292882153
v -1.1906848256247078 1.1292507951348463 -0.42724931819683387
v -0.9676045857506334 1.6049891307271276 -0.193450394598773
v -0.976833267339467 1.5869922467723465 -0.14802441933076066
v -1.2282301604469366 1.1503923895968442 -0.42650109250150026
v -1.2374588420357702 1.1323955056420631 -0.3810751172334879
vt 0.23828125 0.3125
vt 0.2421875 0.3125
vt 0.2421875 0.27734375
vt 0.23828125 0.27734375
vt 0.2421875 0.3125
vt 0.24609375 0.3125
vt 0.24609375 0.27734375
vt 0.2421875 0.27734375
vt 0.24609375 0.3125
vt 0.25 0.3125
vt 0.25 0.27734375
vt 0.24609375 0.27734375
vt 0.25 0.3125
vt 0.25390625 0.3125
vt 0.25390625 0.27734375
vt 0.25 0.27734375
vt 0.734375 0.921875
vt 0.73046875 0.921875
vt 0.73046875 0.92578125
vt 0.734375 0.92578125
vt 0.08203125 0.26953125
vt 0.078125 0.26953125
vt 0.078125 0.265625
vt 0.08203125 0.265625
vn 0.18559440098207508 0.36192828466125715 -0.9135439973456478
vn 0.8712225274910964 -0.49058114542285225 -0.017362239130609754
vn -0.18559440098207508 -0.36192828466125715 0.9135439973456478
vn -0.8712225274910964 0.49058114542285225 0.017362239130609754
vn 0.4544513460384191 0.7926777759706415 0.406369188750952
vn -0.4544513460384191 -0.7926777759706415 -0.406369188750952
usemtl m_91fe65ba-4f97-40fd-8230-0084d13434eb
f 3548/10636/2659 3551/10635/2659 3549/10634/2659 3546/10633/2659
f 3547/10640/2660 3548/10639/2660 3546/10638/2660 3545/10637/2660
f 3552/10644/2661 3547/10643/2661 3545/10642/2661 3550/10641/2661
f 3551/10648/2662 3552/10647/2662 3550/10646/2662 3549/10645/2662
f 3550/10652/2663 3545/10651/2663 3546/10650/2663 3549/10649/2663
f 3551/10656/2664 3548/10655/2664 3547/10654/2664 3552/10653/2664
o cube
v 0.33334346852765506 1.765980726115654 0.030804990982874175
v 0.3242209695754432 1.7807556794152257 0.09214456440707039
v 0.8672870716851803 1.298412285929765 0.2228376571865555
v 0.8581645727329684 1.3131872392293369 0.28417723061075173
v 0.3613720873771906 1.8214264697046445 0.08787329254557494
v 0.37049458632940246 1.8066515164050727 0.026533719121378724
v 0.8953156905347158 1.3538580295187557 0.2799059587492563
v 0.9044381894869277 1.3390830762191839 0.21856638532506004
vt 0.27734375 0.359375
vt 0.28125 0.359375
vt 0.28125 0.3125
vt 0.27734375 0.3125
vt 0.28125 0.359375
vt 0.28515625 0.359375
vt 0.28515625 0.3125
vt 0.28125 0.3125
vt 0.28515625 0.359375
vt 0.2890625 0.359375
vt 0.2890625 0.3125
vt 0.28515625 0.3125
vt 0.2890625 0.359375
vt 0.29296875 0.359375
vt 0.29296875 0.3125
vt 0.2890625 0.3125
vt 0.734375 0.578125
vt 0.73046875 0.578125
vt 0.73046875 0.58203125
vt 0.734375 0.58203125
vt 0.42578125 0.26953125
vt 0.421875 0.26953125
vt 0.421875 0.265625
vt 0.42578125 0.265625
vn -0.14309802277979364 0.23176397332661677 0.962189387046216
vn -0.6724184217510841 -0.7361229011659518 0.07730808799086789
vn 0.14309802277979364 -0.23176397332661677 -0.962189387046216
vn 0.6724184217510841 0.7361229011659518 -0.07730808799086789
vn -0.7262068727065968 0.6359312345268799 -0.26118009684281723
vn 0.7262068727065968 -0.6359312345268799 0.26118009684281723
usemtl m_91fe65ba-4f97-40fd-8230-0084d13434eb
f 3556/10660/2665 3559/10659/2665 3557/10658/2665 3554/10657/2665
f 3555/10664/2666 3556/10663/2666 3554/10662/2666 3553/10661/2666
f 3560/10668/2667 3555/10667/2667 3553/10666/2667 3558/10665/2667
f 3559/10672/2668 3560/10671/2668 3558/10670/2668 3557/10669/2668
f 3558/10676/2669 3553/10675/2669 3554/10674/2669 3557/10673/2669
f 3559/10680/2670 3556/10679/2670 3555/10678/2670 3560/10677/2670
o cube
v 0.3070613771946551 1.8930690952964198 0.022786381743283873
v 0.3015878778233281 1.9019340672761627 0.059590125797801624
v 0.7113770535740529 1.5390143804735792 0.16819840066052236
v 0.7059035542027258 1.547879352453322 0.2050021447150401
v 0.3387389956250755 1.9426048575655817 0.05531885393630617
v 0.3442124949964025 1.9337398855858385 0.018515109881788422
v 0.7430546720044732 1.5885501427427409 0.20073087285354466
v 0.7485281713758003 1.579685170762998 0.1639271287990269
vt 0.6875 0.7421875
vt 0.69140625 0.7421875
vt 0.69140625 0.70703125
vt 0.6875 0.70703125
vt 0.265625 0.3125
vt 0.26953125 0.3125
vt 0.26953125 0.27734375
vt 0.265625 0.27734375
vt 0.26953125 0.3125
vt 0.2734375 0.3125
vt 0.2734375 0.27734375
vt 0.26953125 0.27734375
vt 0.2734375 0.3125
vt 0.27734375 0.3125
vt 0.27734375 0.27734375
vt 0.2734375 0.27734375
vt 0.734375 0.57421875
vt 0.73046875 0.57421875
vt 0.73046875 0.578125
vt 0.734375 0.578125
vt 0.4296875 0.26953125
vt 0.42578125 0.26953125
vt 0.42578125 0.265625
vt 0.4296875 0.265625
vn -0.14309802277979364 0.23176397332661677 0.962189387046216
vn -0.6724184217510841 -0.7361229011659518 0.07730808799086789
vn 0.14309802277979364 -0.23176397332661677 -0.962189387046216
vn 0.6724184217510841 0.7361229011659518 -0.07730808799086789
vn -0.7262068727065968 0.6359312345268799 -0.26118009684281723
vn 0.7262068727065968 -0.6359312345268799 0.26118009684281723
usemtl m_91fe65ba-4f97-40fd-8230-0084d13434eb
f 3564/10684/2671 3567/10683/2671 3565/10682/2671 3562/10681/2671
f 3563/10688/2672 3564/10687/2672 3562/10686/2672 3561/10685/2672
f 3568/10692/2673 3563/10691/2673 3561/10690/2673 3566/10689/2673
f 3567/10696/2674 3568/10695/2674 3566/10694/2674 3565/10693/2674
f 3566/10700/2675 3561/10699/2675 3562/10698/2675 3565/10697/2675
f 3567/10704/2676 3564/10703/2676 3563/10702/2676 3568/10701/2676
o cube
v 0.3198684034058341 1.826900954202432 0.05388010592988271
v 0.31074590445362227 1.8416759075020037 0.11521967935407892
v 0.736529596621244 1.4620354083926346 0.203732186493449
v 0.7274070976690321 1.4768103616922064 0.2650717599176452
v 0.34789702225536967 1.8823466977914225 0.11094840749258347
v 0.3570195212075815 1.8675717444918505 0.04960883406838726
v 0.7645582154707795 1.5174811519816251 0.26080048805614975
v 0.7736807144229914 1.5027061986820534 0.19946091463195356
vt 0.27734375 0.3125
vt 0.28125 0.3125
vt 0.28125 0.27734375
vt 0.27734375 0.27734375
vt 0.28125 0.3125
vt 0.28515625 0.3125
vt 0.28515625 0.27734375
vt 0.28125 0.27734375
vt 0.28515625 0.3125
vt 0.2890625 0.3125
vt 0.2890625 0.27734375
vt 0.28515625 0.27734375
vt 0.2890625 0.3125
vt 0.29296875 0.3125
vt 0.29296875 0.27734375
vt 0.2890625 0.27734375
vt 0.734375 0.5703125
vt 0.73046875 0.5703125
vt 0.73046875 0.57421875
vt 0.734375 0.57421875
vt 0.43359375 0.26953125
vt 0.4296875 0.26953125
vt 0.4296875 0.265625
vt 0.43359375 0.265625
vn -0.14309802277979364 0.23176397332661677 0.962189387046216
vn -0.6724184217510841 -0.7361229011659518 0.07730808799086789
vn 0.14309802277979364 -0.23176397332661677 -0.962189387046216
vn 0.6724184217510841 0.7361229011659518 -0.07730808799086789
vn -0.7262068727065968 0.6359312345268799 -0.26118009684281723
vn 0.7262068727065968 -0.6359312345268799 0.26118009684281723
usemtl m_91fe65ba-4f97-40fd-8230-0084d13434eb
f 3572/10708/2677 3575/10707/2677 3573/10706/2677 3570/10705/2677
f 3571/10712/2678 3572/10711/2678 3570/10710/2678 3569/10709/2678
f 3576/10716/2679 3571/10715/2679 3569/10714/2679 3574/10713/2679
f 3575/10720/2680 3576/10719/2680 3574/10718/2680 3573/10717/2680
f 3574/10724/2681 3569/10723/2681 3570/10722/2681 3573/10721/2681
f 3575/10728/2682 3572/10727/2682 3571/10726/2682 3576/10725/2682
o cube
v 0.5683085018579639 1.8789853639226117 0.04967559076853889
v 0.6046872672904762 1.9311383417161698 0.04512423570978043
v 1.1690820426702764 1.4567144220727992 0.012920090103898812
v 1.2054608081027887 1.5088673998663573 0.008368735045140352
v 0.5932008472237238 1.9269576267135942 -0.09459207069758684
v 0.5568220817912115 1.874804648920036 -0.09004071563882837
v 1.1939743880360363 1.5046866848637814 -0.1313475713622269
v 1.157595622603524 1.4525337070702233 -0.12679621630346843
vt 0.0703125 0.5234375
vt 0.078125 0.5234375
vt 0.078125 0.4765625
vt 0.0703125 0.4765625
vt 0.29296875 0.359375
vt 0.296875 0.359375
vt 0.296875 0.3125
vt 0.29296875 0.3125
vt 0.078125 0.5234375
vt 0.0859375 0.5234375
vt 0.0859375 0.4765625
vt 0.078125 0.4765625
vt 0.296875 0.359375
vt 0.30078125 0.359375
vt 0.30078125 0.3125
vt 0.296875 0.3125
vt 0.203125 0.2734375
vt 0.1953125 0.2734375
vt 0.1953125 0.27734375
vt 0.203125 0.27734375
vt 0.73046875 0.8046875
vt 0.72265625 0.8046875
vt 0.72265625 0.80078125
vt 0.73046875 0.80078125
vn 0.570647300902153 0.8180859261734607 -0.07139380484327003
vn 0.08189960831908973 0.029809019626209337 0.9961946980917455
vn -0.570647300902153 -0.8180859261734607 0.07139380484327003
vn -0.08189960831908973 -0.029809019626209337 -0.9961946980917455
vn -0.8171010415672395 0.574322940292163 0.049990480332730555
vn 0.8171010415672395 -0.574322940292163 -0.049990480332730555
usemtl m_91fe65ba-4f97-40fd-8230-0084d13434eb
f 3580/10732/2683 3583/10731/2683 3581/10730/2683 3578/10729/2683
f 3579/10736/2684 3580/10735/2684 3578/10734/2684 3577/10733/2684
f 3584/10740/2685 3579/10739/2685 3577/10738/2685 3582/10737/2685
f 3583/10744/2686 3584/10743/2686 3582/10742/2686 3581/10741/2686
f 3582/10748/2687 3577/10747/2687 3578/10746/2687 3581/10745/2687
f 3583/10752/2688 3580/10751/2688 3579/10750/2688 3584/10749/2688
o cube
v 0.3786519606748946 2.0366958973244067 -0.01624365179837904
v 0.40047921993440183 2.067987684000541 -0.018974464833634123
v 0.9481713866472603 1.6363928079407688 -0.0510870165902922
v 0.9699986459067677 1.6676845946169037 -0.05381782962554728
v 0.38899279986764945 2.0638069689979655 -0.1586907712410014
v 0.3671655406081422 2.0325151823218306 -0.15595995820574632
v 0.9585122258400154 1.6635038796143278 -0.19353413603291453
v 0.936684966580508 1.632212092938193 -0.19080332299765945
vt 0.484375 0.5390625
vt 0.4921875 0.5390625
vt 0.4921875 0.49609375
vt 0.484375 0.49609375
vt 0.66796875 0.6328125
vt 0.671875 0.6328125
vt 0.671875 0.58984375
vt 0.66796875 0.58984375
vt 0.19140625 0.51171875
vt 0.19921875 0.51171875
vt 0.19921875 0.46875
vt 0.19140625 0.46875
vt 0.66796875 0.58984375
vt 0.671875 0.58984375
vt 0.671875 0.546875
vt 0.66796875 0.546875
vt 0.73046875 0.796875
vt 0.72265625 0.796875
vt 0.72265625 0.80078125
vt 0.73046875 0.80078125
vt 0.2109375 0.27734375
vt 0.203125 0.27734375
vt 0.203125 0.2734375
vt 0.2109375 0.2734375
vn 0.570647300902153 0.8180859261734607 -0.07139380484327003
vn 0.08189960831908973 0.029809019626209337 0.9961946980917455
vn -0.570647300902153 -0.8180859261734607 0.07139380484327003
vn -0.08189960831908973 -0.029809019626209337 -0.9961946980917455
vn -0.8171010415672395 0.574322940292163 0.049990480332730555
vn 0.8171010415672395 -0.574322940292163 -0.049990480332730555
usemtl m_91fe65ba-4f97-40fd-8230-0084d13434eb
f 3588/10756/2689 3591/10755/2689 3589/10754/2689 3586/10753/2689
f 3587/10760/2690 3588/10759/2690 3586/10758/2690 3585/10757/2690
f 3592/10764/2691 3587/10763/2691 3585/10762/2691 3590/10761/2691
f 3591/10768/2692 3592/10767/2692 3590/10766/2692 3589/10765/2692
f 3590/10772/2693 3585/10771/2693 3586/10770/2693 3589/10769/2693
f 3591/10776/2694 3588/10775/2694 3587/10774/2694 3592/10773/2694
o cube
v 0.4206625619549049 2.026425523751057 0.02327221598604154
v 0.4570413273874172 2.078578501544615 0.018720860927283076
v 1.0214361027672179 1.604154581901244 -0.013483284678598568
v 1.05781486819973 1.656307559694802 -0.018034639737357028
v 0.44555490732066483 2.074397786542039 -0.12099544548008419
v 0.40917614188815254 2.0222448087484812 -0.11644409042132572
v 1.0463284481329778 1.6521268446922261 -0.1577509461447243
v 1.0099496827004657 1.599973866898668 -0.1531995910859658
vt 0.4765625 0.84375
vt 0.484375 0.84375
vt 0.484375 0.796875
vt 0.4765625 0.796875
vt 0.30078125 0.359375
vt 0.3046875 0.359375
vt 0.3046875 0.3125
vt 0.30078125 0.3125
vt 0.4765625 0.796875
vt 0.484375 0.796875
vt 0.484375 0.75
vt 0.4765625 0.75
vt 0.3046875 0.359375
vt 0.30859375 0.359375
vt 0.30859375 0.3125
vt 0.3046875 0.3125
vt 0.73046875 0.79296875
vt 0.72265625 0.79296875
vt 0.72265625 0.796875
vt 0.73046875 0.796875
vt 0.73046875 0.79296875
vt 0.72265625 0.79296875
vt 0.72265625 0.7890625
vt 0.73046875 0.7890625
vn 0.570647300902153 0.8180859261734607 -0.07139380484327003
vn 0.08189960831908973 0.029809019626209337 0.9961946980917455
vn -0.570647300902153 -0.8180859261734607 0.07139380484327003
vn -0.08189960831908973 -0.029809019626209337 -0.9961946980917455
vn -0.8171010415672395 0.574322940292163 0.049990480332730555
vn 0.8171010415672395 -0.574322940292163 -0.049990480332730555
usemtl m_91fe65ba-4f97-40fd-8230-0084d13434eb
f 3596/10780/2695 3599/10779/2695 3597/10778/2695 3594/10777/2695
f 3595/10784/2696 3596/10783/2696 3594/10782/2696 3593/10781/2696
f 3600/10788/2697 3595/10787/2697 3593/10786/2697 3598/10785/2697
f 3599/10792/2698 3600/10791/2698 3598/10790/2698 3597/10789/2698
f 3598/10796/2699 3593/10795/2699 3594/10794/2699 3597/10793/2699
f 3599/10800/2700 3596/10799/2700 3595/10798/2700 3600/10797/2700
o cube
v 0.3918656419628417 1.6726579710531089 0.051533679777773594
v 0.4347323163494732 1.7195858060024383 0.046605289168355796
v 0.932734812569491 1.1754884142120265 0.02194424690527381
v 0.9756014869561227 1.222416249161356 0.017015856295856013
v 0.4232458962827208 1.7154050909998624 -0.09311101723901147
v 0.3803792218960893 1.668477256050533 -0.08818262662959367
v 0.9641150668893703 1.21823553415878 -0.12270045011151125
v 0.9212483925027388 1.1713076992094504 -0.11777205950209345
vt 0.265625 0.5234375
vt 0.2734375 0.5234375
vt 0.2734375 0.4765625
vt 0.265625 0.4765625
vt 0.30859375 0.359375
vt 0.3125 0.359375
vt 0.3125 0.3125
vt 0.30859375 0.3125
vt 0.4765625 0.5390625
vt 0.484375 0.5390625
vt 0.484375 0.4921875
vt 0.4765625 0.4921875
vt 0.3125 0.359375
vt 0.31640625 0.359375
vt 0.31640625 0.3125
vt 0.3125 0.3125
vt 0.21875 0.2734375
vt 0.2109375 0.2734375
vt 0.2109375 0.27734375
vt 0.21875 0.27734375
vt 0.73046875 0.7890625
vt 0.72265625 0.7890625
vt 0.72265625 0.78515625
vt 0.73046875 0.78515625
vn 0.672418421751084 0.7361229011659518 -0.07730808799086741
vn 0.08189960831908974 0.029809019626209337 0.9961946980917455
vn -0.672418421751084 -0.7361229011659518 0.07730808799086741
vn -0.08189960831908974 -0.029809019626209337 -0.9961946980917455
vn -0.7356262095976197 0.6761911687739989 0.04024404334920073
vn 0.7356262095976197 -0.6761911687739989 -0.04024404334920073
usemtl m_91fe65ba-4f97-40fd-8230-0084d13434eb
f 3604/10804/2701 3607/10803/2701 3605/10802/2701 3602/10801/2701
f 3603/10808/2702 3604/10807/2702 3602/10806/2702 3601/10805/2702
f 3608/10812/2703 3603/10811/2703 3601/10810/2703 3606/10809/2703
f 3607/10816/2704 3608/10815/2704 3606/10814/2704 3605/10813/2704
f 3606/10820/2705 3601/10819/2705 3602/10818/2705 3605/10817/2705
f 3607/10824/2706 3604/10823/2706 3603/10822/2706 3608/10821/2706
o cube
v 0.22454154240606072 1.852956025666937 -0.016897451368668184
v 0.2502615470380396 1.8811127266365346 -0.01985448573431886
v 0.7372730104956016 1.3816507810314598 -0.04494754958306107
v 0.7629930151275806 1.4098074820010573 -0.04790458394871175
v 0.23877512697128722 1.8769320116339587 -0.15957079214168612
v 0.21305512233930834 1.8487753106643612 -0.15661375777603545
v 0.7515065950608282 1.4056267669984814 -0.18762089035607898
v 0.7257865904288493 1.3774700660288839 -0.1846638559904283
vt 0.19921875 0.51171875
vt 0.20703125 0.51171875
vt 0.20703125 0.46875
vt 0.19921875 0.46875
vt 0.66796875 0.546875
vt 0.671875 0.546875
vt 0.671875 0.50390625
vt 0.66796875 0.50390625
vt 0.20703125 0.51171875
vt 0.21484375 0.51171875
vt 0.21484375 0.46875
vt 0.20703125 0.46875
vt 0.45703125 0.33203125
vt 0.4609375 0.33203125
vt 0.4609375 0.2890625
vt 0.45703125 0.2890625
vt 0.73046875 0.78125
vt 0.72265625 0.78125
vt 0.72265625 0.78515625
vt 0.73046875 0.78515625
vt 0.2265625 0.27734375
vt 0.21875 0.27734375
vt 0.21875 0.2734375
vt 0.2265625 0.2734375
vn 0.672418421751084 0.7361229011659518 -0.07730808799086741
vn 0.08189960831908974 0.029809019626209337 0.9961946980917455
vn -0.672418421751084 -0.7361229011659518 0.07730808799086741
vn -0.08189960831908974 -0.029809019626209337 -0.9961946980917455
vn -0.7356262095976197 0.6761911687739989 0.04024404334920073
vn 0.7356262095976197 -0.6761911687739989 -0.04024404334920073
usemtl m_91fe65ba-4f97-40fd-8230-0084d13434eb
f 3612/10828/2707 3615/10827/2707 3613/10826/2707 3610/10825/2707
f 3611/10832/2708 3612/10831/2708 3610/10830/2708 3609/10829/2708
f 3616/10836/2709 3611/10835/2709 3609/10834/2709 3614/10833/2709
f 3615/10840/2710 3616/10839/2710 3614/10838/2710 3613/10837/2710
f 3614/10844/2711 3609/10843/2711 3610/10842/2711 3613/10841/2711
f 3615/10848/2712 3612/10847/2712 3611/10846/2712 3616/10845/2712
o cube
v 0.26473331315405724 1.8377441637853116 0.022915810520240498
v 0.30759998754068874 1.884671998734641 0.0179874199108227
v 0.805602483760707 1.3405746069442288 -0.006673622352259313
v 0.8484691581473387 1.3875024418935582 -0.011602012961677111
v 0.29611356747393636 1.880491283732065 -0.12172888649654456
v 0.25324689308730486 1.8335634487827357 -0.11680049588712677
v 0.8369827380805863 1.3833217268909823 -0.15131831936904439
v 0.7941160636939548 1.3363938919416527 -0.1463899287596266
vt 0.23828125 0.51953125
vt 0.24609375 0.51953125
vt 0.24609375 0.47265625
vt 0.23828125 0.47265625
vt 0.640625 0.6875
vt 0.64453125 0.6875
vt 0.64453125 0.640625
vt 0.640625 0.640625
vt 0.24609375 0.51953125
vt 0.25390625 0.51953125
vt 0.25390625 0.47265625
vt 0.24609375 0.47265625
vt 0.31640625 0.359375
vt 0.3203125 0.359375
vt 0.3203125 0.3125
vt 0.31640625 0.3125
vt 0.73046875 0.77734375
vt 0.72265625 0.77734375
vt 0.72265625 0.78125
vt 0.73046875 0.78125
vt 0.73046875 0.77734375
vt 0.72265625 0.77734375
vt 0.72265625 0.7734375
vt 0.73046875 0.7734375
vn 0.672418421751084 0.7361229011659518 -0.07730808799086741
vn 0.08189960831908974 0.029809019626209337 0.9961946980917455
vn -0.672418421751084 -0.7361229011659518 0.07730808799086741
vn -0.08189960831908974 -0.029809019626209337 -0.9961946980917455
vn -0.7356262095976197 0.6761911687739989 0.04024404334920073
vn 0.7356262095976197 -0.6761911687739989 -0.04024404334920073
usemtl m_91fe65ba-4f97-40fd-8230-0084d13434eb
f 3620/10852/2713 3623/10851/2713 3621/10850/2713 3618/10849/2713
f 3619/10856/2714 3620/10855/2714 3618/10854/2714 3617/10853/2714
f 3624/10860/2715 3619/10859/2715 3617/10858/2715 3622/10857/2715
f 3623/10864/2716 3624/10863/2716 3622/10862/2716 3621/10861/2716
f 3622/10868/2717 3617/10867/2717 3618/10866/2717 3621/10865/2717
f 3623/10872/2718 3620/10871/2718 3619/10870/2718 3624/10869/2718
o cube
v 0.4826888656990749 1.7713208023392035 0.05394418852770699
v 0.5086438081543665 1.796430449540329 0.10647902534650289
v 1.0235580363057244 1.2741512454981212 0.024354755655207228
v 1.049512978761016 1.2992608926992464 0.07688959247400312
v 0.5385551432698532 1.830828912955781 0.07526011687319373
v 0.5126002008145616 1.8057192657546557 0.022725280054397834
v 1.0794243138765025 1.3336593561146985 0.04567068400069396
v 1.0534693714212109 1.3085497089135731 -0.0068641528181019595
vt 0.3203125 0.359375
vt 0.32421875 0.359375
vt 0.32421875 0.3125
vt 0.3203125 0.3125
vt 0.32421875 0.359375
vt 0.328125 0.359375
vt 0.328125 0.3125
vt 0.32421875 0.3125
vt 0.640625 0.640625
vt 0.64453125 0.640625
vt 0.64453125 0.59375
vt 0.640625 0.59375
vt 0.390625 0.359375
vt 0.39453125 0.359375
vt 0.39453125 0.3125
vt 0.390625 0.3125
vt 0.734375 0.56640625
vt 0.73046875 0.56640625
vt 0.73046875 0.5703125
vt 0.734375 0.5703125
vt 0.4375 0.26953125
vt 0.43359375 0.26953125
vt 0.43359375 0.265625
vt 0.4375 0.265625
vn 0.40713635223986916 0.3938768188411822 0.8240758716673872
vn -0.5413816310495326 -0.6225966229041111 0.5650481171639667
vn -0.40713635223986916 -0.3938768188411822 -0.8240758716673872
vn 0.5413816310495326 0.6225966229041111 -0.5650481171639667
vn -0.7356262095976197 0.6761911687739988 0.04024404334920072
vn 0.7356262095976197 -0.6761911687739988 -0.04024404334920072
usemtl m_91fe65ba-4f97-40fd-8230-0084d13434eb
f 3628/10876/2719 3631/10875/2719 3629/10874/2719 3626/10873/2719
f 3627/10880/2720 3628/10879/2720 3626/10878/2720 3625/10877/2720
f 3632/10884/2721 3627/10883/2721 3625/10882/2721 3630/10881/2721
f 3631/10888/2722 3632/10887/2722 3630/10886/2722 3629/10885/2722
f 3630/10892/2723 3625/10891/2723 3626/10890/2723 3629/10889/2723
f 3631/10896/2724 3628/10895/2724 3627/10894/2724 3632/10893/2724
o cube
v 0.35628108818145754 1.9928006135073193 0.041481061793525786
v 0.3718540536546324 2.007866401827995 0.07300196388480334
v 0.8690125562709985 1.521495368871842 0.013430963579132926
v 0.8845855217441734 1.5365611571925173 0.044951865670410485
v 0.40176538877011914 2.042264865243447 0.041783055411494185
v 0.38619242329694425 2.0271990769227717 0.010262153320216627
v 0.9144968568596601 1.5709596206079692 0.013732957197101325
v 0.898923891386485 1.555893832287294 -0.017787944894176233
vt 0.484375 0.33203125
vt 0.48828125 0.33203125
vt 0.48828125 0.2890625
vt 0.484375 0.2890625
vt 0.48828125 0.33203125
vt 0.4921875 0.33203125
vt 0.4921875 0.2890625
vt 0.48828125 0.2890625
vt 0.66796875 0.50390625
vt 0.671875 0.50390625
vt 0.671875 0.4609375
vt 0.66796875 0.4609375
vt 0.5078125 0.33203125
vt 0.51171875 0.33203125
vt 0.51171875 0.2890625
vt 0.5078125 0.2890625
vt 0.734375 0.5625
vt 0.73046875 0.5625
vt 0.73046875 0.56640625
vt 0.734375 0.56640625
vt 0.44140625 0.26953125
vt 0.4375 0.26953125
vt 0.4375 0.265625
vt 0.44140625 0.265625
vn 0.40713635223986916 0.3938768188411822 0.8240758716673872
vn -0.5413816310495326 -0.6225966229041111 0.5650481171639667
vn -0.40713635223986916 -0.3938768188411822 -0.8240758716673872
vn 0.5413816310495326 0.6225966229041111 -0.5650481171639667
vn -0.7356262095976197 0.6761911687739988 0.04024404334920072
vn 0.7356262095976197 -0.6761911687739988 -0.04024404334920072
usemtl m_91fe65ba-4f97-40fd-8230-0084d13434eb
f 3636/10900/2725 3639/10899/2725 3637/10898/2725 3634/10897/2725
f 3635/10904/2726 3636/10903/2726 3634/10902/2726 3633/10901/2726
f 3640/10908/2727 3635/10907/2727 3633/10906/2727 3638/10905/2727
f 3639/10912/2728 3640/10911/2728 3638/10910/2728 3637/10909/2728
f 3638/10916/2729 3633/10915/2729 3634/10914/2729 3637/10913/2729
f 3639/10920/2730 3636/10919/2730 3635/10918/2730 3640/10917/2730
o cube
v 0.36660105987001934 1.9454978742685143 0.07446323947864664
v 0.39255600232531096 1.9706075214696397 0.12699807629744259
v 0.9074702304766693 1.4483283174274315 0.044873806606146815
v 0.9334251729319609 1.4734379646285567 0.09740864342494276
v 0.4224673374407977 2.005005984885092 0.09577916782413343
v 0.39651239498550606 1.9798963376839664 0.04324433100533748
v 0.9633365080474476 1.5078364280440089 0.0661897349516336
v 0.9373815655921559 1.4827267808428837 0.013654898132837656
vt 0.39453125 0.359375
vt 0.3984375 0.359375
vt 0.3984375 0.3125
vt 0.39453125 0.3125
vt 0.3984375 0.359375
vt 0.40234375 0.359375
vt 0.40234375 0.3125
vt 0.3984375 0.3125
vt 0.40234375 0.359375
vt 0.40625 0.359375
vt 0.40625 0.3125
vt 0.40234375 0.3125
vt 0.40625 0.359375
vt 0.41015625 0.359375
vt 0.41015625 0.3125
vt 0.40625 0.3125
vt 0.734375 0.55859375
vt 0.73046875 0.55859375
vt 0.73046875 0.5625
vt 0.734375 0.5625
vt 0.4453125 0.26953125
vt 0.44140625 0.26953125
vt 0.44140625 0.265625
vt 0.4453125 0.265625
vn 0.40713635223986916 0.3938768188411822 0.8240758716673872
vn -0.5413816310495326 -0.6225966229041111 0.5650481171639667
vn -0.40713635223986916 -0.3938768188411822 -0.8240758716673872
vn 0.5413816310495326 0.6225966229041111 -0.5650481171639667
vn -0.7356262095976197 0.6761911687739988 0.04024404334920072
vn 0.7356262095976197 -0.6761911687739988 -0.04024404334920072
usemtl m_91fe65ba-4f97-40fd-8230-0084d13434eb
f 3644/10924/2731 3647/10923/2731 3645/10922/2731 3642/10921/2731
f 3643/10928/2732 3644/10927/2732 3642/10926/2732 3641/10925/2732
f 3648/10932/2733 3643/10931/2733 3641/10930/2733 3646/10929/2733
f 3647/10936/2734 3648/10935/2734 3646/10934/2734 3645/10933/2734
f 3646/10940/2735 3641/10939/2735 3642/10938/2735 3645/10937/2735
f 3647/10944/2736 3644/10943/2736 3643/10942/2736 3648/10941/2736
o cube
v 0.5065239770754858 1.8110358577179324 -0.17767361876912474
v 0.5421363459401796 1.8517838832616007 -0.21136961405250437
v 1.0473931476821354 1.3138663008768499 -0.20726305164162453
v 1.0830055165468293 1.3546143264205182 -0.24095904692500417
v 0.5209681861654736 1.831543341232037 -0.2582182209699143
v 0.4853558173007798 1.7907953156883687 -0.22452222568653468
v 1.061837356772123 1.3343737843909547 -0.2878076538424141
v 1.0262249879074294 1.2936257588472864 -0.25411165855903445
vt 0.640625 0.59375
vt 0.64453125 0.59375
vt 0.64453125 0.546875
vt 0.640625 0.546875
vt 0.41015625 0.359375
vt 0.4140625 0.359375
vt 0.4140625 0.3125
vt 0.41015625 0.3125
vt 0.4140625 0.359375
vt 0.41796875 0.359375
vt 0.41796875 0.3125
vt 0.4140625 0.3125
vt 0.41796875 0.359375
vt 0.421875 0.359375
vt 0.421875 0.3125
vt 0.41796875 0.3125
vt 0.734375 0.5546875
vt 0.73046875 0.5546875
vt 0.73046875 0.55859375
vt 0.734375 0.55859375
vt 0.44921875 0.26953125
vt 0.4453125 0.26953125
vt 0.4453125 0.265625
vt 0.44921875 0.265625
vn 0.5586253939559818 0.6391847144104825 -0.5285646318961513
vn 0.383134113569339 0.3663446521187981 0.8479385867404513
vn -0.5586253939559818 -0.6391847144104825 0.5285646318961513
vn -0.383134113569339 -0.3663446521187981 -0.8479385867404513
vn -0.7356262095976197 0.6761911687739989 0.040244043349200696
vn 0.7356262095976197 -0.6761911687739989 -0.040244043349200696
usemtl m_91fe65ba-4f97-40fd-8230-0084d13434eb
f 3652/10948/2737 3655/10947/2737 3653/10946/2737 3650/10945/2737
f 3651/10952/2738 3652/10951/2738 3650/10950/2738 3649/10949/2738
f 3656/10956/2739 3651/10955/2739 3649/10954/2739 3654/10953/2739
f 3655/10960/2740 3656/10959/2740 3654/10958/2740 3653/10957/2740
f 3654/10964/2741 3649/10963/2741 3650/10962/2741 3653/10961/2741
f 3655/10968/2742 3652/10967/2742 3651/10966/2742 3656/10965/2742
o cube
v 0.3718732350343944 2.019167744457989 -0.1165355954954882
v 0.3932406563532107 2.0436165597841898 -0.13675319266551597
v 0.8846047031239355 1.5478624998225117 -0.14458569370988106
v 0.9059721244427518 1.5723113151487125 -0.16480329087990886
v 0.3720724965785047 2.023376017754626 -0.1836017995829259
v 0.3507050752596884 1.9989272024284253 -0.16338420241289814
v 0.8848039646680458 1.552070773119149 -0.2116518977973188
v 0.8634365433492295 1.527621957792948 -0.191434300627291
vt 0.51171875 0.33203125
vt 0.515625 0.33203125
vt 0.515625 0.2890625
vt 0.51171875 0.2890625
vt 0.515625 0.33203125
vt 0.51953125 0.33203125
vt 0.51953125 0.2890625
vt 0.515625 0.2890625
vt 0.51953125 0.33203125
vt 0.5234375 0.33203125
vt 0.5234375 0.2890625
vt 0.51953125 0.2890625
vt 0.5234375 0.33203125
vt 0.52734375 0.33203125
vt 0.52734375 0.2890625
vt 0.5234375 0.2890625
vt 0.734375 0.55078125
vt 0.73046875 0.55078125
vt 0.73046875 0.5546875
vt 0.734375 0.5546875
vt 0.453125 0.26953125
vt 0.44921875 0.26953125
vt 0.44921875 0.265625
vt 0.453125 0.265625
vn 0.5586253939559818 0.6391847144104825 -0.5285646318961513
vn 0.383134113569339 0.3663446521187981 0.8479385867404513
vn -0.5586253939559818 -0.6391847144104825 0.5285646318961513
vn -0.383134113569339 -0.3663446521187981 -0.8479385867404513
vn -0.7356262095976197 0.6761911687739989 0.040244043349200696
vn 0.7356262095976197 -0.6761911687739989 -0.040244043349200696
usemtl m_91fe65ba-4f97-40fd-8230-0084d13434eb
f 3660/10972/2743 3663/10971/2743 3661/10970/2743 3658/10969/2743
f 3659/10976/2744 3660/10975/2744 3658/10974/2744 3657/10973/2744
f 3664/10980/2745 3659/10979/2745 3657/10978/2745 3662/10977/2745
f 3663/10984/2746 3664/10983/2746 3662/10982/2746 3661/10981/2746
f 3662/10988/2747 3657/10987/2747 3658/10986/2747 3661/10985/2747
f 3663/10992/2748 3660/10991/2748 3659/10990/2748 3664/10989/2748
o cube
v 0.3908502114977451 1.9858833896460686 -0.1608515191467402
v 0.4264625803624389 2.026631415189737 -0.19454751443011983
v 0.9317193821043952 1.4887138328049858 -0.19044095201924
v 0.967331750969089 1.529461858348654 -0.22413694730261963
v 0.4052944205877329 2.006390873160173 -0.24139612134752975
v 0.36968205172303914 1.9656428476165049 -0.20770012606415011
v 0.946163591194383 1.5092213163190904 -0.27098555422002957
v 0.9105512223296892 1.468473290775422 -0.23728955893664994
vt 0.421875 0.359375
vt 0.42578125 0.359375
vt 0.42578125 0.3125
vt 0.421875 0.3125
vt 0.42578125 0.359375
vt 0.4296875 0.359375
vt 0.4296875 0.3125
vt 0.42578125 0.3125
vt 0.4296875 0.359375
vt 0.43359375 0.359375
vt 0.43359375 0.3125
vt 0.4296875 0.3125
vt 0.43359375 0.359375
vt 0.4375 0.359375
vt 0.4375 0.3125
vt 0.43359375 0.3125
vt 0.734375 0.546875
vt 0.73046875 0.546875
vt 0.73046875 0.55078125
vt 0.734375 0.55078125
vt 0.45703125 0.26953125
vt 0.453125 0.26953125
vt 0.453125 0.265625
vt 0.45703125 0.265625
vn 0.5586253939559818 0.6391847144104825 -0.5285646318961513
vn 0.383134113569339 0.3663446521187981 0.8479385867404513
vn -0.5586253939559818 -0.6391847144104825 0.5285646318961513
vn -0.383134113569339 -0.3663446521187981 -0.8479385867404513
vn -0.7356262095976197 0.6761911687739989 0.040244043349200696
vn 0.7356262095976197 -0.6761911687739989 -0.040244043349200696
usemtl m_91fe65ba-4f97-40fd-8230-0084d13434eb
f 3668/10996/2749 3671/10995/2749 3669/10994/2749 3666/10993/2749
f 3667/11000/2750 3668/10999/2750 3666/10998/2750 3665/10997/2750
f 3672/11004/2751 3667/11003/2751 3665/11002/2751 3670/11001/2751
f 3671/11008/2752 3672/11007/2752 3670/11006/2752 3669/11005/2752
f 3670/11012/2753 3665/11011/2753 3666/11010/2753 3669/11009/2753
f 3671/11016/2754 3668/11015/2754 3667/11014/2754 3672/11013/2754
o cube
v 0.3791271752712049 1.8536943849600547 -0.1965067251113426
v 0.36004577311801444 1.8648445939285319 -0.25630334233863655
v 0.876855764403073 1.3729447576352936 -0.44497927870208354
v 0.8577743622498828 1.384094966603771 -0.5047758959293775
v 0.32289465531626704 1.824173803639113 -0.2520320704771411
v 0.3419760574694575 1.813023594670636 -0.19223545324984714
v 0.8206232444481354 1.3434241763143522 -0.5005046240678821
v 0.8397046466013256 1.3322739673458748 -0.44070800684058814
vt 0.4375 0.359375
vt 0.44140625 0.359375
vt 0.44140625 0.3125
vt 0.4375 0.3125
vt 0.44140625 0.359375
vt 0.4453125 0.359375
vt 0.4453125 0.3125
vt 0.44140625 0.3125
vt 0.4453125 0.359375
vt 0.44921875 0.359375
vt 0.44921875 0.3125
vt 0.4453125 0.3125
vt 0.44921875 0.359375
vt 0.453125 0.359375
vt 0.453125 0.3125
vt 0.44921875 0.3125
vt 0.734375 0.54296875
vt 0.73046875 0.54296875
vt 0.73046875 0.546875
vt 0.734375 0.546875
vt 0.4609375 0.26953125
vt 0.45703125 0.26953125
vt 0.45703125 0.265625
vt 0.4609375 0.265625
vn -0.2993161122069063 0.17490523872121194 -0.9379861525850042
vn 0.672418421751084 0.7361229011659517 -0.077308087990867
vn 0.2993161122069063 -0.17490523872121194 0.9379861525850042
vn -0.672418421751084 -0.7361229011659517 0.077308087990867
vn -0.6769514983092393 0.6538587246851556 0.33794294946037556
vn 0.6769514983092393 -0.6538587246851556 -0.33794294946037556
usemtl m_91fe65ba-4f97-40fd-8230-0084d13434eb
f 3676/11020/2755 3679/11019/2755 3677/11018/2755 3674/11017/2755
f 3675/11024/2756 3676/11023/2756 3674/11022/2756 3673/11021/2756
f 3680/11028/2757 3675/11027/2757 3673/11026/2757 3678/11025/2757
f 3679/11032/2758 3680/11031/2758 3678/11030/2758 3677/11029/2758
f 3678/11036/2759 3673/11035/2759 3674/11034/2759 3677/11033/2759
f 3679/11040/2760 3676/11039/2760 3675/11038/2760 3680/11037/2760
o cube
v 0.3682707901854154 1.9672669625049675 -0.1990505475646362
v 0.35682194889350116 1.9739570878860537 -0.2349285179010126
v 0.7307783175300129 1.6171256154360665 -0.3800189970006671
v 0.7193294762380987 1.623815740817153 -0.4158969673370435
v 0.31967083109175376 1.933286297596635 -0.2306572460395172
v 0.331119672383668 1.9265961722155485 -0.1947792757031408
v 0.6821783584363513 1.5831449505277342 -0.4116256954755481
v 0.6936271997282655 1.5764548251466477 -0.3757477251391717
vt 0.29296875 0.3125
vt 0.296875 0.3125
vt 0.296875 0.27734375
vt 0.29296875 0.27734375
vt 0.6875 0.70703125
vt 0.69140625 0.70703125
vt 0.69140625 0.671875
vt 0.6875 0.671875
vt 0.296875 0.3125
vt 0.30078125 0.3125
vt 0.30078125 0.27734375
vt 0.296875 0.27734375
vt 0.30078125 0.3125
vt 0.3046875 0.3125
vt 0.3046875 0.27734375
vt 0.30078125 0.27734375
vt 0.734375 0.5390625
vt 0.73046875 0.5390625
vt 0.73046875 0.54296875
vt 0.734375 0.54296875
vt 0.46484375 0.26953125
vt 0.4609375 0.26953125
vt 0.4609375 0.265625
vt 0.46484375 0.265625
vn -0.2993161122069063 0.17490523872121194 -0.9379861525850042
vn 0.672418421751084 0.7361229011659517 -0.077308087990867
vn 0.2993161122069063 -0.17490523872121194 0.9379861525850042
vn -0.672418421751084 -0.7361229011659517 0.077308087990867
vn -0.6769514983092393 0.6538587246851556 0.33794294946037556
vn 0.6769514983092393 -0.6538587246851556 -0.33794294946037556
usemtl m_91fe65ba-4f97-40fd-8230-0084d13434eb
f 3684/11044/2761 3687/11043/2761 3685/11042/2761 3682/11041/2761
f 3683/11048/2762 3684/11047/2762 3682/11046/2762 3681/11045/2762
f 3688/11052/2763 3683/11051/2763 3681/11050/2763 3686/11049/2763
f 3687/11056/2764 3688/11055/2764 3686/11054/2764 3685/11053/2764
f 3686/11060/2765 3681/11059/2765 3682/11058/2765 3685/11057/2765
f 3687/11064/2766 3684/11063/2766 3683/11062/2766 3688/11061/2766
o cube
v 0.33875377069817025 1.9354328814191981 -0.20916053480568958
v 0.31967236854498005 1.9465830903876755 -0.2689571520329836
v 0.7501710437956105 1.5380502414917947 -0.41454536234023276
v 0.7310896416424203 1.5492004504602719 -0.4743419795675268
v 0.28252125074323264 1.9059123000982567 -0.2646858801714882
v 0.30160265289642285 1.8947620911297793 -0.20488926294419418
v 0.6939385238406729 1.508529660170853 -0.4700707077060314
v 0.7130199259938631 1.497379451202376 -0.41027409047873736
vt 0.0234375 0.32421875
vt 0.02734375 0.32421875
vt 0.02734375 0.28515625
vt 0.0234375 0.28515625
vt 0.02734375 0.32421875
vt 0.03125 0.32421875
vt 0.03125 0.28515625
vt 0.02734375 0.28515625
vt 0.03125 0.32421875
vt 0.03515625 0.32421875
vt 0.03515625 0.28515625
vt 0.03125 0.28515625
vt 0.03515625 0.32421875
vt 0.0390625 0.32421875
vt 0.0390625 0.28515625
vt 0.03515625 0.28515625
vt 0.734375 0.53515625
vt 0.73046875 0.53515625
vt 0.73046875 0.5390625
vt 0.734375 0.5390625
vt 0.46875 0.26953125
vt 0.46484375 0.26953125
vt 0.46484375 0.265625
vt 0.46875 0.265625
vn -0.2993161122069063 0.17490523872121194 -0.9379861525850042
vn 0.672418421751084 0.7361229011659517 -0.077308087990867
vn 0.2993161122069063 -0.17490523872121194 0.9379861525850042
vn -0.672418421751084 -0.7361229011659517 0.077308087990867
vn -0.6769514983092393 0.6538587246851556 0.33794294946037556
vn 0.6769514983092393 -0.6538587246851556 -0.33794294946037556
usemtl m_91fe65ba-4f97-40fd-8230-0084d13434eb
f 3692/11068/2767 3695/11067/2767 3693/11066/2767 3690/11065/2767
f 3691/11072/2768 3692/11071/2768 3690/11070/2768 3689/11069/2768
f 3696/11076/2769 3691/11075/2769 3689/11074/2769 3694/11073/2769
f 3695/11080/2770 3696/11079/2770 3694/11078/2770 3693/11077/2770
f 3694/11084/2771 3689/11083/2771 3690/11082/2771 3693/11081/2771
f 3695/11088/2772 3692/11087/2772 3691/11086/2772 3696/11085/2772
o cube
v 0.41548352143414746 1.7300028572665924 -0.1184490491026173
v 0.36523231901440156 1.692363812285877 -0.1295026208470534
v 0.8625037238608195 1.1486194723394787 -0.1709739084847045
v 0.8122525214410736 1.1109804273587636 -0.18202748022914061
v 0.3599876714932817 1.6834282671103153 -0.07523281151631495
v 0.4102388739130278 1.7210673120910307 -0.06417923977187884
v 0.8070078739199539 1.1020448821832018 -0.12775767089840215
v 0.8572590763396999 1.139683927163917 -0.11670409915396604
vt 0.453125 0.359375
vt 0.45703125 0.359375
vt 0.45703125 0.3125
vt 0.453125 0.3125
vt 0.640625 0.546875
vt 0.64453125 0.546875
vt 0.64453125 0.5
vt 0.640625 0.5
vt 0.640625 0.5
vt 0.64453125 0.5
vt 0.64453125 0.453125
vt 0.640625 0.453125
vt 0.640625 0.453125
vt 0.64453125 0.453125
vt 0.64453125 0.40625
vt 0.640625 0.40625
vt 0.734375 0.53125
vt 0.73046875 0.53125
vt 0.73046875 0.53515625
vt 0.734375 0.53515625
vt 0.47265625 0.26953125
vt 0.46875 0.26953125
vt 0.46875 0.265625
vt 0.47265625 0.265625
vn -0.7882541556038588 -0.5904163918543593 -0.17338936069703711
vn 0.09492574698859194 0.16172932444455548 -0.9822589924115561
vn 0.7882541556038588 0.5904163918543593 0.17338936069703711
vn -0.09492574698859194 -0.16172932444455548 0.9822589924115561
vn -0.6079839543375347 0.790728847231709 0.07143809504534143
vn 0.6079839543375347 -0.790728847231709 -0.07143809504534143
usemtl m_91fe65ba-4f97-40fd-8230-0084d13434eb
f 3700/11092/2773 3703/11091/2773 3701/11090/2773 3698/11089/2773
f 3699/11096/2774 3700/11095/2774 3698/11094/2774 3697/11093/2774
f 3704/11100/2775 3699/11099/2775 3697/11098/2775 3702/11097/2775
f 3703/11104/2776 3704/11103/2776 3702/11102/2776 3701/11101/2776
f 3702/11108/2777 3697/11107/2777 3698/11106/2777 3701/11105/2777
f 3703/11112/2778 3700/11111/2778 3699/11110/2778 3704/11109/2778
o cube
v 0.2553607471726085 1.9188735958361964 -0.18070741219514175
v 0.22521002572076076 1.8962901688477671 -0.18733955524180343
v 0.6791255633458702 1.367735589315695 -0.2304997644417447
v 0.6489748418940225 1.345152162327266 -0.23713190748840635
v 0.21996537819964113 1.8873546236722054 -0.13306974591106496
v 0.2501160996514886 1.9099380506606347 -0.12643760286440328
v 0.6437301943729028 1.3362166171517043 -0.1828620981576679
v 0.6738809158247504 1.3588000441401333 -0.17622995511100623
vt 0.66796875 0.4609375
vt 0.671875 0.4609375
vt 0.671875 0.41796875
vt 0.66796875 0.41796875
vt 0.66796875 0.41796875
vt 0.671875 0.41796875
vt 0.671875 0.375
vt 0.66796875 0.375
vt 0.66796875 0.375
vt 0.671875 0.375
vt 0.671875 0.33203125
vt 0.66796875 0.33203125
vt 0.65234375 0.33203125
vt 0.65625 0.33203125
vt 0.65625 0.2890625
vt 0.65234375 0.2890625
vt 0.734375 0.52734375
vt 0.73046875 0.52734375
vt 0.73046875 0.53125
vt 0.734375 0.53125
vt 0.4765625 0.26953125
vt 0.47265625 0.26953125
vt 0.47265625 0.265625
vt 0.4765625 0.265625
vn -0.7882541556038588 -0.5904163918543593 -0.17338936069703711
vn 0.09492574698859194 0.16172932444455548 -0.9822589924115561
vn 0.7882541556038588 0.5904163918543593 0.17338936069703711
vn -0.09492574698859194 -0.16172932444455548 0.9822589924115561
vn -0.6079839543375347 0.790728847231709 0.07143809504534143
vn 0.6079839543375347 -0.790728847231709 -0.07143809504534143
usemtl m_91fe65ba-4f97-40fd-8230-0084d13434eb
f 3708/11116/2779 3711/11115/2779 3709/11114/2779 3706/11113/2779
f 3707/11120/2780 3708/11119/2780 3706/11118/2780 3705/11117/2780
f 3712/11124/2781 3707/11123/2781 3705/11122/2781 3710/11121/2781
f 3711/11128/2782 3712/11127/2782 3710/11126/2782 3709/11125/2782
f 3710/11132/2783 3705/11131/2783 3706/11130/2783 3709/11129/2783
f 3711/11136/2784 3708/11135/2784 3707/11134/2784 3712/11133/2784
o cube
v 0.264531548695055 1.874226912144547 -0.14390462650202218
v 0.2142803462753089 1.8365878671638314 -0.1549581982464583
v 0.7115517511217273 1.2928435272174328 -0.1964294858841094
v 0.6613005487019814 1.2552044822367172 -0.20748305762854552
v 0.20903569875418926 1.8276523219882697 -0.10068838891571982
v 0.25928690117393516 1.8652913669689852 -0.08963481717128371
v 0.6560559011808617 1.2462689370611555 -0.15321324829780708
v 0.7063071036006077 1.283907982041871 -0.14215967655337094
vt 0.640625 0.40625
vt 0.64453125 0.40625
vt 0.64453125 0.359375
vt 0.640625 0.359375
vt 0.62890625 0.359375
vt 0.6328125 0.359375
vt 0.6328125 0.3125
vt 0.62890625 0.3125
vt 0.6328125 0.359375
vt 0.63671875 0.359375
vt 0.63671875 0.3125
vt 0.6328125 0.3125
vt 0.63671875 0.359375
vt 0.640625 0.359375
vt 0.640625 0.3125
vt 0.63671875 0.3125
vt 0.734375 0.5234375
vt 0.73046875 0.5234375
vt 0.73046875 0.52734375
vt 0.734375 0.52734375
vt 0.48046875 0.26953125
vt 0.4765625 0.26953125
vt 0.4765625 0.265625
vt 0.48046875 0.265625
vn -0.7882541556038588 -0.5904163918543593 -0.17338936069703711
vn 0.09492574698859194 0.16172932444455548 -0.9822589924115561
vn 0.7882541556038588 0.5904163918543593 0.17338936069703711
vn -0.09492574698859194 -0.16172932444455548 0.9822589924115561
vn -0.6079839543375347 0.790728847231709 0.07143809504534143
vn 0.6079839543375347 -0.790728847231709 -0.07143809504534143
usemtl m_91fe65ba-4f97-40fd-8230-0084d13434eb
f 3716/11140/2785 3719/11139/2785 3717/11138/2785 3714/11137/2785
f 3715/11144/2786 3716/11143/2786 3714/11142/2786 3713/11141/2786
f 3720/11148/2787 3715/11147/2787 3713/11146/2787 3718/11145/2787
f 3719/11152/2788 3720/11151/2788 3718/11150/2788 3717/11149/2788
f 3718/11156/2789 3713/11155/2789 3714/11154/2789 3717/11153/2789
f 3719/11160/2790 3716/11159/2790 3715/11158/2790 3720/11157/2790
o cube
v 0.7089898204490217 1.440232412582427 -0.1722367148592323
v 0.6631820641560643 1.4276869401697814 -0.157511355429033
v 0.8309138730817509 0.8874027986611398 -0.26394526618489755
v 0.7851061167887935 0.8748573262484941 -0.24921990675469824
v 0.6772228543170966 1.424051612094066 -0.11693032998073055
v 0.723030610610054 1.4365970845067118 -0.13165568941092987
v 0.7991469069498258 0.8712219981727787 -0.2086388813063958
v 0.8449546632427832 0.8837674705854244 -0.2233642407365951
vt 0.3046875 0.3125
vt 0.30859375 0.3125
vt 0.30859375 0.27734375
vt 0.3046875 0.27734375
vt 0.30859375 0.3125
vt 0.3125 0.3125
vt 0.3125 0.27734375
vt 0.30859375 0.27734375
vt 0.3125 0.3125
vt 0.31640625 0.3125
vt 0.31640625 0.27734375
vt 0.3125 0.27734375
vt 0.31640625 0.3125
vt 0.3203125 0.3125
vt 0.3203125 0.27734375
vt 0.31640625 0.27734375
vt 0.734375 0.51953125
vt 0.73046875 0.51953125
vt 0.73046875 0.5234375
vt 0.734375 0.5234375
vt 0.484375 0.26953125
vt 0.48046875 0.26953125
vt 0.48046875 0.265625
vt 0.484375 0.265625
vn -0.9212218460122169 -0.2522970822050418 0.29613593625337975
vn -0.32581019053329413 0.08435614516104908 -0.9416643566145141
vn 0.9212218460122169 0.2522970822050418 -0.29613593625337975
vn 0.32581019053329413 -0.08435614516104908 0.9416643566145141
vn -0.21259828356433635 0.9639658827387982 0.15991168419195498
vn 0.21259828356433635 -0.9639658827387982 -0.15991168419195498
usemtl m_91fe65ba-4f97-40fd-8230-0084d13434eb
f 3724/11164/2791 3727/11163/2791 3725/11162/2791 3722/11161/2791
f 3723/11168/2792 3724/11167/2792 3722/11166/2792 3721/11165/2792
f 3728/11172/2793 3723/11171/2793 3721/11170/2793 3726/11169/2793
f 3727/11176/2794 3728/11175/2794 3726/11174/2794 3725/11173/2794
f 3726/11180/2795 3721/11179/2795 3722/11178/2795 3725/11177/2795
f 3727/11184/2796 3724/11183/2796 3723/11182/2796 3728/11181/2796
o cube
v 0.6931934925605819 1.5068738180663075 -0.09743488533365263
v 0.6657088387848075 1.49934653461872 -0.08859966967553307
v 0.7855174861726485 1.0882571739987434 -0.16687893286927197
v 0.758032832396874 1.080729890551156 -0.1580437172111524
v 0.6797496289458398 1.4957112065430047 -0.04801864422723062
v 0.7072342827216143 1.5032384899905922 -0.05685385988535019
v 0.7720736225579063 1.0770945624754407 -0.11746269176284993
v 0.7995582763336808 1.084621845923028 -0.12629790742096952
vt 0.0859375 0.3046875
vt 0.08984375 0.3046875
vt 0.08984375 0.27734375
vt 0.0859375 0.27734375
vt 0.08984375 0.3046875
vt 0.09375 0.3046875
vt 0.09375 0.27734375
vt 0.08984375 0.27734375
vt 0.09375 0.3046875
vt 0.09765625 0.3046875
vt 0.09765625 0.27734375
vt 0.09375 0.27734375
vt 0.09765625 0.3046875
vt 0.1015625 0.3046875
vt 0.1015625 0.27734375
vt 0.09765625 0.27734375
vt 0.734375 0.515625
vt 0.73046875 0.515625
vt 0.73046875 0.51953125
vt 0.734375 0.51953125
vt 0.48828125 0.26953125
vt 0.484375 0.26953125
vt 0.484375 0.265625
vt 0.48828125 0.265625
vn -0.9212218460122169 -0.2522970822050418 0.29613593625337975
vn -0.32581019053329413 0.08435614516104908 -0.9416643566145141
vn 0.9212218460122169 0.2522970822050418 -0.29613593625337975
vn 0.32581019053329413 -0.08435614516104908 0.9416643566145141
vn -0.21259828356433635 0.9639658827387982 0.15991168419195498
vn 0.21259828356433635 -0.9639658827387982 -0.15991168419195498
usemtl m_91fe65ba-4f97-40fd-8230-0084d13434eb
f 3732/11188/2797 3735/11187/2797 3733/11186/2797 3730/11185/2797
f 3731/11192/2798 3732/11191/2798 3730/11190/2798 3729/11189/2798
f 3736/11196/2799 3731/11195/2799 3729/11194/2799 3734/11193/2799
f 3735/11200/2800 3736/11199/2800 3734/11198/2800 3733/11197/2800
f 3734/11204/2801 3729/11203/2801 3730/11202/2801 3733/11201/2801
f 3735/11208/2802 3732/11207/2802 3731/11206/2802 3736/11205/2802
o cube
v 0.6830980198260324 1.46242347317796 -0.13312748813273256
v 0.6372902635330749 1.4498780007653143 -0.11840212870253325
v 0.7782410666781621 1.0310246415052793 -0.2046919646007372
v 0.7324333103852047 1.0184791690926336 -0.18996660517053787
v 0.6513310536941073 1.446242672689599 -0.07782110325423075
v 0.6971388099870647 1.4587881451022446 -0.09254646268443006
v 0.746474100546237 1.0148438410169183 -0.14938557972223543
v 0.7922818568391944 1.027389313429564 -0.16411093915243474
vt 0.1015625 0.3046875
vt 0.10546875 0.3046875
vt 0.10546875 0.27734375
vt 0.1015625 0.27734375
vt 0.10546875 0.3046875
vt 0.109375 0.3046875
vt 0.109375 0.27734375
vt 0.10546875 0.27734375
vt 0.6953125 0.890625
vt 0.69921875 0.890625
vt 0.69921875 0.86328125
vt 0.6953125 0.86328125
vt 0.6953125 0.86328125
vt 0.69921875 0.86328125
vt 0.69921875 0.8359375
vt 0.6953125 0.8359375
vt 0.734375 0.51171875
vt 0.73046875 0.51171875
vt 0.73046875 0.515625
vt 0.734375 0.515625
vt 0.4921875 0.26953125
vt 0.48828125 0.26953125
vt 0.48828125 0.265625
vt 0.4921875 0.265625
vn -0.9212218460122169 -0.2522970822050418 0.29613593625337975
vn -0.32581019053329413 0.08435614516104908 -0.9416643566145141
vn 0.9212218460122169 0.2522970822050418 -0.29613593625337975
vn 0.32581019053329413 -0.08435614516104908 0.9416643566145141
vn -0.21259828356433635 0.9639658827387982 0.15991168419195498
vn 0.21259828356433635 -0.9639658827387982 -0.15991168419195498
usemtl m_91fe65ba-4f97-40fd-8230-0084d13434eb
f 3740/11212/2803 3743/11211/2803 3741/11210/2803 3738/11209/2803
f 3739/11216/2804 3740/11215/2804 3738/11214/2804 3737/11213/2804
f 3744/11220/2805 3739/11219/2805 3737/11218/2805 3742/11217/2805
f 3743/11224/2806 3744/11223/2806 3742/11222/2806 3741/11221/2806
f 3742/11228/2807 3737/11227/2807 3738/11226/2807 3741/11225/2807
f 3743/11232/2808 3740/11231/2808 3739/11230/2808 3744/11229/2808
o cube
v 0.7793998549643093 1.3443782315961161 -0.006618726838522437
v 0.7923482246335981 1.3456940650184608 0.04137277168269565
v 1.0765835631959069 0.8584685490707549 -0.0734778250587294
v 1.0895319328651958 0.8597843824930995 -0.025486326537511317
v 0.8814674469869543 1.4037270333791303 0.015736765453515378
v 0.8685190773176654 1.4024111999567856 -0.03225473306770271
v 1.178651155218552 0.9178173508537691 -0.05112233276669165
v 1.1657027855492632 0.9165015174314245 -0.09911383128790974
vt 0.2890625 0.5
vt 0.296875 0.5
vt 0.296875 0.46484375
vt 0.2890625 0.46484375
vt 0.3203125 0.3125
vt 0.32421875 0.3125
vt 0.32421875 0.27734375
vt 0.3203125 0.27734375
vt 0.296875 0.5
vt 0.3046875 0.5
vt 0.3046875 0.46484375
vt 0.296875 0.46484375
vt 0.32421875 0.3125
vt 0.328125 0.3125
vt 0.328125 0.27734375
vt 0.32421875 0.27734375
vt 0.234375 0.2734375
vt 0.2265625 0.2734375
vt 0.2265625 0.27734375
vt 0.234375 0.27734375
vt 0.73046875 0.7734375
vt 0.72265625 0.7734375
vt 0.72265625 0.76953125
vt 0.73046875 0.76953125
vn 0.2603995911370304 0.02646221060522212 0.9651382306931752
vn -0.8146553531089744 -0.5304901353870798 0.2343434912855277
vn -0.2603995911370304 -0.02646221060522212 -0.9651382306931752
vn 0.8146553531089744 0.5304901353870798 -0.2343434912855277
vn -0.5181975574880296 0.8472779754406948 0.11658183283238216
vn 0.5181975574880296 -0.8472779754406948 -0.11658183283238216
usemtl m_91fe65ba-4f97-40fd-8230-0084d13434eb
f 3748/11236/2809 3751/11235/2809 3749/11234/2809 3746/11233/2809
f 3747/11240/2810 3748/11239/2810 3746/11238/2810 3745/11237/2810
f 3752/11244/2811 3747/11243/2811 3745/11242/2811 3750/11241/2811
f 3751/11248/2812 3752/11247/2812 3750/11246/2812 3749/11245/2812
f 3750/11252/2813 3745/11251/2813 3746/11250/2813 3749/11249/2813
f 3751/11256/2814 3748/11255/2814 3747/11254/2814 3752/11253/2814
o cube
v 0.7352736682768867 1.5366563211929978 0.02062331666780015
v 0.74304269007846 1.5374458212464044 0.04941821578053096
v 1.016996952380829 1.0760251770649094 -0.04275756256985275
v 1.0247659741824022 1.0768146771183162 -0.013962663457121938
v 0.8321619124318163 1.595478789607074 0.023782209551350686
v 0.8243928906302429 1.5946892895536673 -0.005012689561380124
v 1.1138851965357586 1.134847645478986 -0.03959866968630221
v 1.1061161747341852 1.1340581454255791 -0.06839356879903308
vt 0.3046875 0.5
vt 0.3125 0.5
vt 0.3125 0.46484375
vt 0.3046875 0.46484375
vt 0.328125 0.3125
vt 0.33203125 0.3125
vt 0.33203125 0.27734375
vt 0.328125 0.27734375
vt 0.3125 0.5
vt 0.3203125 0.5
vt 0.3203125 0.46484375
vt 0.3125 0.46484375
vt 0.6875 0.671875
vt 0.69140625 0.671875
vt 0.69140625 0.63671875
vt 0.6875 0.63671875
vt 0.73046875 0.765625
vt 0.72265625 0.765625
vt 0.72265625 0.76953125
vt 0.73046875 0.76953125
vt 0.73046875 0.765625
vt 0.72265625 0.765625
vt 0.72265625 0.76171875
vt 0.73046875 0.76171875
vn 0.2603995911370304 0.02646221060522212 0.9651382306931752
vn -0.8146553531089744 -0.5304901353870798 0.2343434912855277
vn -0.2603995911370304 -0.02646221060522212 -0.9651382306931752
vn 0.8146553531089744 0.5304901353870798 -0.2343434912855277
vn -0.5181975574880296 0.8472779754406948 0.11658183283238216
vn 0.5181975574880296 -0.8472779754406948 -0.11658183283238216
usemtl m_91fe65ba-4f97-40fd-8230-0084d13434eb
f 3756/11260/2815 3759/11259/2815 3757/11258/2815 3754/11257/2815
f 3755/11264/2816 3756/11263/2816 3754/11262/2816 3753/11261/2816
f 3760/11268/2817 3755/11267/2817 3753/11266/2817 3758/11265/2817
f 3759/11272/2818 3760/11271/2818 3758/11270/2818 3757/11269/2818
f 3758/11276/2819 3753/11275/2819 3754/11274/2819 3757/11273/2819
f 3759/11280/2820 3756/11279/2820 3755/11278/2820 3760/11277/2820
o cube
v 0.7263179413828373 1.4940552014921114 0.03451188412560485
v 0.7392663110521261 1.495371034914456 0.08250338264682294
v 1.023501649614435 1.0081455189667503 -0.03234721409460212
v 1.0364500192837238 1.0094613523890952 0.015644284426615973
v 0.8283855334054824 1.5534040032751255 0.05686737641764267
v 0.8154371637361935 1.5520881698527809 0.008875877896424522
v 1.12556924163708 1.0674943207497645 -0.009991721802564302
v 1.112620871967791 1.06617848732742 -0.05798322032378245
vt 0.3203125 0.5
vt 0.328125 0.5
vt 0.328125 0.46484375
vt 0.3203125 0.46484375
vt 0.33203125 0.3125
vt 0.3359375 0.3125
vt 0.3359375 0.27734375
vt 0.33203125 0.27734375
vt 0.390625 0.5
vt 0.3984375 0.5
vt 0.3984375 0.46484375
vt 0.390625 0.46484375
vt 0.6875 0.63671875
vt 0.69140625 0.63671875
vt 0.69140625 0.6015625
vt 0.6875 0.6015625
vt 0.24609375 0.2734375
vt 0.23828125 0.2734375
vt 0.23828125 0.27734375
vt 0.24609375 0.27734375
vt 0.73046875 0.76171875
vt 0.72265625 0.76171875
vt 0.72265625 0.7578125
vt 0.73046875 0.7578125
vn 0.2603995911370304 0.02646221060522212 0.9651382306931752
vn -0.8146553531089744 -0.5304901353870798 0.2343434912855277
vn -0.2603995911370304 -0.02646221060522212 -0.9651382306931752
vn 0.8146553531089744 0.5304901353870798 -0.2343434912855277
vn -0.5181975574880296 0.8472779754406948 0.11658183283238216
vn 0.5181975574880296 -0.8472779754406948 -0.11658183283238216
usemtl m_91fe65ba-4f97-40fd-8230-0084d13434eb
f 3764/11284/2821 3767/11283/2821 3765/11282/2821 3762/11281/2821
f 3763/11288/2822 3764/11287/2822 3762/11286/2822 3761/11285/2822
f 3768/11292/2823 3763/11291/2823 3761/11290/2823 3766/11289/2823
f 3767/11296/2824 3768/11295/2824 3766/11294/2824 3765/11293/2824
f 3766/11300/2825 3761/11299/2825 3762/11298/2825 3765/11297/2825
f 3767/11304/2826 3764/11303/2826 3763/11302/2826 3768/11301/2826
o cube
v 0.7261382180090987 1.3635998361648332 -0.21066965135355964
v 0.7423391297333667 1.3594052268466998 -0.16384539122090291
v 1.0012869757398999 0.8798663199576097 -0.3492032625892193
v 1.017487887464168 0.8756717106394765 -0.3023790024565626
v 0.8314583520867229 1.4174381952073694 -0.1894813974500832
v 0.815257440362455 1.4216328045255027 -0.23630565758273991
v 1.1066071098175243 0.9337046790001461 -0.32801500868574285
v 1.0904061980932562 0.9378992883182793 -0.3748392688183996
vt 0.3984375 0.5
vt 0.40625 0.5
vt 0.40625 0.46484375
vt 0.3984375 0.46484375
vt 0.390625 0.3125
vt 0.39453125 0.3125
vt 0.39453125 0.27734375
vt 0.390625 0.27734375
vt 0.5 0.59765625
vt 0.5078125 0.59765625
vt 0.5078125 0.5625
vt 0.5 0.5625
vt 0.39453125 0.3125
vt 0.3984375 0.3125
vt 0.3984375 0.27734375
vt 0.39453125 0.27734375
vt 0.73046875 0.75390625
vt 0.72265625 0.75390625
vt 0.72265625 0.7578125
vt 0.73046875 0.7578125
vt 0.25390625 0.27734375
vt 0.24609375 0.27734375
vt 0.24609375 0.2734375
vt 0.25390625 0.2734375
vn 0.3258101905332938 -0.08435614516104921 0.9416643566145142
vn -0.8146553531089743 -0.5304901353870798 0.23434349128552764
vn -0.3258101905332938 0.08435614516104921 -0.9416643566145142
vn 0.8146553531089743 0.5304901353870798 -0.23434349128552764
vn -0.47977533846119197 0.8434834064939072 0.24156027730958374
vn 0.47977533846119197 -0.8434834064939072 -0.24156027730958374
usemtl m_91fe65ba-4f97-40fd-8230-0084d13434eb
f 3772/11308/2827 3775/11307/2827 3773/11306/2827 3770/11305/2827
f 3771/11312/2828 3772/11311/2828 3770/11310/2828 3769/11309/2828
f 3776/11316/2829 3771/11315/2829 3769/11314/2829 3774/11313/2829
f 3775/11320/2830 3776/11319/2830 3774/11318/2830 3773/11317/2830
f 3774/11324/2831 3769/11323/2831 3770/11322/2831 3773/11321/2831
f 3775/11328/2832 3772/11327/2832 3771/11326/2832 3776/11325/2832
o cube
v 0.690573118539884 1.552956745890183 -0.16027920122647188
v 0.7002936655744448 1.550439980299303 -0.1321846451468779
v 0.9514077790476956 1.0943885571157053 -0.29160586158860013
v 0.9611283260822564 1.0918717915248255 -0.26351130550900614
v 0.7894128879278011 1.6084729486599727 -0.15782065137605816
v 0.7796923408932402 1.6109897142508527 -0.18591520745565215
v 1.0502475484356126 1.149904759885495 -0.2891473117381864
v 1.040527001401052 1.1524215254763748 -0.31724186781778047
vt 0.40625 0.5
vt 0.4140625 0.5
vt 0.4140625 0.46484375
vt 0.40625 0.46484375
vt 0.3984375 0.3125
vt 0.40234375 0.3125
vt 0.40234375 0.27734375
vt 0.3984375 0.27734375
vt 0.4140625 0.5
vt 0.421875 0.5
vt 0.421875 0.46484375
vt 0.4140625 0.46484375
vt 0.40234375 0.3125
vt 0.40625 0.3125
vt 0.40625 0.27734375
vt 0.40234375 0.27734375
vt 0.73046875 0.75
vt 0.72265625 0.75
vt 0.72265625 0.75390625
vt 0.73046875 0.75390625
vt 0.73046875 0.75
vt 0.72265625 0.75
vt 0.72265625 0.74609375
vt 0.73046875 0.74609375
vn 0.3258101905332938 -0.08435614516104921 0.9416643566145142
vn -0.8146553531089743 -0.5304901353870798 0.23434349128552764
vn -0.3258101905332938 0.08435614516104921 -0.9416643566145142
vn 0.8146553531089743 0.5304901353870798 -0.23434349128552764
vn -0.47977533846119197 0.8434834064939072 0.24156027730958374
vn 0.47977533846119197 -0.8434834064939072 -0.24156027730958374
usemtl m_91fe65ba-4f97-40fd-8230-0084d13434eb
f 3780/11332/2833 3783/11331/2833 3781/11330/2833 3778/11329/2833
f 3779/11336/2834 3780/11335/2834 3778/11334/2834 3777/11333/2834
f 3784/11340/2835 3779/11339/2835 3777/11338/2835 3782/11337/2835
f 3783/11344/2836 3784/11343/2836 3782/11342/2836 3781/11341/2836
f 3782/11348/2837 3777/11347/2837 3778/11346/2837 3781/11345/2837
f 3783/11352/2838 3780/11351/2838 3779/11350/2838 3784/11349/2838
o cube
v 0.6811215731521647 1.5093667486057292 -0.15035281333735673
v 0.6973224848764327 1.5051721392875959 -0.1035285532047
v 0.9562703308829659 1.025633232398506 -0.28888642457301633
v 0.9724712426072338 1.021438623080373 -0.24206216444035966
v 0.786441707229789 1.5632051076482654 -0.1291645594338804
v 0.7702407955055209 1.5673997169663987 -0.175988819566537
v 1.06159046496059 1.0794715914410422 -0.26769817066953994
v 1.045389553236322 1.0836662007591755 -0.31452243080219666
vt 0.421875 0.5
vt 0.4296875 0.5
vt 0.4296875 0.46484375
vt 0.421875 0.46484375
vt 0.40625 0.3125
vt 0.41015625 0.3125
vt 0.41015625 0.27734375
vt 0.40625 0.27734375
vt 0.4296875 0.5
vt 0.4375 0.5
vt 0.4375 0.46484375
vt 0.4296875 0.46484375
vt 0.41015625 0.3125
vt 0.4140625 0.3125
vt 0.4140625 0.27734375
vt 0.41015625 0.27734375
vt 0.73046875 0.7421875
vt 0.72265625 0.7421875
vt 0.72265625 0.74609375
vt 0.73046875 0.74609375
vt 0.73046875 0.7421875
vt 0.72265625 0.7421875
vt 0.72265625 0.73828125
vt 0.73046875 0.73828125
vn 0.3258101905332938 -0.08435614516104921 0.9416643566145142
vn -0.8146553531089743 -0.5304901353870798 0.23434349128552764
vn -0.3258101905332938 0.08435614516104921 -0.9416643566145142
vn 0.8146553531089743 0.5304901353870798 -0.23434349128552764
vn -0.47977533846119197 0.8434834064939072 0.24156027730958374
vn 0.47977533846119197 -0.8434834064939072 -0.24156027730958374
usemtl m_91fe65ba-4f97-40fd-8230-0084d13434eb
f 3788/11356/2839 3791/11355/2839 3789/11354/2839 3786/11353/2839
f 3787/11360/2840 3788/11359/2840 3786/11358/2840 3785/11357/2840
f 3792/11364/2841 3787/11363/2841 3785/11362/2841 3790/11361/2841
f 3791/11368/2842 3792/11367/2842 3790/11366/2842 3789/11365/2842
f 3790/11372/2843 3785/11371/2843 3786/11370/2843 3789/11369/2843
f 3791/11376/2844 3788/11375/2844 3787/11374/2844 3792/11373/2844
o cube
v 0.7519467348044226 1.3495264978114931 -0.11026855260588753
v 0.7249655949740473 1.3245846363990819 -0.07676486224590173
v 1.027095492535224 0.8657929816042695 -0.24880216384154719
v 1.0001143527048486 0.8408511201918583 -0.2152984734815614
v 0.7546790621638235 1.3328670861266745 -0.046670179674523915
v 0.7816602019941988 1.3578089475390858 -0.08017387003450971
v 1.029827819894625 0.8491335699194511 -0.18520379091018357
v 1.056808959725 0.8740754313318624 -0.21870748127016937
vt 0.6875 0.58984375
vt 0.69140625 0.58984375
vt 0.69140625 0.5546875
vt 0.6875 0.5546875
vt 0.4140625 0.3125
vt 0.41796875 0.3125
vt 0.41796875 0.27734375
vt 0.4140625 0.27734375
vt 0.41796875 0.3125
vt 0.421875 0.3125
vt 0.421875 0.27734375
vt 0.41796875 0.27734375
vt 0.421875 0.3125
vt 0.42578125 0.3125
vt 0.42578125 0.27734375
vt 0.421875 0.27734375
vt 0.734375 0.5078125
vt 0.73046875 0.5078125
vt 0.73046875 0.51171875
vt 0.734375 0.51171875
vt 0.49609375 0.26953125
vt 0.4921875 0.26953125
vt 0.4921875 0.265625
vt 0.49609375 0.265625
vn -0.542607135854707 -0.5015960062827819 0.6737795949720614
vn -0.6894875783681678 -0.19219050301874357 -0.6983335090237341
vn 0.542607135854707 0.5015960062827819 -0.6737795949720614
vn 0.6894875783681678 0.19219050301874357 0.6983335090237341
vn -0.479775338461192 0.8434834064939071 0.24156027730958385
vn 0.479775338461192 -0.8434834064939071 -0.24156027730958385
usemtl m_91fe65ba-4f97-40fd-8230-0084d13434eb
f 3796/11380/2845 3799/11379/2845 3797/11378/2845 3794/11377/2845
f 3795/11384/2846 3796/11383/2846 3794/11382/2846 3793/11381/2846
f 3800/11388/2847 3795/11387/2847 3793/11386/2847 3798/11385/2847
f 3799/11392/2848 3800/11391/2848 3798/11390/2848 3797/11389/2848
f 3798/11396/2849 3793/11395/2849 3794/11394/2849 3797/11393/2849
f 3799/11400/2850 3796/11399/2850 3795/11398/2850 3800/11397/2850
o cube
v 0.6916400535945664 1.5103981676357134 -0.009553493779414668
v 0.6754513696963412 1.4954330507882667 0.010548720436576786
v 0.952474714102378 1.0518299788612355 -0.14088015414154292
v 0.9362860302041529 1.0368648620137888 -0.12077793992555147
v 0.7051648368861174 1.5037155005158591 0.040643403007954604
v 0.7213535207843426 1.518680617363306 0.02054118879196315
v 0.9659994973939291 1.0451473117413816 -0.09068325735417365
v 0.9821881812921542 1.0601124285888284 -0.1107854715701651
vt 0.42578125 0.3125
vt 0.4296875 0.3125
vt 0.4296875 0.27734375
vt 0.42578125 0.27734375
vt 0.4296875 0.3125
vt 0.43359375 0.3125
vt 0.43359375 0.27734375
vt 0.4296875 0.27734375
vt 0.43359375 0.3125
vt 0.4375 0.3125
vt 0.4375 0.27734375
vt 0.43359375 0.27734375
vt 0.4375 0.3125
vt 0.44140625 0.3125
vt 0.44140625 0.27734375
vt 0.4375 0.27734375
vt 0.734375 0.50390625
vt 0.73046875 0.50390625
vt 0.73046875 0.5078125
vt 0.734375 0.5078125
vt 0.5 0.26953125
vt 0.49609375 0.26953125
vt 0.49609375 0.265625
vt 0.5 0.265625
vn -0.542607135854707 -0.5015960062827819 0.6737795949720614
vn -0.6894875783681678 -0.19219050301874357 -0.6983335090237341
vn 0.542607135854707 0.5015960062827819 -0.6737795949720614
vn 0.6894875783681678 0.19219050301874357 0.6983335090237341
vn -0.479775338461192 0.8434834064939071 0.24156027730958385
vn 0.479775338461192 -0.8434834064939071 -0.24156027730958385
usemtl m_91fe65ba-4f97-40fd-8230-0084d13434eb
f 3804/11404/2851 3807/11403/2851 3805/11402/2851 3802/11401/2851
f 3803/11408/2852 3804/11407/2852 3802/11406/2852 3801/11405/2852
f 3808/11412/2853 3803/11411/2853 3801/11410/2853 3806/11409/2853
f 3807/11416/2854 3808/11415/2854 3806/11414/2854 3805/11413/2854
f 3806/11420/2855 3801/11419/2855 3802/11418/2855 3805/11417/2855
f 3807/11424/2856 3804/11423/2856 3803/11422/2856 3808/11421/2856
o cube
v 0.6777014096285766 1.4738733527454138 -0.033209462405085766
v 0.6507202697982013 1.4489314913330025 0.00029422795489997267
v 0.9528501673593778 0.9901398365381906 -0.17174307364074543
v 0.9258690275290025 0.9651979751257792 -0.13823938328075963
v 0.6804337369879775 1.457213941060595 0.030388910526277846
v 0.7074148768183528 1.4821558024730064 -0.003114779833707948
v 0.9555824947187787 0.973480424853372 -0.10814470070938181
v 0.982563634549154 0.9984222862657834 -0.1416483910693676
vt 0.44140625 0.3125
vt 0.4453125 0.3125
vt 0.4453125 0.27734375
vt 0.44140625 0.27734375
vt 0.4453125 0.3125
vt 0.44921875 0.3125
vt 0.44921875 0.27734375
vt 0.4453125 0.27734375
vt 0.6875 0.5546875
vt 0.69140625 0.5546875
vt 0.69140625 0.51953125
vt 0.6875 0.51953125
vt 0.44921875 0.3125
vt 0.453125 0.3125
vt 0.453125 0.27734375
vt 0.44921875 0.27734375
vt 0.734375 0.5
vt 0.73046875 0.5
vt 0.73046875 0.50390625
vt 0.734375 0.50390625
vt 0.50390625 0.26953125
vt 0.5 0.26953125
vt 0.5 0.265625
vt 0.50390625 0.265625
vn -0.542607135854707 -0.5015960062827819 0.6737795949720614
vn -0.6894875783681678 -0.19219050301874357 -0.6983335090237341
vn 0.542607135854707 0.5015960062827819 -0.6737795949720614
vn 0.6894875783681678 0.19219050301874357 0.6983335090237341
vn -0.479775338461192 0.8434834064939071 0.24156027730958385
vn 0.479775338461192 -0.8434834064939071 -0.24156027730958385
usemtl m_91fe65ba-4f97-40fd-8230-0084d13434eb
f 3812/11428/2857 3815/11427/2857 3813/11426/2857 3810/11425/2857
f 3811/11432/2858 3812/11431/2858 3810/11430/2858 3809/11429/2858
f 3816/11436/2859 3811/11435/2859 3809/11434/2859 3814/11433/2859
f 3815/11440/2860 3816/11439/2860 3814/11438/2860 3813/11437/2860
f 3814/11444/2861 3809/11443/2861 3810/11442/2861 3813/11441/2861
f 3815/11448/2862 3812/11447/2862 3811/11446/2862 3816/11445/2862
o cube
v 0.9126241095248648 1.4395472839296304 -0.10547470768126954
v 0.9456993470654033 1.4480069121427923 -0.06932171365405182
v 1.1877728672556662 0.9558137677224071 -0.2440083189169292
v 1.2208481047962045 0.9642733959355689 -0.2078553248897116
v 0.9703568287626708 1.46996389350787 -0.09701789733849742
v 0.9372815912221324 1.4615042652947081 -0.13317089136571503
v 1.245505586493472 0.9862303773006467 -0.23555150857415708
v 1.2124303489529336 0.9777707490874848 -0.2717045026013747
vt 0.453125 0.3125
vt 0.45703125 0.3125
vt 0.45703125 0.27734375
vt 0.453125 0.27734375
vt 0.4609375 0.3125
vt 0.46484375 0.3125
vt 0.46484375 0.27734375
vt 0.4609375 0.27734375
vt 0.46484375 0.3125
vt 0.46875 0.3125
vt 0.46875 0.27734375
vt 0.46484375 0.27734375
vt 0.6875 0.51953125
vt 0.69140625 0.51953125
vt 0.69140625 0.484375
vt 0.6875 0.484375
vt 0.734375 0.49609375
vt 0.73046875 0.49609375
vt 0.73046875 0.5
vt 0.734375 0.5
vt 0.5078125 0.26953125
vt 0.50390625 0.26953125
vt 0.50390625 0.265625
vt 0.5078125 0.265625
vn 0.6651631481254578 0.1701282697468442 0.7270587034131256
vn -0.5721657198576993 -0.5095018300284889 0.6426774262546816
vn -0.6651631481254578 -0.1701282697468442 -0.7270587034131256
vn 0.5721657198576993 0.5095018300284889 -0.6426774262546816
vn -0.479775338461192 0.8434834064939072 0.24156027730958374
vn 0.479775338461192 -0.8434834064939072 -0.24156027730958374
usemtl m_91fe65ba-4f97-40fd-8230-0084d13434eb
f 3820/11452/2863 3823/11451/2863 3821/11450/2863 3818/11449/2863
f 3819/11456/2864 3820/11455/2864 3818/11454/2864 3817/11453/2864
f 3824/11460/2865 3819/11459/2865 3817/11458/2865 3822/11457/2865
f 3823/11464/2866 3824/11463/2866 3822/11462/2866 3821/11461/2866
f 3822/11468/2867 3817/11467/2867 3818/11466/2867 3821/11465/2867
f 3823/11472/2868 3820/11471/2868 3819/11470/2868 3824/11469/2868
o cube
v 0.8010571269582369 1.5719095680911517 -0.007020925846733306
v 0.82090226948256 1.5769853450190485 0.014670870569597372
v 1.0618917874660485 1.1133413793166738 -0.13834758620886156
v 1.0817369299903716 1.118417156244571 -0.116655789792531
v 0.8455597511798275 1.5989423263841265 -0.013025313114848114
v 0.8257146086555045 1.5938665494562292 -0.034717109531178736
v 1.1063944116876392 1.1403741376096486 -0.14435197347697648
v 1.086549269163316 1.1352983606817517 -0.16604376989330705
vt 0.5 0.3125
vt 0.50390625 0.3125
vt 0.50390625 0.27734375
vt 0.5 0.27734375
vt 0.50390625 0.3125
vt 0.5078125 0.3125
vt 0.5078125 0.27734375
vt 0.50390625 0.27734375
vt 0.6875 0.484375
vt 0.69140625 0.484375
vt 0.69140625 0.44921875
vt 0.6875 0.44921875
vt 0.6875 0.44921875
vt 0.69140625 0.44921875
vt 0.69140625 0.4140625
vt 0.6875 0.4140625
vt 0.734375 0.4921875
vt 0.73046875 0.4921875
vt 0.73046875 0.49609375
vt 0.734375 0.49609375
vt 0.51171875 0.26953125
vt 0.5078125 0.26953125
vt 0.5078125 0.265625
vt 0.51171875 0.265625
vn 0.6651631481254578 0.1701282697468442 0.7270587034131256
vn -0.5721657198576993 -0.5095018300284889 0.6426774262546816
vn -0.6651631481254578 -0.1701282697468442 -0.7270587034131256
vn 0.5721657198576993 0.5095018300284889 -0.6426774262546816
vn -0.479775338461192 0.8434834064939072 0.24156027730958374
vn 0.479775338461192 -0.8434834064939072 -0.24156027730958374
usemtl m_91fe65ba-4f97-40fd-8230-0084d13434eb
f 3828/11476/2869 3831/11475/2869 3829/11474/2869 3826/11473/2869
f 3827/11480/2870 3828/11479/2870 3826/11478/2870 3825/11477/2870
f 3832/11484/2871 3827/11483/2871 3825/11482/2871 3830/11481/2871
f 3831/11488/2872 3832/11487/2872 3830/11486/2872 3829/11485/2872
f 3830/11492/2873 3825/11491/2873 3826/11490/2873 3829/11489/2873
f 3831/11496/2874 3828/11495/2874 3827/11494/2874 3832/11493/2874
o cube
v 0.8409535653026169 1.5653261519664825 -0.028302034595163894
v 0.8740288028431553 1.5737857801796444 0.007850959432053717
v 1.116102323033418 1.0815926357592596 -0.16683564583082355
v 1.1491775605739565 1.0900522639724213 -0.13068265180360583
v 0.8986862845404229 1.5957427615447222 -0.01984522425239177
v 0.8656110469998844 1.5872831333315602 -0.05599821827960938
v 1.173835042271224 1.1120092453374992 -0.15837883548805137
v 1.1407598047306855 1.1035496171243373 -0.19453182951526904
vt 0.55859375 0.3125
vt 0.5625 0.3125
vt 0.5625 0.27734375
vt 0.55859375 0.27734375
vt 0.6875 0.4140625
vt 0.69140625 0.4140625
vt 0.69140625 0.37890625
vt 0.6875 0.37890625
vt 0.6875 0.37890625
vt 0.69140625 0.37890625
vt 0.69140625 0.34375
vt 0.6875 0.34375
vt 0.62890625 0.3125
vt 0.6328125 0.3125
vt 0.6328125 0.27734375
vt 0.62890625 0.27734375
vt 0.734375 0.48828125
vt 0.73046875 0.48828125
vt 0.73046875 0.4921875
vt 0.734375 0.4921875
vt 0.515625 0.26953125
vt 0.51171875 0.26953125
vt 0.51171875 0.265625
vt 0.515625 0.265625
vn 0.6651631481254578 0.1701282697468442 0.7270587034131256
vn -0.5721657198576993 -0.5095018300284889 0.6426774262546816
vn -0.6651631481254578 -0.1701282697468442 -0.7270587034131256
vn 0.5721657198576993 0.5095018300284889 -0.6426774262546816
vn -0.479775338461192 0.8434834064939072 0.24156027730958374
vn 0.479775338461192 -0.8434834064939072 -0.24156027730958374
usemtl m_91fe65ba-4f97-40fd-8230-0084d13434eb
f 3836/11500/2875 3839/11499/2875 3837/11498/2875 3834/11497/2875
f 3835/11504/2876 3836/11503/2876 3834/11502/2876 3833/11501/2876
f 3840/11508/2877 3835/11507/2877 3833/11506/2877 3838/11505/2877
f 3839/11512/2878 3840/11511/2878 3838/11510/2878 3837/11509/2878
f 3838/11516/2879 3833/11515/2879 3834/11514/2879 3837/11513/2879
f 3839/11520/2880 3836/11519/2880 3835/11518/2880 3840/11517/2880
o cube
v 0.8713661007045754 1.5347128727869297 -0.12641435224706415
v 0.9028260834987962 1.5724828782177442 -0.13391580526255248
v 1.2742701165222112 1.164852778604475 -0.2989495074890263
v 1.305730099316432 1.2026227840352892 -0.3064509605045146
v 0.8887852933377639 1.5761182062934598 -0.17449683071085498
v 0.8573253105435431 1.5383482008626452 -0.16699537769536665
v 1.2916893091553996 1.2062581121110045 -0.3470319859528171
v 1.2602293263611788 1.1684881066801904 -0.33953053293732877
vt 0.6328125 0.3125
vt 0.63671875 0.3125
vt 0.63671875 0.27734375
vt 0.6328125 0.27734375
vt 0.63671875 0.3125
vt 0.640625 0.3125
vt 0.640625 0.27734375
vt 0.63671875 0.27734375
vt 0.6875 0.33203125
vt 0.69140625 0.33203125
vt 0.69140625 0.296875
vt 0.6875 0.296875
vt 0.69140625 1
vt 0.6953125 1
vt 0.6953125 0.96484375
vt 0.69140625 0.96484375
vt 0.734375 0.484375
vt 0.73046875 0.484375
vt 0.73046875 0.48828125
vt 0.734375 0.48828125
vt 0.51953125 0.26953125
vt 0.515625 0.26953125
vt 0.515625 0.265625
vt 0.51953125 0.265625
vn 0.6326793925434052 0.7595777864417179 -0.15085878361967456
vn 0.3258101905332934 -0.08435614516104953 0.9416643566145142
vn -0.6326793925434052 -0.7595777864417179 0.15085878361967456
vn -0.3258101905332934 0.08435614516104953 -0.9416643566145142
vn -0.7025414621184768 0.6449229621573942 0.3008485780032296
vn 0.7025414621184768 -0.6449229621573942 -0.3008485780032296
usemtl m_91fe65ba-4f97-40fd-8230-0084d13434eb
f 3844/11524/2881 3847/11523/2881 3845/11522/2881 3842/11521/2881
f 3843/11528/2882 3844/11527/2882 3842/11526/2882 3841/11525/2882
f 3848/11532/2883 3843/11531/2883 3841/11530/2883 3846/11529/2883
f 3847/11536/2884 3848/11535/2884 3846/11534/2884 3845/11533/2884
f 3846/11540/2885 3841/11539/2885 3842/11538/2885 3845/11537/2885
f 3847/11544/2886 3844/11543/2886 3843/11542/2886 3848/11541/2886
o cube
v 0.8591416138998533 1.585407816548979 -0.05427687360853811
v 0.8780176035763858 1.6080698198074677 -0.058777745417831095
v 1.1525861572121197 1.3160299444854573 -0.179938316154707
v 1.1714621468886521 1.3386919477439458 -0.184439187964
v 0.8639768134153535 1.6117051478831832 -0.09935877086613354
v 0.845100823738821 1.5890431446246946 -0.09485789905684056
v 1.15742135672762 1.3423272758196612 -0.22502021341230247
v 1.1385453670510874 1.3196652725611724 -0.22051934160300948
vt 0.6953125 0.8359375
vt 0.69921875 0.8359375
vt 0.69921875 0.80859375
vt 0.6953125 0.80859375
vt 0.17578125 0.3046875
vt 0.1796875 0.3046875
vt 0.1796875 0.27734375
vt 0.17578125 0.27734375
vt 0.1796875 0.3046875
vt 0.18359375 0.3046875
vt 0.18359375 0.27734375
vt 0.1796875 0.27734375
vt 0.6953125 0.80859375
vt 0.69921875 0.80859375
vt 0.69921875 0.78125
vt 0.6953125 0.78125
vt 0.734375 0.48046875
vt 0.73046875 0.48046875
vt 0.73046875 0.484375
vt 0.734375 0.484375
vt 0.5234375 0.26953125
vt 0.51953125 0.26953125
vt 0.51953125 0.265625
vt 0.5234375 0.265625
vn 0.6326793925434052 0.7595777864417179 -0.15085878361967456
vn 0.3258101905332934 -0.08435614516104953 0.9416643566145142
vn -0.6326793925434052 -0.7595777864417179 0.15085878361967456
vn -0.3258101905332934 0.08435614516104953 -0.9416643566145142
vn -0.7025414621184768 0.6449229621573942 0.3008485780032296
vn 0.7025414621184768 -0.6449229621573942 -0.3008485780032296
usemtl m_91fe65ba-4f97-40fd-8230-0084d13434eb
f 3852/11548/2887 3855/11547/2887 3853/11546/2887 3850/11545/2887
f 3851/11552/2888 3852/11551/2888 3850/11550/2888 3849/11549/2888
f 3856/11556/2889 3851/11555/2889 3849/11554/2889 3854/11553/2889
f 3855/11560/2890 3856/11559/2890 3854/11558/2890 3853/11557/2890
f 3854/11564/2891 3849/11563/2891 3850/11562/2891 3853/11561/2891
f 3855/11568/2892 3852/11567/2892 3851/11566/2892 3856/11565/2892
o cube
v 0.8569619275894412 1.593620304227679 -0.08799065066948747
v 0.888421910383662 1.6313903096584936 -0.0954921036849758
v 1.1899981949993945 1.2878977986317772 -0.23060641482902838
v 1.221458177793615 1.3256678040625915 -0.23810786784451668
v 0.8743811202226297 1.635025637734209 -0.13607312913327824
v 0.8429211374284089 1.5972556323033946 -0.1285716761177899
v 1.2074173876325829 1.3293031321383069 -0.27868889329281915
v 1.175957404838362 1.2915331267074925 -0.2711874402773308
vt 0.5625 0.30859375
vt 0.56640625 0.30859375
vt 0.56640625 0.27734375
vt 0.5625 0.27734375
vt 0.56640625 0.30859375
vt 0.5703125 0.30859375
vt 0.5703125 0.27734375
vt 0.56640625 0.27734375
vt 0.69140625 0.41796875
vt 0.6953125 0.41796875
vt 0.6953125 0.38671875
vt 0.69140625 0.38671875
vt 0.69140625 0.38671875
vt 0.6953125 0.38671875
vt 0.6953125 0.35546875
vt 0.69140625 0.35546875
vt 0.734375 0.4765625
vt 0.73046875 0.4765625
vt 0.73046875 0.48046875
vt 0.734375 0.48046875
vt 0.52734375 0.26953125
vt 0.5234375 0.26953125
vt 0.5234375 0.265625
vt 0.52734375 0.265625
vn 0.6326793925434052 0.7595777864417179 -0.15085878361967456
vn 0.3258101905332934 -0.08435614516104953 0.9416643566145142
vn -0.6326793925434052 -0.7595777864417179 0.15085878361967456
vn -0.3258101905332934 0.08435614516104953 -0.9416643566145142
vn -0.7025414621184768 0.6449229621573942 0.3008485780032296
vn 0.7025414621184768 -0.6449229621573942 -0.3008485780032296
usemtl m_91fe65ba-4f97-40fd-8230-0084d13434eb
f 3860/11572/2893 3863/11571/2893 3861/11570/2893 3858/11569/2893
f 3859/11576/2894 3860/11575/2894 3858/11574/2894 3857/11573/2894
f 3864/11580/2895 3859/11579/2895 3857/11578/2895 3862/11577/2895
f 3863/11584/2896 3864/11583/2896 3862/11582/2896 3861/11581/2896
f 3862/11588/2897 3857/11587/2897 3858/11586/2897 3861/11585/2897
f 3863/11592/2898 3860/11591/2898 3859/11590/2898 3864/11589/2898
o cube
v 0.8440776138295545 1.437053106599578 -0.18589049653491796
v 0.8348489322407209 1.455049990554359 -0.2313164718029303
v 1.1047031885258578 0.9824563654692948 -0.4189411944376451
v 1.0954745069370242 1.0004532494240759 -0.46436716970565745
v 0.7973035974184921 1.4339083960923613 -0.23206469749826392
v 0.8065322790073257 1.4159115121375803 -0.18663872223025157
v 1.0579291721147954 0.9793116549620781 -0.46511539540099106
v 1.067157853703629 0.9613147710072971 -0.4196894201329787
vt 0.69140625 0.96484375
vt 0.6953125 0.96484375
vt 0.6953125 0.9296875
vt 0.69140625 0.9296875
vt 0.0390625 0.30859375
vt 0.04296875 0.30859375
vt 0.04296875 0.2734375
vt 0.0390625 0.2734375
vt 0.04296875 0.30859375
vt 0.046875 0.30859375
vt 0.046875 0.2734375
vt 0.04296875 0.2734375
vt 0.046875 0.30859375
vt 0.05078125 0.30859375
vt 0.05078125 0.2734375
vt 0.046875 0.2734375
vt 0.734375 0.47265625
vt 0.73046875 0.47265625
vt 0.73046875 0.4765625
vt 0.734375 0.4765625
vt 0.53125 0.26953125
vt 0.52734375 0.26953125
vt 0.52734375 0.265625
vt 0.53125 0.265625
vn -0.18559440098207508 0.36192828466125715 -0.9135439973456478
vn 0.8712225274910964 0.49058114542285225 0.017362239130609754
vn 0.18559440098207508 -0.36192828466125715 0.9135439973456478
vn -0.8712225274910964 -0.49058114542285225 -0.017362239130609754
vn -0.4544513460384191 0.7926777759706415 0.406369188750952
vn 0.4544513460384191 -0.7926777759706415 -0.406369188750952
usemtl m_91fe65ba-4f97-40fd-8230-0084d13434eb
f 3868/11596/2899 3871/11595/2899 3869/11594/2899 3866/11593/2899
f 3867/11600/2900 3868/11599/2900 3866/11598/2900 3865/11597/2900
f 3872/11604/2901 3867/11603/2901 3865/11602/2901 3870/11601/2901
f 3871/11608/2902 3872/11607/2902 3870/11606/2902 3869/11605/2902
f 3870/11612/2903 3865/11611/2903 3866/11610/2903 3869/11609/2903
f 3871/11616/2904 3868/11615/2904 3867/11614/2904 3872/11613/2904
o cube
v 0.8065011353187252 1.6233052662874043 -0.12623939177276344
v 0.800963926365425 1.634103396660273 -0.15349497693357078
v 1.0535681541059723 1.1923580666032052 -0.34716606492910596
v 1.048030945152672 1.203156196976074 -0.3744216500899133
v 0.7634185915431962 1.6129618021982752 -0.1542432026289044
v 0.7689558004964965 1.6021636718254066 -0.12698761746809706
v 1.0104856103304432 1.182014602514076 -0.3751698757852469
v 1.0160228192837435 1.1712164721412075 -0.34791429062443957
vt 0.05078125 0.30859375
vt 0.0546875 0.30859375
vt 0.0546875 0.2734375
vt 0.05078125 0.2734375
vt 0.69140625 0.9296875
vt 0.6953125 0.9296875
vt 0.6953125 0.89453125
vt 0.69140625 0.89453125
vt 0.69140625 0.89453125
vt 0.6953125 0.89453125
vt 0.6953125 0.859375
vt 0.69140625 0.859375
vt 0.109375 0.30859375
vt 0.11328125 0.30859375
vt 0.11328125 0.2734375
vt 0.109375 0.2734375
vt 0.734375 0.46875
vt 0.73046875 0.46875
vt 0.73046875 0.47265625
vt 0.734375 0.47265625
vt 0.53515625 0.26953125
vt 0.53125 0.26953125
vt 0.53125 0.265625
vt 0.53515625 0.265625
vn -0.18559440098207508 0.36192828466125715 -0.9135439973456478
vn 0.8712225274910964 0.49058114542285225 0.017362239130609754
vn 0.18559440098207508 -0.36192828466125715 0.9135439973456478
vn -0.8712225274910964 -0.49058114542285225 -0.017362239130609754
vn -0.4544513460384191 0.7926777759706415 0.406369188750952
vn 0.4544513460384191 -0.7926777759706415 -0.406369188750952
usemtl m_91fe65ba-4f97-40fd-8230-0084d13434eb
f 3876/11620/2905 3879/11619/2905 3877/11618/2905 3874/11617/2905
f 3875/11624/2906 3876/11623/2906 3874/11622/2906 3873/11621/2906
f 3880/11628/2907 3875/11627/2907 3873/11626/2907 3878/11625/2907
f 3879/11632/2908 3880/11631/2908 3878/11630/2908 3877/11629/2908
f 3878/11636/2909 3873/11635/2909 3874/11634/2909 3877/11633/2909
f 3879/11640/2910 3876/11639/2910 3875/11638/2910 3880/11637/2910
o cube
v 0.7893329281236848 1.5869923366615089 -0.14802416979993027
v 0.7801042465348512 1.60498922061629 -0.1934501450679426
v 1.049958502819988 1.1323955955312264 -0.3810748677026573
v 1.0407298212311544 1.1503924794860072 -0.42650084297066965
v 0.7425589117126224 1.5838476261542924 -0.19419837076327623
v 0.7517875933014561 1.5658507421995114 -0.1487723954952639
v 1.0031844864089257 1.1292508850240095 -0.42724906866600326
v 1.0124131679977593 1.1112540010692284 -0.3818230933979909
vt 0.69140625 0.859375
vt 0.6953125 0.859375
vt 0.6953125 0.82421875
vt 0.69140625 0.82421875
vt 0.15234375 0.30859375
vt 0.15625 0.30859375
vt 0.15625 0.2734375
vt 0.15234375 0.2734375
vt 0.15625 0.30859375
vt 0.16015625 0.30859375
vt 0.16015625 0.2734375
vt 0.15625 0.2734375
vt 0.69140625 0.82421875
vt 0.6953125 0.82421875
vt 0.6953125 0.7890625
vt 0.69140625 0.7890625
vt 0.734375 0.46484375
vt 0.73046875 0.46484375
vt 0.73046875 0.46875
vt 0.734375 0.46875
vt 0.5390625 0.26953125
vt 0.53515625 0.26953125
vt 0.53515625 0.265625
vt 0.5390625 0.265625
vn -0.18559440098207508 0.36192828466125715 -0.9135439973456478
vn 0.8712225274910964 0.49058114542285225 0.017362239130609754
vn 0.18559440098207508 -0.36192828466125715 0.9135439973456478
vn -0.8712225274910964 -0.49058114542285225 -0.017362239130609754
vn -0.4544513460384191 0.7926777759706415 0.406369188750952
vn 0.4544513460384191 -0.7926777759706415 -0.406369188750952
usemtl m_91fe65ba-4f97-40fd-8230-0084d13434eb
f 3884/11644/2911 3887/11643/2911 3885/11642/2911 3882/11641/2911
f 3883/11648/2912 3884/11647/2912 3882/11646/2912 3881/11645/2912
f 3888/11652/2913 3883/11651/2913 3881/11650/2913 3886/11649/2913
f 3887/11656/2914 3888/11655/2914 3886/11654/2914 3885/11653/2914
f 3886/11660/2915 3881/11659/2915 3882/11658/2915 3885/11657/2915
f 3887/11664/2916 3884/11663/2916 3883/11662/2916 3888/11661/2916
o cube
v 0.9176042664964374 0.9766606544354988 -0.6165527979578621
v 0.9406455741324968 1.0210005383010416 -0.6246745875519496
v 0.9098187545965302 0.9895592885995093 -0.5682216313450082
v 0.9328600622325895 1.0338991724650521 -0.5763434209390957
v 1.1182462305221341 0.9380074725190687 -0.5739162593478099
v 1.0952049228860745 0.8936675886535257 -0.5657944697537224
v 1.1104607186222268 0.9509061066830793 -0.525585092734956
v 1.0874194109861672 0.9065662228175362 -0.5174633031408685
vt 0.70703125 0.37109375
vt 0.71875 0.37109375
vt 0.71875 0.3671875
vt 0.70703125 0.3671875
vt 0.73046875 0.39453125
vt 0.734375 0.39453125
vt 0.734375 0.390625
vt 0.73046875 0.390625
vt 0.70703125 0.3671875
vt 0.71875 0.3671875
vt 0.71875 0.36328125
vt 0.70703125 0.36328125
vt 0.609375 0.26953125
vt 0.61328125 0.26953125
vt 0.61328125 0.265625
vt 0.609375 0.265625
vt 0.71875 0.3515625
vt 0.70703125 0.3515625
vt 0.70703125 0.35546875
vt 0.71875 0.35546875
vt 0.71875 0.3515625
vt 0.70703125 0.3515625
vt 0.70703125 0.34765625
vt 0.71875 0.34765625
vn 0.45513694095919865 0.8758495578378868 -0.16043041173506192
vn -0.8770402784673439 0.4098423001578909 -0.2506584108846403
vn -0.45513694095919865 -0.8758495578378868 0.16043041173506192
vn 0.8770402784673439 -0.4098423001578909 0.2506584108846403
vn 0.15378788938088428 -0.25478783533847843 -0.9546897108711844
vn -0.15378788938088428 0.25478783533847843 0.9546897108711844
usemtl m_91fe65ba-4f97-40fd-8230-0084d13434eb
f 3892/11668/2917 3895/11667/2917 3893/11666/2917 3890/11665/2917
f 3891/11672/2918 3892/11671/2918 3890/11670/2918 3889/11669/2918
f 3896/11676/2919 3891/11675/2919 3889/11674/2919 3894/11673/2919
f 3895/11680/2920 3896/11679/2920 3894/11678/2920 3893/11677/2920
f 3894/11684/2921 3889/11683/2921 3890/11682/2921 3893/11681/2921
f 3895/11688/2922 3892/11687/2922 3891/11686/2922 3896/11685/2922
o cube
v 1.003861962068564 0.9256243685395866 -0.5978751966922531
v 1.0345837055833098 0.984744213693644 -0.6087042494843699
v 0.9934812795353543 0.9428225474249339 -0.5334336412084483
v 1.0242030230501002 1.0019423925789912 -0.544262694000565
v 1.1233840337781285 0.9432476808026575 -0.5833250853823
v 1.0926622902633825 0.8841278356486002 -0.5724960325901833
v 1.113003351244919 0.9604458596880048 -0.5188835298984952
v 1.082281607730173 0.9013260145339475 -0.5080544771063784
vt 0.3046875 0.27734375
vt 0.3125 0.27734375
vt 0.3125 0.2734375
vt 0.3046875 0.2734375
vt 0.73046875 0.390625
vt 0.734375 0.390625
vt 0.734375 0.38671875
vt 0.73046875 0.38671875
vt 0.72265625 0.6953125
vt 0.73046875 0.6953125
vt 0.73046875 0.69140625
vt 0.72265625 0.69140625
vt 0.61328125 0.26953125
vt 0.6171875 0.26953125
vt 0.6171875 0.265625
vt 0.61328125 0.265625
vt 0.73046875 0.6875
vt 0.72265625 0.6875
vt 0.72265625 0.69140625
vt 0.73046875 0.69140625
vt 0.3203125 0.27734375
vt 0.3125 0.27734375
vt 0.3125 0.2734375
vt 0.3203125 0.2734375
vn 0.45513694095919865 0.8758495578378868 -0.16043041173506192
vn -0.8770402784673439 0.4098423001578909 -0.2506584108846403
vn -0.45513694095919865 -0.8758495578378868 0.16043041173506192
vn 0.8770402784673439 -0.4098423001578909 0.2506584108846403
vn 0.15378788938088428 -0.25478783533847843 -0.9546897108711844
vn -0.15378788938088428 0.25478783533847843 0.9546897108711844
usemtl m_91fe65ba-4f97-40fd-8230-0084d13434eb
f 3900/11692/2923 3903/11691/2923 3901/11690/2923 3898/11689/2923
f 3899/11696/2924 3900/11695/2924 3898/11694/2924 3897/11693/2924
f 3904/11700/2925 3899/11699/2925 3897/11698/2925 3902/11697/2925
f 3903/11704/2926 3904/11703/2926 3902/11702/2926 3901/11701/2926
f 3902/11708/2927 3897/11707/2927 3898/11706/2927 3901/11705/2927
f 3903/11712/2928 3900/11711/2928 3899/11710/2928 3904/11709/2928
o cube
v 0.8890107025451195 0.9970765928130503 -0.6177695038491517
v 0.907443748653967 1.0325484999054846 -0.6242669355244218
v 0.8827822930251936 1.0073955001442587 -0.5791045705588688
v 0.9012153391340412 1.042867407236693 -0.5856020022341388
v 0.9370438580522398 1.0187163222751559 -0.6158072141570652
v 0.9186108119433922 0.9832444151827214 -0.6093097824817951
v 0.930815448532314 1.0290352296063643 -0.5771422808667822
v 0.9123824024234665 0.9935633225139299 -0.5706448491915123
vt 0.73046875 0.38671875
vt 0.734375 0.38671875
vt 0.734375 0.3828125
vt 0.73046875 0.3828125
vt 0.6171875 0.26953125
vt 0.62109375 0.26953125
vt 0.62109375 0.265625
vt 0.6171875 0.265625
vt 0.73046875 0.3828125
vt 0.734375 0.3828125
vt 0.734375 0.37890625
vt 0.73046875 0.37890625
vt 0.62109375 0.26953125
vt 0.625 0.26953125
vt 0.625 0.265625
vt 0.62109375 0.265625
vt 0.734375 0.375
vt 0.73046875 0.375
vt 0.73046875 0.37890625
vt 0.734375 0.37890625
vt 0.62890625 0.26953125
vt 0.625 0.26953125
vt 0.625 0.265625
vt 0.62890625 0.265625
vn 0.45513694095919865 0.8758495578378868 -0.16043041173506192
vn -0.8770402784673439 0.4098423001578909 -0.2506584108846403
vn -0.45513694095919865 -0.8758495578378868 0.16043041173506192
vn 0.8770402784673439 -0.4098423001578909 0.2506584108846403
vn 0.15378788938088428 -0.25478783533847843 -0.9546897108711844
vn -0.15378788938088428 0.25478783533847843 0.9546897108711844
usemtl m_91fe65ba-4f97-40fd-8230-0084d13434eb
f 3908/11716/2929 3911/11715/2929 3909/11714/2929 3906/11713/2929
f 3907/11720/2930 3908/11719/2930 3906/11718/2930 3905/11717/2930
f 3912/11724/2931 3907/11723/2931 3905/11722/2931 3910/11721/2931
f 3911/11728/2932 3912/11727/2932 3910/11726/2932 3909/11725/2932
f 3910/11732/2933 3905/11731/2933 3906/11730/2933 3909/11729/2933
f 3911/11736/2934 3908/11735/2934 3907/11734/2934 3912/11733/2934
o cube
v 1.030919438844145 0.9022524379043322 -0.5961170381613576
v 1.0693216182375773 0.9761522443469038 -0.6096533541515035
v 1.0179435856776329 0.9237501615110163 -0.5155650938066013
v 1.0563457650710653 0.997649967953588 -0.5291014097967472
v 1.128521837034123 0.9484878890862463 -0.5927339114167902
v 1.0901196576406906 0.8745880826436746 -0.5791975954266444
v 1.1155459838676107 0.9699856126929304 -0.512181967062034
v 1.0771438044741783 0.8960858062503587 -0.4986456510718882
vt 0.73046875 0.375
vt 0.734375 0.375
vt 0.734375 0.37109375
vt 0.73046875 0.37109375
vt 0.62890625 0.26953125
vt 0.6328125 0.26953125
vt 0.6328125 0.265625
vt 0.62890625 0.265625
vt 0.73046875 0.37109375
vt 0.734375 0.37109375
vt 0.734375 0.3671875
vt 0.73046875 0.3671875
vt 0.6328125 0.26953125
vt 0.63671875 0.26953125
vt 0.63671875 0.265625
vt 0.6328125 0.265625
vt 0.734375 0.36328125
vt 0.73046875 0.36328125
vt 0.73046875 0.3671875
vt 0.734375 0.3671875
vt 0.640625 0.26953125
vt 0.63671875 0.26953125
vt 0.63671875 0.265625
vt 0.640625 0.265625
vn 0.45513694095919865 0.8758495578378868 -0.16043041173506192
vn -0.8770402784673439 0.4098423001578909 -0.2506584108846403
vn -0.45513694095919865 -0.8758495578378868 0.16043041173506192
vn 0.8770402784673439 -0.4098423001578909 0.2506584108846403
vn 0.15378788938088428 -0.25478783533847843 -0.9546897108711844
vn -0.15378788938088428 0.25478783533847843 0.9546897108711844
usemtl m_91fe65ba-4f97-40fd-8230-0084d13434eb
f 3916/11740/2935 3919/11739/2935 3917/11738/2935 3914/11737/2935
f 3915/11744/2936 3916/11743/2936 3914/11742/2936 3913/11741/2936
f 3920/11748/2937 3915/11747/2937 3913/11746/2937 3918/11745/2937
f 3919/11752/2938 3920/11751/2938 3918/11750/2938 3917/11749/2938
f 3918/11756/2939 3913/11755/2939 3914/11754/2939 3917/11753/2939
f 3919/11760/2940 3916/11759/2940 3915/11758/2940 3920/11757/2940
o cube
v 0.8736811061172005 1.0076204501177346 -0.6142148964171573
v 0.8890419778745735 1.0371803726947633 -0.6196294228132158
v 0.8664146283439537 1.0196591753374775 -0.5691058075784939
v 0.8817755001013267 1.0492190979145062 -0.5745203339745523
v 0.9038420325737097 1.0302642838795988 -0.6153995621295375
v 0.8884811608163368 1.0007043613025701 -0.6099850357334792
v 0.8965755548004628 1.042303009099342 -0.570290473290874
v 0.8812146830430899 1.0127430865223133 -0.5648759468948157
vt 0.73046875 0.36328125
vt 0.734375 0.36328125
vt 0.734375 0.359375
vt 0.73046875 0.359375
vt 0.640625 0.26953125
vt 0.64453125 0.26953125
vt 0.64453125 0.265625
vt 0.640625 0.265625
vt 0.73046875 0.359375
vt 0.734375 0.359375
vt 0.734375 0.35546875
vt 0.73046875 0.35546875
vt 0.64453125 0.26953125
vt 0.6484375 0.26953125
vt 0.6484375 0.265625
vt 0.64453125 0.265625
vt 0.734375 0.3515625
vt 0.73046875 0.3515625
vt 0.73046875 0.35546875
vt 0.734375 0.35546875
vt 0.65234375 0.26953125
vt 0.6484375 0.26953125
vt 0.6484375 0.265625
vt 0.65234375 0.265625
vn 0.45513694095919865 0.8758495578378868 -0.16043041173506192
vn -0.8770402784673439 0.4098423001578909 -0.2506584108846403
vn -0.45513694095919865 -0.8758495578378868 0.16043041173506192
vn 0.8770402784673439 -0.4098423001578909 0.2506584108846403
vn 0.15378788938088428 -0.25478783533847843 -0.9546897108711844
vn -0.15378788938088428 0.25478783533847843 0.9546897108711844
usemtl m_91fe65ba-4f97-40fd-8230-0084d13434eb
f 3924/11764/2941 3927/11763/2941 3925/11762/2941 3922/11761/2941
f 3923/11768/2942 3924/11767/2942 3922/11766/2942 3921/11765/2942
f 3928/11772/2943 3923/11771/2943 3921/11770/2943 3926/11769/2943
f 3927/11776/2944 3928/11775/2944 3926/11774/2944 3925/11773/2944
f 3926/11780/2945 3921/11779/2945 3922/11778/2945 3925/11777/2945
f 3927/11784/2946 3924/11783/2946 3923/11782/2946 3928/11781/2946
o cube
v 1.127716573854007 0.8933113176501348 -0.4755047708766249
v 1.1507578814900663 0.9376512015156778 -0.4836265604707124
v 1.0865535665853299 0.9177252347878118 -0.4589984657905828
v 1.1095948742213892 0.9620651186533548 -0.4671202553846703
v 1.2242529806485078 0.9340158775195447 -0.2949694513570244
v 1.2012116730124485 0.8896759936540017 -0.28684766176293686
v 1.1830899733798308 0.9584297946572218 -0.2784631462709823
v 1.1600486657437714 0.9140899107916787 -0.27034135667689474
vt 0.70703125 0.38671875
vt 0.71875 0.38671875
vt 0.71875 0.3828125
vt 0.70703125 0.3828125
vt 0.73046875 0.4296875
vt 0.734375 0.4296875
vt 0.734375 0.42578125
vt 0.73046875 0.42578125
vt 0.70703125 0.3828125
vt 0.71875 0.3828125
vt 0.71875 0.37890625
vt 0.70703125 0.37890625
vt 0.57421875 0.26953125
vt 0.578125 0.26953125
vt 0.578125 0.265625
vt 0.57421875 0.265625
vt 0.71875 0.375
vt 0.70703125 0.375
vt 0.70703125 0.37890625
vt 0.71875 0.37890625
vt 0.71875 0.375
vt 0.70703125 0.375
vt 0.70703125 0.37109375
vt 0.71875 0.37109375
vn 0.45513694095919865 0.8758495578378868 -0.160430411735062
vn -0.3629387612762549 0.017952217264854582 -0.9316400450058667
vn -0.45513694095919865 -0.8758495578378868 0.160430411735062
vn 0.3629387612762549 -0.017952217264854582 0.9316400450058667
vn 0.8130964398750993 -0.48225021506522286 -0.32605047083539884
vn -0.8130964398750993 0.48225021506522286 0.32605047083539884
usemtl m_91fe65ba-4f97-40fd-8230-0084d13434eb
f 3932/11788/2947 3935/11787/2947 3933/11786/2947 3930/11785/2947
f 3931/11792/2948 3932/11791/2948 3930/11790/2948 3929/11789/2948
f 3936/11796/2949 3931/11795/2949 3929/11794/2949 3934/11793/2949
f 3935/11800/2950 3936/11799/2950 3934/11798/2950 3933/11797/2950
f 3934/11804/2951 3929/11803/2951 3930/11802/2951 3933/11801/2951
f 3935/11808/2952 3932/11807/2952 3931/11806/2952 3936/11805/2952
o cube
v 1.1674844067053305 0.8800346888181984 -0.38257363556844
v 1.1982061502200763 0.9391545339722557 -0.39340268836055664
v 1.1126003970137615 0.9125865783351008 -0.36056522878705055
v 1.1433221405285072 0.9717064234891581 -0.3713942815791672
v 1.2349536997992971 0.9373368719741891 -0.2990741338037126
v 1.2042319562845512 0.8782170268201318 -0.2882450810115959
v 1.180069690107728 0.9698887614910916 -0.27706572702232324
v 1.1493479465929821 0.9107689163370343 -0.2662366742302065
vt 0.72265625 0.71875
vt 0.73046875 0.71875
vt 0.73046875 0.71484375
vt 0.72265625 0.71484375
vt 0.73046875 0.42578125
vt 0.734375 0.42578125
vt 0.734375 0.421875
vt 0.73046875 0.421875
vt 0.72265625 0.71484375
vt 0.73046875 0.71484375
vt 0.73046875 0.7109375
vt 0.72265625 0.7109375
vt 0.578125 0.26953125
vt 0.58203125 0.26953125
vt 0.58203125 0.265625
vt 0.578125 0.265625
vt 0.296875 0.2734375
vt 0.2890625 0.2734375
vt 0.2890625 0.27734375
vt 0.296875 0.27734375
vt 0.73046875 0.7109375
vt 0.72265625 0.7109375
vt 0.72265625 0.70703125
vt 0.73046875 0.70703125
vn 0.45513694095919865 0.8758495578378868 -0.160430411735062
vn -0.3629387612762549 0.017952217264854582 -0.9316400450058667
vn -0.45513694095919865 -0.8758495578378868 0.160430411735062
vn 0.3629387612762549 -0.017952217264854582 0.9316400450058667
vn 0.8130964398750993 -0.48225021506522286 -0.32605047083539884
vn -0.8130964398750993 0.48225021506522286 0.32605047083539884
usemtl m_91fe65ba-4f97-40fd-8230-0084d13434eb
f 3940/11812/2953 3943/11811/2953 3941/11810/2953 3938/11809/2953
f 3939/11816/2954 3940/11815/2954 3938/11814/2954 3937/11813/2954
f 3944/11820/2955 3939/11819/2955 3937/11818/2955 3942/11817/2955
f 3943/11824/2956 3944/11823/2956 3942/11822/2956 3941/11821/2956
f 3942/11828/2957 3937/11827/2957 3938/11826/2957 3941/11825/2957
f 3943/11832/2958 3940/11831/2958 3939/11830/2958 3944/11829/2958
o cube
v 1.1827538731705072 0.8679698346516395 -0.35252820329815093
v 1.2211560525639393 0.9418696410942111 -0.3660645192882968
v 1.1141488610560455 0.9086596965477677 -0.32501769482141407
v 1.1525510404494779 0.9825595029903393 -0.33855401081156
v 1.2456544189500867 0.9406578664288334 -0.3031788162504009
v 1.2072522395566543 0.8667580599862618 -0.28964250026025506
v 1.177049406835625 0.9813477283249616 -0.2756683077736641
v 1.1386472274421926 0.90744792188239 -0.26213199178351826
vt 0.73046875 0.421875
vt 0.734375 0.421875
vt 0.734375 0.41796875
vt 0.73046875 0.41796875
vt 0.58203125 0.26953125
vt 0.5859375 0.26953125
vt 0.5859375 0.265625
vt 0.58203125 0.265625
vt 0.73046875 0.41796875
vt 0.734375 0.41796875
vt 0.734375 0.4140625
vt 0.73046875 0.4140625
vt 0.5859375 0.26953125
vt 0.58984375 0.26953125
vt 0.58984375 0.265625
vt 0.5859375 0.265625
vt 0.734375 0.41015625
vt 0.73046875 0.41015625
vt 0.73046875 0.4140625
vt 0.734375 0.4140625
vt 0.59375 0.26953125
vt 0.58984375 0.26953125
vt 0.58984375 0.265625
vt 0.59375 0.265625
vn 0.45513694095919865 0.8758495578378868 -0.160430411735062
vn -0.3629387612762549 0.017952217264854582 -0.9316400450058667
vn -0.45513694095919865 -0.8758495578378868 0.160430411735062
vn 0.3629387612762549 -0.017952217264854582 0.9316400450058667
vn 0.8130964398750993 -0.48225021506522286 -0.32605047083539884
vn -0.8130964398750993 0.48225021506522286 0.32605047083539884
usemtl m_91fe65ba-4f97-40fd-8230-0084d13434eb
f 3948/11836/2959 3951/11835/2959 3949/11834/2959 3946/11833/2959
f 3947/11840/2960 3948/11839/2960 3946/11838/2960 3945/11837/2960
f 3952/11844/2961 3947/11843/2961 3945/11842/2961 3950/11841/2961
f 3951/11848/2962 3952/11847/2962 3950/11846/2962 3949/11845/2962
f 3950/11852/2963 3945/11851/2963 3946/11850/2963 3949/11849/2963
f 3951/11856/2964 3948/11855/2964 3947/11854/2964 3952/11853/2964
o cube
v 1.093989307546889 0.8836700128143314 -0.5712307446821279
v 1.124711051061635 0.9427898579683888 -0.5820597974742445
v 1.03910529785532 0.916221902331234 -0.5492223379007385
v 1.069827041370066 0.9753417474852913 -0.5600513906928551
v 1.1614586006408558 0.9409721959703223 -0.48773124291740044
v 1.1307368571261098 0.8818523508162649 -0.4769021901252838
v 1.1065745909492866 0.9735240854872248 -0.46572283613601106
v 1.0758528474345408 0.9144042403331675 -0.4548937833438944
vt 0.72265625 0.70703125
vt 0.73046875 0.70703125
vt 0.73046875 0.703125
vt 0.72265625 0.703125
vt 0.73046875 0.41015625
vt 0.734375 0.41015625
vt 0.734375 0.40625
vt 0.73046875 0.40625
vt 0.296875 0.27734375
vt 0.3046875 0.27734375
vt 0.3046875 0.2734375
vt 0.296875 0.2734375
vt 0.59375 0.26953125
vt 0.59765625 0.26953125
vt 0.59765625 0.265625
vt 0.59375 0.265625
vt 0.73046875 0.69921875
vt 0.72265625 0.69921875
vt 0.72265625 0.703125
vt 0.73046875 0.703125
vt 0.73046875 0.69921875
vt 0.72265625 0.69921875
vt 0.72265625 0.6953125
vt 0.73046875 0.6953125
vn 0.45513694095919865 0.8758495578378868 -0.160430411735062
vn -0.3629387612762549 0.017952217264854582 -0.9316400450058667
vn -0.45513694095919865 -0.8758495578378868 0.160430411735062
vn 0.3629387612762549 -0.017952217264854582 0.9316400450058667
vn 0.8130964398750993 -0.48225021506522286 -0.32605047083539884
vn -0.8130964398750993 0.48225021506522286 0.32605047083539884
usemtl m_91fe65ba-4f97-40fd-8230-0084d13434eb
f 3956/11860/2965 3959/11859/2965 3957/11858/2965 3954/11857/2965
f 3955/11864/2966 3956/11863/2966 3954/11862/2966 3953/11861/2966
f 3960/11868/2967 3955/11867/2967 3953/11866/2967 3958/11865/2967
f 3959/11872/2968 3960/11871/2968 3958/11870/2968 3957/11869/2968
f 3958/11876/2969 3953/11875/2969 3954/11874/2969 3957/11873/2969
f 3959/11880/2970 3956/11879/2970 3955/11878/2970 3960/11877/2970
o cube
v 1.097009590818992 0.8722110459804614 -0.5726281639307869
v 1.1354117702124245 0.9461108524230332 -0.5861644799209327
v 1.0284045787045306 0.9129009078765896 -0.54511765545405
v 1.0668067580979628 0.9868007143191614 -0.5586539714441959
v 1.1599101365985716 0.9448990777576555 -0.5232787768830368
v 1.1215079572051392 0.8709992713150838 -0.509742460892891
v 1.09130512448411 0.9855889396537837 -0.4957682684063
v 1.0529029450906777 0.911689133211212 -0.48223195241615413
vt 0.73046875 0.40625
vt 0.734375 0.40625
vt 0.734375 0.40234375
vt 0.73046875 0.40234375
vt 0.59765625 0.26953125
vt 0.6015625 0.26953125
vt 0.6015625 0.265625
vt 0.59765625 0.265625
vt 0.73046875 0.40234375
vt 0.734375 0.40234375
vt 0.734375 0.3984375
vt 0.73046875 0.3984375
vt 0.6015625 0.26953125
vt 0.60546875 0.26953125
vt 0.60546875 0.265625
vt 0.6015625 0.265625
vt 0.734375 0.39453125
vt 0.73046875 0.39453125
vt 0.73046875 0.3984375
vt 0.734375 0.3984375
vt 0.609375 0.26953125
vt 0.60546875 0.26953125
vt 0.60546875 0.265625
vt 0.609375 0.265625
vn 0.45513694095919865 0.8758495578378868 -0.160430411735062
vn -0.3629387612762549 0.017952217264854582 -0.9316400450058667
vn -0.45513694095919865 -0.8758495578378868 0.160430411735062
vn 0.3629387612762549 -0.017952217264854582 0.9316400450058667
vn 0.8130964398750993 -0.48225021506522286 -0.32605047083539884
vn -0.8130964398750993 0.48225021506522286 0.32605047083539884
usemtl m_91fe65ba-4f97-40fd-8230-0084d13434eb
f 3964/11884/2971 3967/11883/2971 3965/11882/2971 3962/11881/2971
f 3963/11888/2972 3964/11887/2972 3962/11886/2972 3961/11885/2972
f 3968/11892/2973 3963/11891/2973 3961/11890/2973 3966/11889/2973
f 3967/11896/2974 3968/11895/2974 3966/11894/2974 3965/11893/2974
f 3966/11900/2975 3961/11899/2975 3962/11898/2975 3965/11897/2975
f 3967/11904/2976 3964/11903/2976 3963/11902/2976 3968/11901/2976
o cube
v 1.2048086237595734 0.871127834245897 -0.27271874493839265
v 1.2432108031530058 0.9450276406884687 -0.28625506092853853
v 1.1489289872693014 0.8890616561322988 -0.3333403985224207
v 1.1873311666627338 0.9629614625748705 -0.3468767145125666
v 1.2030361487068029 0.9742723983347588 -0.24057146113235423
v 1.1646339693133705 0.900372591892187 -0.22703514514220835
v 1.1471565122165308 0.9922062202211606 -0.30119311471638227
v 1.1087543328230987 0.9183064137785889 -0.2876567987262364
vt 0.73046875 0.46484375
vt 0.734375 0.46484375
vt 0.734375 0.4609375
vt 0.73046875 0.4609375
vt 0.5390625 0.26953125
vt 0.54296875 0.26953125
vt 0.54296875 0.265625
vt 0.5390625 0.265625
vt 0.73046875 0.4609375
vt 0.734375 0.4609375
vt 0.734375 0.45703125
vt 0.73046875 0.45703125
vt 0.54296875 0.26953125
vt 0.546875 0.26953125
vt 0.546875 0.265625
vt 0.54296875 0.265625
vt 0.734375 0.453125
vt 0.73046875 0.453125
vt 0.73046875 0.45703125
vt 0.734375 0.45703125
vt 0.55078125 0.26953125
vt 0.546875 0.26953125
vt 0.546875 0.265625
vt 0.55078125 0.265625
vn 0.4551369409591986 0.8758495578378865 -0.16043041173506198
vn 0.5951800658696741 -0.4332556688339274 -0.6767940710545834
vn -0.4551369409591986 -0.8758495578378865 0.16043041173506198
vn -0.5951800658696741 0.4332556688339274 0.6767940710545834
vn 0.6622771732180371 -0.21254900013513245 0.7184788572921835
vn -0.6622771732180371 0.21254900013513245 -0.7184788572921835
usemtl m_91fe65ba-4f97-40fd-8230-0084d13434eb
f 3972/11908/2977 3975/11907/2977 3973/11906/2977 3970/11905/2977
f 3971/11912/2978 3972/11911/2978 3970/11910/2978 3969/11909/2978
f 3976/11916/2979 3971/11915/2979 3969/11914/2979 3974/11913/2979
f 3975/11920/2980 3976/11919/2980 3974/11918/2980 3973/11917/2980
f 3974/11924/2981 3969/11923/2981 3970/11922/2981 3973/11921/2981
f 3975/11928/2982 3972/11927/2982 3971/11926/2982 3976/11925/2982
o cube
v 1.2030608780498895 0.8803111970787943 -0.2801345418958102
v 1.2337826215646353 0.9394310422328517 -0.2909635946879269
v 1.158357168857672 0.8946582545879157 -0.3286318647630325
v 1.189078912372418 0.9537780997419731 -0.3394609175551492
v 1.1735206398953308 0.9832981787022869 -0.22243819499365025
v 1.1427988963805848 0.9241783335482295 -0.2116091422015336
v 1.1288169307031133 0.9976452362114083 -0.27093551786087255
v 1.0980951871883675 0.9385253910573509 -0.2601064650687559
vt 0.72265625 0.73828125
vt 0.73046875 0.73828125
vt 0.73046875 0.734375
vt 0.72265625 0.734375
vt 0.73046875 0.453125
vt 0.734375 0.453125
vt 0.734375 0.44921875
vt 0.73046875 0.44921875
vt 0.265625 0.27734375
vt 0.2734375 0.27734375
vt 0.2734375 0.2734375
vt 0.265625 0.2734375
vt 0.55078125 0.26953125
vt 0.5546875 0.26953125
vt 0.5546875 0.265625
vt 0.55078125 0.265625
vt 0.73046875 0.73046875
vt 0.72265625 0.73046875
vt 0.72265625 0.734375
vt 0.73046875 0.734375
vt 0.73046875 0.73046875
vt 0.72265625 0.73046875
vt 0.72265625 0.7265625
vt 0.73046875 0.7265625
vn 0.4551369409591986 0.8758495578378865 -0.16043041173506198
vn 0.5951800658696741 -0.4332556688339274 -0.6767940710545834
vn -0.4551369409591986 -0.8758495578378865 0.16043041173506198
vn -0.5951800658696741 0.4332556688339274 0.6767940710545834
vn 0.6622771732180371 -0.21254900013513245 0.7184788572921835
vn -0.6622771732180371 0.21254900013513245 -0.7184788572921835
usemtl m_91fe65ba-4f97-40fd-8230-0084d13434eb
f 3980/11932/2983 3983/11931/2983 3981/11930/2983 3978/11929/2983
f 3979/11936/2984 3980/11935/2984 3978/11934/2984 3977/11933/2984
f 3984/11940/2985 3979/11939/2985 3977/11938/2985 3982/11937/2985
f 3983/11944/2986 3984/11943/2986 3982/11942/2986 3981/11941/2986
f 3982/11948/2987 3977/11947/2987 3978/11946/2987 3981/11945/2987
f 3983/11952/2988 3980/11951/2988 3979/11950/2988 3984/11949/2988
o cube
v 1.0641973331978631 0.9734844860079123 -0.11282614565174745
v 1.1025995125912953 1.047384292450484 -0.1263624616418933
v 1.008317696707591 0.9914183078943141 -0.17344779923577547
v 1.0467198761010235 1.0653181143368857 -0.18698411522592134
v 1.0624248581450924 1.0766290500967741 -0.08067886184570891
v 1.02402267875166 1.0027292436542024 -0.06714254585556305
v 1.0065452216548205 1.094562871983176 -0.14130051542973693
v 0.9681430422613881 1.0206630655406042 -0.1277641994395911
vt 0.73046875 0.44921875
vt 0.734375 0.44921875
vt 0.734375 0.4453125
vt 0.73046875 0.4453125
vt 0.5546875 0.26953125
vt 0.55859375 0.26953125
vt 0.55859375 0.265625
vt 0.5546875 0.265625
vt 0.73046875 0.4453125
vt 0.734375 0.4453125
vt 0.734375 0.44140625
vt 0.73046875 0.44140625
vt 0.55859375 0.26953125
vt 0.5625 0.26953125
vt 0.5625 0.265625
vt 0.55859375 0.265625
vt 0.734375 0.4375
vt 0.73046875 0.4375
vt 0.73046875 0.44140625
vt 0.734375 0.44140625
vt 0.56640625 0.26953125
vt 0.5625 0.26953125
vt 0.5625 0.265625
vt 0.56640625 0.265625
vn 0.4551369409591986 0.8758495578378865 -0.16043041173506198
vn 0.5951800658696741 -0.4332556688339274 -0.6767940710545834
vn -0.4551369409591986 -0.8758495578378865 0.16043041173506198
vn -0.5951800658696741 0.4332556688339274 0.6767940710545834
vn 0.6622771732180371 -0.21254900013513245 0.7184788572921835
vn -0.6622771732180371 0.21254900013513245 -0.7184788572921835
usemtl m_91fe65ba-4f97-40fd-8230-0084d13434eb
f 3988/11956/2989 3991/11955/2989 3989/11954/2989 3986/11953/2989
f 3987/11960/2990 3988/11959/2990 3986/11958/2990 3985/11957/2990
f 3992/11964/2991 3987/11963/2991 3985/11962/2991 3990/11961/2991
f 3991/11968/2992 3992/11967/2992 3990/11966/2992 3989/11965/2992
f 3990/11972/2993 3985/11971/2993 3986/11970/2993 3989/11969/2993
f 3991/11976/2994 3988/11975/2994 3987/11974/2994 3992/11973/2994
o cube
v 1.0825369147112804 0.9680454700176646 -0.14308374250725708
v 1.1132586582260264 1.027165315171722 -0.15391279529937377
v 1.037833205519063 0.982392527526786 -0.1915810653744794
v 1.068554949033809 1.0415123726808433 -0.20241011816659604
v 1.052996676556722 1.0710324516411571 -0.08538739560509716
v 1.022274933041976 1.0119126064870998 -0.07455834281298047
v 1.0082929673645045 1.0853795091502785 -0.13388471847231947
v 0.9775712238497586 1.0262596639962211 -0.12305566568020278
vt 0.2734375 0.27734375
vt 0.28125 0.27734375
vt 0.28125 0.2734375
vt 0.2734375 0.2734375
vt 0.73046875 0.4375
vt 0.734375 0.4375
vt 0.734375 0.43359375
vt 0.73046875 0.43359375
vt 0.72265625 0.7265625
vt 0.73046875 0.7265625
vt 0.73046875 0.72265625
vt 0.72265625 0.72265625
vt 0.56640625 0.26953125
vt 0.5703125 0.26953125
vt 0.5703125 0.265625
vt 0.56640625 0.265625
vt 0.73046875 0.71875
vt 0.72265625 0.71875
vt 0.72265625 0.72265625
vt 0.73046875 0.72265625
vt 0.2890625 0.27734375
vt 0.28125 0.27734375
vt 0.28125 0.2734375
vt 0.2890625 0.2734375
vn 0.4551369409591986 0.8758495578378865 -0.16043041173506198
vn 0.5951800658696741 -0.4332556688339274 -0.6767940710545834
vn -0.4551369409591986 -0.8758495578378865 0.16043041173506198
vn -0.5951800658696741 0.4332556688339274 0.6767940710545834
vn 0.6622771732180371 -0.21254900013513245 0.7184788572921835
vn -0.6622771732180371 0.21254900013513245 -0.7184788572921835
usemtl m_91fe65ba-4f97-40fd-8230-0084d13434eb
f 3996/11980/2995 3999/11979/2995 3997/11978/2995 3994/11977/2995
f 3995/11984/2996 3996/11983/2996 3994/11982/2996 3993/11981/2996
f 4000/11988/2997 3995/11987/2997 3993/11986/2997 3998/11985/2997
f 3999/11992/2998 4000/11991/2998 3998/11990/2998 3997/11989/2998
f 3998/11996/2999 3993/11995/2999 3994/11994/2999 3997/11993/2999
f 3999/12000/3000 3996/11999/3000 3995/11998/3000 4000/11997/3000
o cube
v 1.1410511506709011 0.9333616963811268 -0.21902493915895094
v 1.1640924583069605 0.9777015802466698 -0.22714672875303843
v 1.1075233687767378 0.9441219895129679 -0.25539793130936783
v 1.1305646764127975 0.9884618733785109 -0.2635197209034553
v 1.0435684949683517 1.0654358531855401 -0.09009592936448531
v 1.020527187332292 1.021095969319997 -0.0819741397703978
v 1.0100407130741884 1.0761961463173813 -0.1264689215149022
v 0.986999405438129 1.0318562624518381 -0.1183471319208147
vt 0.70703125 0.40234375
vt 0.71875 0.40234375
vt 0.71875 0.3984375
vt 0.70703125 0.3984375
vt 0.73046875 0.43359375
vt 0.734375 0.43359375
vt 0.734375 0.4296875
vt 0.73046875 0.4296875
vt 0.70703125 0.3984375
vt 0.71875 0.3984375
vt 0.71875 0.39453125
vt 0.70703125 0.39453125
vt 0.5703125 0.26953125
vt 0.57421875 0.26953125
vt 0.57421875 0.265625
vt 0.5703125 0.265625
vt 0.71875 0.390625
vt 0.70703125 0.390625
vt 0.70703125 0.39453125
vt 0.71875 0.39453125
vt 0.71875 0.390625
vt 0.70703125 0.390625
vt 0.70703125 0.38671875
vt 0.71875 0.38671875
vn 0.4551369409591986 0.8758495578378865 -0.16043041173506198
vn 0.5951800658696741 -0.4332556688339274 -0.6767940710545834
vn -0.4551369409591986 -0.8758495578378865 0.16043041173506198
vn -0.5951800658696741 0.4332556688339274 0.6767940710545834
vn 0.6622771732180371 -0.21254900013513245 0.7184788572921835
vn -0.6622771732180371 0.21254900013513245 -0.7184788572921835
usemtl m_91fe65ba-4f97-40fd-8230-0084d13434eb
f 4004/12004/3001 4007/12003/3001 4005/12002/3001 4002/12001/3001
f 4003/12008/3002 4004/12007/3002 4002/12006/3002 4001/12005/3002
f 4008/12012/3003 4003/12011/3003 4001/12010/3003 4006/12009/3003
f 4007/12016/3004 4008/12015/3004 4006/12014/3004 4005/12013/3004
f 4006/12020/3005 4001/12019/3005 4002/12018/3005 4005/12017/3005
f 4007/12024/3006 4004/12023/3006 4003/12022/3006 4008/12021/3006
o cube
v 0.9397964798233754 1.1459481238594327 -0.6108416971359864
v 0.9523166939175017 1.1949398551015213 -0.6084034326014878
v 0.9333516283824965 1.1450964644732908 -0.5606358290407625
v 0.9458718424766228 1.1940881957153797 -0.5581975645062639
v 1.1468252543025808 1.1440320056175055 -0.584298229888444
v 1.1343050402084545 1.0950402743754168 -0.5867364944229427
v 1.1403804028617017 1.1431803462313639 -0.5340923617932203
v 1.1278601887675754 1.0941886149892752 -0.5365306263277189
vt 0.7109375 0.86328125
vt 0.72265625 0.86328125
vt 0.72265625 0.859375
vt 0.7109375 0.859375
vt 0.73046875 0.28125
vt 0.734375 0.28125
vt 0.734375 0.27734375
vt 0.73046875 0.27734375
vt 0.7109375 0.859375
vt 0.72265625 0.859375
vt 0.72265625 0.85546875
vt 0.7109375 0.85546875
vt 0.72265625 0.26953125
vt 0.7265625 0.26953125
vt 0.7265625 0.265625
vt 0.72265625 0.265625
vt 0.72265625 0.8515625
vt 0.7109375 0.8515625
vt 0.7109375 0.85546875
vt 0.72265625 0.85546875
vt 0.72265625 0.8515625
vt 0.7109375 0.8515625
vt 0.7109375 0.84765625
vt 0.72265625 0.84765625
vn 0.24731287099508795 0.9677379010782947 0.04816325006417003
vn -0.9605361006670563 0.25139678757538614 -0.1190380380891044
vn -0.24731287099508795 -0.9677379010782947 -0.04816325006417003
vn 0.9605361006670563 -0.25139678757538614 0.1190380380891044
vn 0.12730570747415026 0.016822901454651047 -0.9917208512636776
vn -0.12730570747415026 -0.016822901454651047 0.9917208512636776
usemtl m_91fe65ba-4f97-40fd-8230-0084d13434eb
f 4012/12028/3007 4015/12027/3007 4013/12026/3007 4010/12025/3007
f 4011/12032/3008 4012/12031/3008 4010/12030/3008 4009/12029/3008
f 4016/12036/3009 4011/12035/3009 4009/12034/3009 4014/12033/3009
f 4015/12040/3010 4016/12039/3010 4014/12038/3010 4013/12037/3010
f 4014/12044/3011 4009/12043/3011 4010/12042/3011 4013/12041/3011
f 4015/12048/3012 4012/12047/3012 4011/12046/3012 4016/12045/3012
o cube
v 1.036038199573707 1.1124708538081003 -0.6075631178844181
v 1.0527318183658754 1.1777931621308853 -0.6043120985050866
v 1.027445064319202 1.1113353079599113 -0.54062196042412
v 1.0441386831113704 1.1766576162826963 -0.5373709410447886
v 1.149986098558415 1.1523392373888772 -0.5922594971485649
v 1.1332924797662465 1.0870169290660925 -0.5955105165278963
v 1.1413929633039097 1.1512036915406885 -0.5253183396882667
v 1.1246993445117413 1.0858813832179035 -0.5285693590675982
vt 0.72265625 0.63671875
vt 0.73046875 0.63671875
vt 0.73046875 0.6328125
vt 0.72265625 0.6328125
vt 0.73046875 0.27734375
vt 0.734375 0.27734375
vt 0.734375 0.2734375
vt 0.73046875 0.2734375
vt 0.3671875 0.27734375
vt 0.375 0.27734375
vt 0.375 0.2734375
vt 0.3671875 0.2734375
vt 0.7265625 0.26953125
vt 0.73046875 0.26953125
vt 0.73046875 0.265625
vt 0.7265625 0.265625
vt 0.73046875 0.62890625
vt 0.72265625 0.62890625
vt 0.72265625 0.6328125
vt 0.73046875 0.6328125
vt 0.73046875 0.62890625
vt 0.72265625 0.62890625
vt 0.72265625 0.625
vt 0.73046875 0.625
vn 0.24731287099508795 0.9677379010782947 0.04816325006417003
vn -0.9605361006670563 0.25139678757538614 -0.1190380380891044
vn -0.24731287099508795 -0.9677379010782947 -0.04816325006417003
vn 0.9605361006670563 -0.25139678757538614 0.1190380380891044
vn 0.12730570747415026 0.016822901454651047 -0.9917208512636776
vn -0.12730570747415026 -0.016822901454651047 0.9917208512636776
usemtl m_91fe65ba-4f97-40fd-8230-0084d13434eb
f 4020/12052/3013 4023/12051/3013 4021/12050/3013 4018/12049/3013
f 4019/12056/3014 4020/12055/3014 4018/12054/3014 4017/12053/3014
f 4024/12060/3015 4019/12059/3015 4017/12058/3015 4022/12057/3015
f 4023/12064/3016 4024/12063/3016 4022/12062/3016 4021/12061/3016
f 4022/12068/3017 4017/12067/3017 4018/12066/3017 4021/12065/3017
f 4023/12072/3018 4020/12071/3018 4019/12070/3018 4024/12069/3018
o cube
v 0.9075562659284617 1.1591899953332871 -0.6062477597855064
v 0.9175724372037628 1.1983833803269581 -0.6042971481579075
v 0.9024003847757587 1.158508667824374 -0.5660830653093275
v 0.9124165560510598 1.1977020528180446 -0.5641324536817286
v 0.9499905306012759 1.189898738746289 -0.6002796143724003
v 0.9399743593259748 1.150705353752618 -0.6022302259999991
v 0.9448346494485729 1.1892174112373755 -0.5601149198962213
v 0.9348184781732718 1.1500240262437045 -0.5620655315238202
vt 0.73046875 0.2734375
vt 0.734375 0.2734375
vt 0.734375 0.26953125
vt 0.73046875 0.26953125
vt 0.73046875 0.26953125
vt 0.734375 0.26953125
vt 0.734375 0.265625
vt 0.73046875 0.265625
vt 0 0.265625
vt 0.00390625 0.265625
vt 0.00390625 0.26171875
vt 0 0.26171875
vt 0.734375 1
vt 0.73828125 1
vt 0.73828125 0.99609375
vt 0.734375 0.99609375
vt 0.0078125 0.26171875
vt 0.00390625 0.26171875
vt 0.00390625 0.265625
vt 0.0078125 0.265625
vt 0.73828125 0.99609375
vt 0.734375 0.99609375
vt 0.734375 0.9921875
vt 0.73828125 0.9921875
vn 0.24731287099508795 0.9677379010782947 0.04816325006417003
vn -0.9605361006670563 0.25139678757538614 -0.1190380380891044
vn -0.24731287099508795 -0.9677379010782947 -0.04816325006417003
vn 0.9605361006670563 -0.25139678757538614 0.1190380380891044
vn 0.12730570747415026 0.016822901454651047 -0.9917208512636776
vn -0.12730570747415026 -0.016822901454651047 0.9917208512636776
usemtl m_91fe65ba-4f97-40fd-8230-0084d13434eb
f 4028/12076/3019 4031/12075/3019 4029/12074/3019 4026/12073/3019
f 4027/12080/3020 4028/12079/3020 4026/12078/3020 4025/12077/3020
f 4032/12084/3021 4027/12083/3021 4025/12082/3021 4030/12081/3021
f 4031/12088/3022 4032/12087/3022 4030/12086/3022 4029/12085/3022
f 4030/12092/3023 4025/12091/3023 4026/12090/3023 4029/12089/3023
f 4031/12096/3024 4028/12095/3024 4027/12094/3024 4032/12093/3024
o cube
v 1.0674437325290125 1.0959628669181065 -0.6123196062038646
v 1.088310756019223 1.1776157523215876 -0.6082558319797002
v 1.0567023134608808 1.0945434346078702 -0.5286431593784917
v 1.0775693369510915 1.1761963200113514 -0.5245793851543274
v 1.1531469428142491 1.1606464691602492 -0.6002207644086858
v 1.1322799193240385 1.078993583756768 -0.6042845386328501
v 1.1424055237461177 1.1592270368500128 -0.5165443175833129
v 1.121538500255907 1.0775741514465318 -0.5206080918074772
vt 0.0078125 0.265625
vt 0.01171875 0.265625
vt 0.01171875 0.26171875
vt 0.0078125 0.26171875
vt 0.734375 0.9921875
vt 0.73828125 0.9921875
vt 0.73828125 0.98828125
vt 0.734375 0.98828125
vt 0.01171875 0.265625
vt 0.015625 0.265625
vt 0.015625 0.26171875
vt 0.01171875 0.26171875
vt 0.734375 0.98828125
vt 0.73828125 0.98828125
vt 0.73828125 0.984375
vt 0.734375 0.984375
vt 0.01953125 0.26171875
vt 0.015625 0.26171875
vt 0.015625 0.265625
vt 0.01953125 0.265625
vt 0.73828125 0.984375
vt 0.734375 0.984375
vt 0.734375 0.98046875
vt 0.73828125 0.98046875
vn 0.24731287099508795 0.9677379010782947 0.04816325006417003
vn -0.9605361006670563 0.25139678757538614 -0.1190380380891044
vn -0.24731287099508795 -0.9677379010782947 -0.04816325006417003
vn 0.9605361006670563 -0.25139678757538614 0.1190380380891044
vn 0.12730570747415026 0.016822901454651047 -0.9917208512636776
vn -0.12730570747415026 -0.016822901454651047 0.9917208512636776
usemtl m_91fe65ba-4f97-40fd-8230-0084d13434eb
f 4036/12100/3025 4039/12099/3025 4037/12098/3025 4034/12097/3025
f 4035/12104/3026 4036/12103/3026 4034/12102/3026 4033/12101/3026
f 4040/12108/3027 4035/12107/3027 4033/12106/3027 4038/12105/3027
f 4039/12112/3028 4040/12111/3028 4038/12110/3028 4037/12109/3028
f 4038/12116/3029 4033/12115/3029 4034/12114/3029 4037/12113/3029
f 4039/12120/3030 4036/12119/3030 4035/12118/3030 4040/12117/3030
o cube
v 0.8906904177926963 1.1649234306006677 -0.5998076065112394
v 0.8990372271887805 1.1975845847620603 -0.5981820968215737
v 0.8846752231145427 1.1641285485069355 -0.5529487962890307
v 0.8930220325106268 1.196789702668328 -0.5513232865993649
v 0.9152462738875369 1.1933422639717257 -0.5961733299288201
v 0.9068994644914526 1.1606811098103331 -0.5977988396184859
v 0.9092310792093832 1.1925473818779935 -0.5493145197066114
v 0.900884269813299 1.1598862277166009 -0.5509400293962771
vt 0.01953125 0.265625
vt 0.0234375 0.265625
vt 0.0234375 0.26171875
vt 0.01953125 0.26171875
vt 0.734375 0.98046875
vt 0.73828125 0.98046875
vt 0.73828125 0.9765625
vt 0.734375 0.9765625
vt 0.0234375 0.265625
vt 0.02734375 0.265625
vt 0.02734375 0.26171875
vt 0.0234375 0.26171875
vt 0.734375 0.9765625
vt 0.73828125 0.9765625
vt 0.73828125 0.97265625
vt 0.734375 0.97265625
vt 0.03125 0.26171875
vt 0.02734375 0.26171875
vt 0.02734375 0.265625
vt 0.03125 0.265625
vt 0.73828125 0.97265625
vt 0.734375 0.97265625
vt 0.734375 0.96875
vt 0.73828125 0.96875
vn 0.24731287099508795 0.9677379010782947 0.04816325006417003
vn -0.9605361006670563 0.25139678757538614 -0.1190380380891044
vn -0.24731287099508795 -0.9677379010782947 -0.04816325006417003
vn 0.9605361006670563 -0.25139678757538614 0.1190380380891044
vn 0.12730570747415026 0.016822901454651047 -0.9917208512636776
vn -0.12730570747415026 -0.016822901454651047 0.9917208512636776
usemtl m_91fe65ba-4f97-40fd-8230-0084d13434eb
f 4044/12124/3031 4047/12123/3031 4045/12122/3031 4042/12121/3031
f 4043/12128/3032 4044/12127/3032 4042/12126/3032 4041/12125/3032
f 4048/12132/3033 4043/12131/3033 4041/12130/3033 4046/12129/3033
f 4047/12136/3034 4048/12135/3034 4046/12134/3034 4045/12133/3034
f 4046/12140/3035 4041/12139/3035 4042/12138/3035 4045/12137/3035
f 4047/12144/3036 4044/12143/3036 4043/12142/3036 4048/12141/3036
o cube
v 1.1743251666816652 1.0805591456460757 -0.501267911206149
v 1.1868453807757915 1.1295508768881646 -0.4988296466716504
v 1.1307955305416073 1.0904959711341846 -0.4774074648202774
v 1.1433157446357336 1.1394877023762733 -0.4749692002857788
v 1.2772936547494982 1.0975607798900437 -0.3204985124599594
v 1.264773440655372 1.048569048647955 -0.32293677699445805
v 1.2337640186094403 1.1074976053781527 -0.2966380660740878
v 1.221243804515314 1.058505874136064 -0.29907633060858646
vt 0.7109375 0.87890625
vt 0.72265625 0.87890625
vt 0.72265625 0.875
vt 0.7109375 0.875
vt 0.73046875 0.31640625
vt 0.734375 0.31640625
vt 0.734375 0.3125
vt 0.73046875 0.3125
vt 0.7109375 0.875
vt 0.72265625 0.875
vt 0.72265625 0.87109375
vt 0.7109375 0.87109375
vt 0.6875 0.26953125
vt 0.69140625 0.26953125
vt 0.69140625 0.265625
vt 0.6875 0.265625
vt 0.72265625 0.8671875
vt 0.7109375 0.8671875
vt 0.7109375 0.87109375
vt 0.72265625 0.87109375
vt 0.72265625 0.8671875
vt 0.7109375 0.8671875
vt 0.7109375 0.86328125
vt 0.72265625 0.86328125
vn 0.24731287099508786 0.9677379010782947 0.04816325006417002
vn -0.4466581430800335 0.15797578764504064 -0.8806475763540292
vn -0.24731287099508786 -0.9677379010782947 -0.04816325006417002
vn 0.4466581430800335 -0.15797578764504064 0.8806475763540292
vn 0.8598446644949678 -0.19628297260461938 -0.47131745947400544
vn -0.8598446644949678 0.19628297260461938 0.47131745947400544
usemtl m_91fe65ba-4f97-40fd-8230-0084d13434eb
f 4052/12148/3037 4055/12147/3037 4053/12146/3037 4050/12145/3037
f 4051/12152/3038 4052/12151/3038 4050/12150/3038 4049/12149/3038
f 4056/12156/3039 4051/12155/3039 4049/12154/3039 4054/12153/3039
f 4055/12160/3040 4056/12159/3040 4054/12158/3040 4053/12157/3040
f 4054/12164/3041 4049/12163/3041 4050/12162/3041 4053/12161/3041
f 4055/12168/3042 4052/12167/3042 4051/12166/3042 4056/12165/3042
o cube
v 1.2247175406761737 1.0547426710253158 -0.4164854625870319
v 1.2414111594683421 1.1200649793481008 -0.4132344432077004
v 1.1666780258227634 1.0679917716761276 -0.3846715340725365
v 1.1833716446149318 1.1333140799989125 -0.38142051469320504
v 1.2866352964551955 1.1040699308490405 -0.32406887610185486
v 1.269941677663027 1.0387476225262555 -0.32731989548118634
v 1.2285957816017852 1.1173190314998522 -0.29225494758735954
v 1.211902162809617 1.0519967231770673 -0.295505966966691
vt 0.72265625 0.6640625
vt 0.73046875 0.6640625
vt 0.73046875 0.66015625
vt 0.72265625 0.66015625
vt 0.73046875 0.3125
vt 0.734375 0.3125
vt 0.734375 0.30859375
vt 0.73046875 0.30859375
vt 0.72265625 0.66015625
vt 0.73046875 0.66015625
vt 0.73046875 0.65625
vt 0.72265625 0.65625
vt 0.69140625 0.26953125
vt 0.6953125 0.26953125
vt 0.6953125 0.265625
vt 0.69140625 0.265625
vt 0.73046875 0.65234375
vt 0.72265625 0.65234375
vt 0.72265625 0.65625
vt 0.73046875 0.65625
vt 0.73046875 0.65234375
vt 0.72265625 0.65234375
vt 0.72265625 0.6484375
vt 0.73046875 0.6484375
vn 0.24731287099508786 0.9677379010782947 0.04816325006417002
vn -0.4466581430800335 0.15797578764504064 -0.8806475763540292
vn -0.24731287099508786 -0.9677379010782947 -0.04816325006417002
vn 0.4466581430800335 -0.15797578764504064 0.8806475763540292
vn 0.8598446644949678 -0.19628297260461938 -0.47131745947400544
vn -0.8598446644949678 0.19628297260461938 0.47131745947400544
usemtl m_91fe65ba-4f97-40fd-8230-0084d13434eb
f 4060/12172/3043 4063/12171/3043 4061/12170/3043 4058/12169/3043
f 4059/12176/3044 4060/12175/3044 4058/12174/3044 4057/12173/3044
f 4064/12180/3045 4059/12179/3045 4057/12178/3045 4062/12177/3045
f 4063/12184/3046 4064/12183/3046 4062/12182/3046 4061/12181/3046
f 4062/12188/3047 4057/12187/3047 4058/12186/3047 4061/12185/3047
f 4063/12192/3048 4060/12191/3048 4059/12190/3048 4064/12189/3048
o cube
v 1.2449604900127802 1.0395895620705962 -0.3911467253718116
v 1.2658275135029908 1.1212424474740772 -0.38708295114764735
v 1.1724110964460173 1.056150937884111 -0.3513793147286923
v 1.1932781199362277 1.137803823287592 -0.34731554050452806
v 1.295976938160893 1.110579081808037 -0.3276392397437504
v 1.2751099146706824 1.028926196404556 -0.33170301396791474
v 1.22342754459413 1.1271404576215518 -0.28787182910063114
v 1.2025605211039194 1.0454875722180705 -0.2919356033247955
vt 0.73046875 0.30859375
vt 0.734375 0.30859375
vt 0.734375 0.3046875
vt 0.73046875 0.3046875
vt 0.6953125 0.26953125
vt 0.69921875 0.26953125
vt 0.69921875 0.265625
vt 0.6953125 0.265625
vt 0.73046875 0.3046875
vt 0.734375 0.3046875
vt 0.734375 0.30078125
vt 0.73046875 0.30078125
vt 0.69921875 0.26953125
vt 0.703125 0.26953125
vt 0.703125 0.265625
vt 0.69921875 0.265625
vt 0.734375 0.296875
vt 0.73046875 0.296875
vt 0.73046875 0.30078125
vt 0.734375 0.30078125
vt 0.70703125 0.26953125
vt 0.703125 0.26953125
vt 0.703125 0.265625
vt 0.70703125 0.265625
vn 0.24731287099508786 0.9677379010782947 0.04816325006417002
vn -0.4466581430800335 0.15797578764504064 -0.8806475763540292
vn -0.24731287099508786 -0.9677379010782947 -0.04816325006417002
vn 0.4466581430800335 -0.15797578764504064 0.8806475763540292
vn 0.8598446644949678 -0.19628297260461938 -0.47131745947400544
vn -0.8598446644949678 0.19628297260461938 0.47131745947400544
usemtl m_91fe65ba-4f97-40fd-8230-0084d13434eb
f 4068/12196/3049 4071/12195/3049 4069/12194/3049 4066/12193/3049
f 4067/12200/3050 4068/12199/3050 4066/12198/3050 4065/12197/3050
f 4072/12204/3051 4067/12203/3051 4065/12202/3051 4070/12201/3051
f 4071/12208/3052 4072/12207/3052 4070/12206/3052 4069/12205/3052
f 4070/12212/3053 4065/12211/3053 4066/12210/3053 4069/12209/3053
f 4071/12216/3054 4068/12215/3054 4067/12214/3054 4072/12213/3054
o cube
v 1.1342692667024667 1.0867327680234367 -0.5948165967987228
v 1.1509628854946352 1.1520550763462216 -0.5915655774193913
v 1.0762297518490567 1.0999818686742484 -0.5630026682842275
v 1.092923370641225 1.1653041769970334 -0.559751648904896
v 1.1961870224814886 1.1360600278471613 -0.5024000103135459
v 1.17949340368932 1.0707377195243764 -0.5056510296928773
v 1.1381475076280785 1.149309128497973 -0.4705860817990505
v 1.12145388883591 1.083986820175188 -0.47383710117838196
vt 0.72265625 0.6484375
vt 0.73046875 0.6484375
vt 0.73046875 0.64453125
vt 0.72265625 0.64453125
vt 0.73046875 0.296875
vt 0.734375 0.296875
vt 0.734375 0.29296875
vt 0.73046875 0.29296875
vt 0.72265625 0.64453125
vt 0.73046875 0.64453125
vt 0.73046875 0.640625
vt 0.72265625 0.640625
vt 0.70703125 0.26953125
vt 0.7109375 0.26953125
vt 0.7109375 0.265625
vt 0.70703125 0.265625
vt 0.3671875 0.2734375
vt 0.359375 0.2734375
vt 0.359375 0.27734375
vt 0.3671875 0.27734375
vt 0.73046875 0.640625
vt 0.72265625 0.640625
vt 0.72265625 0.63671875
vt 0.73046875 0.63671875
vn 0.24731287099508786 0.9677379010782947 0.04816325006417002
vn -0.4466581430800335 0.15797578764504064 -0.8806475763540292
vn -0.24731287099508786 -0.9677379010782947 -0.04816325006417002
vn 0.4466581430800335 -0.15797578764504064 0.8806475763540292
vn 0.8598446644949678 -0.19628297260461938 -0.47131745947400544
vn -0.8598446644949678 0.19628297260461938 0.47131745947400544
usemtl m_91fe65ba-4f97-40fd-8230-0084d13434eb
f 4076/12220/3055 4079/12219/3055 4077/12218/3055 4074/12217/3055
f 4075/12224/3056 4076/12223/3056 4074/12222/3056 4073/12221/3056
f 4080/12228/3057 4075/12227/3057 4073/12226/3057 4078/12225/3057
f 4079/12232/3058 4080/12231/3058 4078/12230/3058 4077/12229/3058
f 4078/12236/3059 4073/12235/3059 4074/12234/3059 4077/12233/3059
f 4079/12240/3060 4076/12239/3060 4075/12238/3060 4080/12237/3060
o cube
v 1.139437503710122 1.076911341901737 -0.5991997152854511
v 1.1603045272003327 1.1585642273052181 -0.5951359410612868
v 1.0668881101433592 1.093472717715252 -0.5594323046423318
v 1.0877551336335698 1.175125603118733 -0.5553685304181675
v 1.1904539518582349 1.147900861639178 -0.5356922296573899
v 1.1695869283680245 1.066247976235697 -0.5397560038815543
v 1.117904558291472 1.1644622374526927 -0.49592481901427066
v 1.0970375348012613 1.0828093520492117 -0.499988593238435
vt 0.73046875 0.29296875
vt 0.734375 0.29296875
vt 0.734375 0.2890625
vt 0.73046875 0.2890625
vt 0.7109375 0.26953125
vt 0.71484375 0.26953125
vt 0.71484375 0.265625
vt 0.7109375 0.265625
vt 0.73046875 0.2890625
vt 0.734375 0.2890625
vt 0.734375 0.28515625
vt 0.73046875 0.28515625
vt 0.71484375 0.26953125
vt 0.71875 0.26953125
vt 0.71875 0.265625
vt 0.71484375 0.265625
vt 0.734375 0.28125
vt 0.73046875 0.28125
vt 0.73046875 0.28515625
vt 0.734375 0.28515625
vt 0.72265625 0.26953125
vt 0.71875 0.26953125
vt 0.71875 0.265625
vt 0.72265625 0.265625
vn 0.24731287099508786 0.9677379010782947 0.04816325006417002
vn -0.4466581430800335 0.15797578764504064 -0.8806475763540292
vn -0.24731287099508786 -0.9677379010782947 -0.04816325006417002
vn 0.4466581430800335 -0.15797578764504064 0.8806475763540292
vn 0.8598446644949678 -0.19628297260461938 -0.47131745947400544
vn -0.8598446644949678 0.19628297260461938 0.47131745947400544
usemtl m_91fe65ba-4f97-40fd-8230-0084d13434eb
f 4084/12244/3061 4087/12243/3061 4085/12242/3061 4082/12241/3061
f 4083/12248/3062 4084/12247/3062 4082/12246/3062 4081/12245/3062
f 4088/12252/3063 4083/12251/3063 4081/12250/3063 4086/12249/3063
f 4087/12256/3064 4088/12255/3064 4086/12254/3064 4085/12253/3064
f 4086/12260/3065 4081/12259/3065 4082/12258/3065 4085/12257/3065
f 4087/12264/3066 4084/12263/3066 4083/12262/3066 4088/12261/3066
o cube
v 1.268116764651886 1.0292483160719423 -0.3022662837691368
v 1.2889837881420965 1.1109012014754236 -0.29820250954497246
v 1.221282803373675 1.0446251832629876 -0.37074454784891614
v 1.2421498268638855 1.1262780686664688 -0.3666807736247518
v 1.2353760989822753 1.122645105716857 -0.25890179229818405
v 1.2145090754920649 1.040992220313376 -0.26296556652234837
v 1.1885421377040644 1.1380219729079022 -0.3273800563779634
v 1.1676751142138537 1.0563690875044212 -0.33144383060212773
vt 0.73046875 0.3515625
vt 0.734375 0.3515625
vt 0.734375 0.34765625
vt 0.73046875 0.34765625
vt 0.65234375 0.26953125
vt 0.65625 0.26953125
vt 0.65625 0.265625
vt 0.65234375 0.265625
vt 0.73046875 0.34765625
vt 0.734375 0.34765625
vt 0.734375 0.34375
vt 0.73046875 0.34375
vt 0.65625 0.26953125
vt 0.66015625 0.26953125
vt 0.66015625 0.265625
vt 0.65625 0.265625
vt 0.734375 0.33984375
vt 0.73046875 0.33984375
vt 0.73046875 0.34375
vt 0.734375 0.34375
vt 0.6640625 0.26953125
vt 0.66015625 0.26953125
vt 0.66015625 0.265625
vt 0.6640625 0.265625
vn 0.24731287099508786 0.9677379010782947 0.04816325006417002
vn 0.7941879875529081 -0.17398376653975567 -0.5822328481005701
vn -0.24731287099508786 -0.9677379010782947 -0.04816325006417002
vn -0.7941879875529081 0.17398376653975567 0.5822328481005701
vn 0.5550691707047231 -0.18224435189386942 0.8115942409455323
vn -0.5550691707047231 0.18224435189386942 -0.8115942409455323
usemtl m_91fe65ba-4f97-40fd-8230-0084d13434eb
f 4092/12268/3067 4095/12267/3067 4093/12266/3067 4090/12265/3067
f 4091/12272/3068 4092/12271/3068 4090/12270/3068 4089/12269/3068
f 4096/12276/3069 4091/12275/3069 4089/12274/3069 4094/12273/3069
f 4095/12280/3070 4096/12279/3070 4094/12278/3070 4093/12277/3070
f 4094/12284/3071 4089/12283/3071 4090/12282/3071 4093/12281/3071
f 4095/12288/3072 4092/12287/3072 4091/12286/3072 4096/12285/3072
o cube
v 1.265520070873086 1.038951291331395 -0.3087077327546984
v 1.2822136896652545 1.10427359965418 -0.30545671337536695
v 1.2280529018505173 1.0512527850842313 -0.36349034401852176
v 1.2447465206426858 1.116575093407016 -0.3602393246391903
v 1.2018021559255225 1.1218894560163302 -0.2465056375051842
v 1.185108537133354 1.0565671476935452 -0.24975665688451568
v 1.1643349869029538 1.1341909497691662 -0.3012882487690075
v 1.1476413681107853 1.0688686414463815 -0.304539268148339
vt 0.72265625 0.6875
vt 0.73046875 0.6875
vt 0.73046875 0.68359375
vt 0.72265625 0.68359375
vt 0.73046875 0.33984375
vt 0.734375 0.33984375
vt 0.734375 0.3359375
vt 0.73046875 0.3359375
vt 0.72265625 0.68359375
vt 0.73046875 0.68359375
vt 0.73046875 0.6796875
vt 0.72265625 0.6796875
vt 0.6640625 0.26953125
vt 0.66796875 0.26953125
vt 0.66796875 0.265625
vt 0.6640625 0.265625
vt 0.328125 0.2734375
vt 0.3203125 0.2734375
vt 0.3203125 0.27734375
vt 0.328125 0.27734375
vt 0.73046875 0.6796875
vt 0.72265625 0.6796875
vt 0.72265625 0.67578125
vt 0.73046875 0.67578125
vn 0.24731287099508786 0.9677379010782947 0.04816325006417002
vn 0.7941879875529081 -0.17398376653975567 -0.5822328481005701
vn -0.24731287099508786 -0.9677379010782947 -0.04816325006417002
vn -0.7941879875529081 0.17398376653975567 0.5822328481005701
vn 0.5550691707047231 -0.18224435189386942 0.8115942409455323
vn -0.5550691707047231 0.18224435189386942 -0.8115942409455323
usemtl m_91fe65ba-4f97-40fd-8230-0084d13434eb
f 4100/12292/3073 4103/12291/3073 4101/12290/3073 4098/12289/3073
f 4099/12296/3074 4100/12295/3074 4098/12294/3074 4097/12293/3074
f 4104/12300/3075 4099/12299/3075 4097/12298/3075 4102/12297/3075
f 4103/12304/3076 4104/12303/3076 4102/12302/3076 4101/12301/3076
f 4102/12308/3077 4097/12307/3077 4098/12306/3077 4101/12305/3077
f 4103/12312/3078 4100/12311/3078 4099/12310/3078 4104/12309/3078
o cube
v 1.0804898525925115 1.0703519809169595 -0.16471377340537716
v 1.1013568760827221 1.1520048663204407 -0.16064999918121284
v 1.0336558913143006 1.0857288481080047 -0.23319203748515652
v 1.054522914804511 1.167381733511486 -0.2291282632609922
v 1.0477491869229008 1.163748770561874 -0.12134928193442433
v 1.0268821634326903 1.082095885158393 -0.12541305615858866
v 1.0009152256446898 1.1791256377529193 -0.18982754601420368
v 0.9800482021544792 1.0974727523494383 -0.19389132023836803
vt 0.73046875 0.3359375
vt 0.734375 0.3359375
vt 0.734375 0.33203125
vt 0.73046875 0.33203125
vt 0.66796875 0.26953125
vt 0.671875 0.26953125
vt 0.671875 0.265625
vt 0.66796875 0.265625
vt 0.73046875 0.33203125
vt 0.734375 0.33203125
vt 0.734375 0.328125
vt 0.73046875 0.328125
vt 0.671875 0.26953125
vt 0.67578125 0.26953125
vt 0.67578125 0.265625
vt 0.671875 0.265625
vt 0.734375 0.32421875
vt 0.73046875 0.32421875
vt 0.73046875 0.328125
vt 0.734375 0.328125
vt 0.6796875 0.26953125
vt 0.67578125 0.26953125
vt 0.67578125 0.265625
vt 0.6796875 0.265625
vn 0.24731287099508786 0.9677379010782947 0.04816325006417002
vn 0.7941879875529081 -0.17398376653975567 -0.5822328481005701
vn -0.24731287099508786 -0.9677379010782947 -0.04816325006417002
vn -0.7941879875529081 0.17398376653975567 0.5822328481005701
vn 0.5550691707047231 -0.18224435189386942 0.8115942409455323
vn -0.5550691707047231 0.18224435189386942 -0.8115942409455323
usemtl m_91fe65ba-4f97-40fd-8230-0084d13434eb
f 4108/12316/3079 4111/12315/3079 4109/12314/3079 4106/12313/3079
f 4107/12320/3080 4108/12319/3080 4106/12318/3080 4105/12317/3080
f 4112/12324/3081 4107/12323/3081 4105/12322/3081 4110/12321/3081
f 4111/12328/3082 4112/12327/3082 4110/12326/3082 4109/12325/3082
f 4110/12332/3083 4105/12331/3083 4106/12330/3083 4109/12329/3083
f 4111/12336/3084 4108/12335/3084 4107/12334/3084 4112/12333/3084
o cube
v 1.104697003393622 1.0741830040556954 -0.19080558101433298
v 1.1213906221857906 1.1395053123784804 -0.1875545616350015
v 1.0672298343710533 1.0864844978085317 -0.24558819227815631
v 1.0839234531632218 1.1518068061313165 -0.24233717289882484
v 1.0409790884460586 1.1571211687406306 -0.12860348576481875
v 1.0242854696538901 1.0917988604178457 -0.1318545051441502
v 1.0035119194234898 1.1694226624934667 -0.1833860970286421
v 0.9868183006313214 1.104100354170682 -0.18663711640797354
vt 0.72265625 0.67578125
vt 0.73046875 0.67578125
vt 0.73046875 0.671875
vt 0.72265625 0.671875
vt 0.73046875 0.32421875
vt 0.734375 0.32421875
vt 0.734375 0.3203125
vt 0.73046875 0.3203125
vt 0.328125 0.27734375
vt 0.3359375 0.27734375
vt 0.3359375 0.2734375
vt 0.328125 0.2734375
vt 0.6796875 0.26953125
vt 0.68359375 0.26953125
vt 0.68359375 0.265625
vt 0.6796875 0.265625
vt 0.73046875 0.66796875
vt 0.72265625 0.66796875
vt 0.72265625 0.671875
vt 0.73046875 0.671875
vt 0.73046875 0.66796875
vt 0.72265625 0.66796875
vt 0.72265625 0.6640625
vt 0.73046875 0.6640625
vn 0.24731287099508786 0.9677379010782947 0.04816325006417002
vn 0.7941879875529081 -0.17398376653975567 -0.5822328481005701
vn -0.24731287099508786 -0.9677379010782947 -0.04816325006417002
vn -0.7941879875529081 0.17398376653975567 0.5822328481005701
vn 0.5550691707047231 -0.18224435189386942 0.8115942409455323
vn -0.5550691707047231 0.18224435189386942 -0.8115942409455323
usemtl m_91fe65ba-4f97-40fd-8230-0084d13434eb
f 4116/12340/3085 4119/12339/3085 4117/12338/3085 4114/12337/3085
f 4115/12344/3086 4116/12343/3086 4114/12342/3086 4113/12341/3086
f 4120/12348/3087 4115/12347/3087 4113/12346/3087 4118/12345/3087
f 4119/12352/3088 4120/12351/3088 4118/12350/3088 4117/12349/3088
f 4118/12356/3089 4113/12355/3089 4114/12354/3089 4117/12353/3089
f 4119/12360/3090 4116/12359/3090 4115/12358/3090 4120/12357/3090
o cube
v 1.182511843354554 1.0662701229529978 -0.2561981058700771
v 1.1950320574486804 1.1152618541950865 -0.2537598413355785
v 1.1544114665876273 1.075496243267625 -0.29728506431794477
v 1.1669316806817538 1.1244879745097136 -0.2948467997834462
v 1.0342089899692166 1.150493566919387 -0.13585768959521302
v 1.02168877587509 1.1015018356772983 -0.13829595412971163
v 1.0061086132022898 1.159719687234014 -0.17694464804308072
v 0.9935883991081635 1.1107279559919254 -0.17938291257757932
vt 0.703125 0.29296875
vt 0.71484375 0.29296875
vt 0.71484375 0.2890625
vt 0.703125 0.2890625
vt 0.73046875 0.3203125
vt 0.734375 0.3203125
vt 0.734375 0.31640625
vt 0.73046875 0.31640625
vt 0.7109375 0.890625
vt 0.72265625 0.890625
vt 0.72265625 0.88671875
vt 0.7109375 0.88671875
vt 0.68359375 0.26953125
vt 0.6875 0.26953125
vt 0.6875 0.265625
vt 0.68359375 0.265625
vt 0.72265625 0.8828125
vt 0.7109375 0.8828125
vt 0.7109375 0.88671875
vt 0.72265625 0.88671875
vt 0.72265625 0.8828125
vt 0.7109375 0.8828125
vt 0.7109375 0.87890625
vt 0.72265625 0.87890625
vn 0.24731287099508786 0.9677379010782947 0.04816325006417002
vn 0.7941879875529081 -0.17398376653975567 -0.5822328481005701
vn -0.24731287099508786 -0.9677379010782947 -0.04816325006417002
vn -0.7941879875529081 0.17398376653975567 0.5822328481005701
vn 0.5550691707047231 -0.18224435189386942 0.8115942409455323
vn -0.5550691707047231 0.18224435189386942 -0.8115942409455323
usemtl m_91fe65ba-4f97-40fd-8230-0084d13434eb
f 4124/12364/3091 4127/12363/3091 4125/12362/3091 4122/12361/3091
f 4123/12368/3092 4124/12367/3092 4122/12366/3092 4121/12365/3092
f 4128/12372/3093 4123/12371/3093 4121/12370/3093 4126/12369/3093
f 4127/12376/3094 4128/12375/3094 4126/12374/3094 4125/12373/3094
f 4126/12380/3095 4121/12379/3095 4122/12378/3095 4125/12377/3095
f 4127/12384/3096 4124/12383/3096 4123/12382/3096 4128/12381/3096
o cube
v 0.947413214358596 1.322412491713262 -0.6757118611296011
v 0.9479917436470018 1.371984926987687 -0.665458588977483
v 0.9481143229747848 1.3121516869735055 -0.6261425666238196
v 0.9486928522631906 1.3617241222479304 -0.6158892944717014
v 1.1504590990629608 1.3702870598289925 -0.6686737465131608
v 1.149880569774555 1.3207146245545673 -0.6789270186652789
v 1.1511602076791496 1.360026255089236 -0.6191044520073792
v 1.1505816783907439 1.3104538198148108 -0.6293577241594974
vt 0.7109375 0.81640625
vt 0.72265625 0.81640625
vt 0.72265625 0.8125
vt 0.7109375 0.8125
vt 0.1015625 0.265625
vt 0.10546875 0.265625
vt 0.10546875 0.26171875
vt 0.1015625 0.26171875
vt 0.7109375 0.8125
vt 0.72265625 0.8125
vt 0.72265625 0.80859375
vt 0.7109375 0.80859375
vt 0.734375 0.8984375
vt 0.73828125 0.8984375
vt 0.73828125 0.89453125
vt 0.734375 0.89453125
vt 0.72265625 0.8046875
vt 0.7109375 0.8046875
vt 0.7109375 0.80859375
vt 0.72265625 0.80859375
vt 0.72265625 0.8046875
vt 0.7109375 0.8046875
vt 0.7109375 0.80078125
vt 0.72265625 0.80078125
vn 0.011427739030237808 0.9792085980133332 0.20253377090603816
vn -0.9998387921775745 0.008384529178738645 0.015877321163840913
vn -0.011427739030237808 -0.9792085980133332 -0.20253377090603816
vn 0.9998387921775745 -0.008384529178738645 -0.015877321163840913
vn -0.013849059085210572 0.2026825627606222 -0.9791465581388932
vn 0.013849059085210572 -0.2026825627606222 0.9791465581388932
usemtl m_91fe65ba-4f97-40fd-8230-0084d13434eb
f 4132/12388/3097 4135/12387/3097 4133/12386/3097 4130/12385/3097
f 4131/12392/3098 4132/12391/3098 4130/12390/3098 4129/12389/3098
f 4136/12396/3099 4131/12395/3099 4129/12394/3099 4134/12393/3099
f 4135/12400/3100 4136/12399/3100 4134/12398/3100 4133/12397/3100
f 4134/12404/3101 4129/12403/3101 4130/12402/3101 4133/12401/3101
f 4135/12408/3102 4132/12407/3102 4131/12406/3102 4136/12405/3102
o cube
v 1.0484336190824763 1.3150116197114698 -0.6872898676737565
v 1.0492049914670174 1.38110820007737 -0.673618838137599
v 1.049368430570728 1.301330546725128 -0.6211974749993814
v 1.050139802955269 1.3674271270910279 -0.6075264454632239
v 1.150438669174997 1.3802592664980227 -0.6752264169054379
v 1.149667296790456 1.3141626861321227 -0.6888974464415955
v 1.1513734806632487 1.3665781935116805 -0.6091340242310628
v 1.1506021082787077 1.3004816131457806 -0.6228050537672203
vt 0.72265625 0.5859375
vt 0.73046875 0.5859375
vt 0.73046875 0.58203125
vt 0.72265625 0.58203125
vt 0.10546875 0.265625
vt 0.109375 0.265625
vt 0.109375 0.26171875
vt 0.10546875 0.26171875
vt 0.72265625 0.58203125
vt 0.73046875 0.58203125
vt 0.73046875 0.578125
vt 0.72265625 0.578125
vt 0.734375 0.89453125
vt 0.73828125 0.89453125
vt 0.73828125 0.890625
vt 0.734375 0.890625
vt 0.4296875 0.2734375
vt 0.421875 0.2734375
vt 0.421875 0.27734375
vt 0.4296875 0.27734375
vt 0.73046875 0.578125
vt 0.72265625 0.578125
vt 0.72265625 0.57421875
vt 0.73046875 0.57421875
vn 0.011427739030237808 0.9792085980133332 0.20253377090603816
vn -0.9998387921775745 0.008384529178738645 0.015877321163840913
vn -0.011427739030237808 -0.9792085980133332 -0.20253377090603816
vn 0.9998387921775745 -0.008384529178738645 -0.015877321163840913
vn -0.013849059085210572 0.2026825627606222 -0.9791465581388932
vn 0.013849059085210572 -0.2026825627606222 0.9791465581388932
usemtl m_91fe65ba-4f97-40fd-8230-0084d13434eb
f 4140/12412/3103 4143/12411/3103 4141/12410/3103 4138/12409/3103
f 4139/12416/3104 4140/12415/3104 4138/12414/3104 4137/12413/3104
f 4144/12420/3105 4139/12419/3105 4137/12418/3105 4142/12417/3105
f 4143/12424/3106 4144/12423/3106 4142/12422/3106 4141/12421/3106
f 4142/12428/3107 4137/12427/3107 4138/12426/3107 4141/12425/3107
f 4143/12432/3108 4140/12431/3108 4139/12430/3108 4144/12429/3108
o cube
v 0.913843359487475 1.3259425789771941 -0.6658891252408128
v 0.9143061829181997 1.3656005271967342 -0.6576865075191182
v 0.9144042463804261 1.317733935185389 -0.6262336896361874
v 0.9148670698111506 1.357391883404929 -0.6180310719144928
v 0.9480507421541927 1.3653175493369518 -0.6582223671083979
v 0.9475879187234681 1.3256596011174118 -0.6664249848300924
v 0.9486116290471438 1.3571089055451464 -0.6185669315037725
v 0.9481488056164191 1.3174509573256066 -0.626769549225467
vt 0.109375 0.265625
vt 0.11328125 0.265625
vt 0.11328125 0.26171875
vt 0.109375 0.26171875
vt 0.734375 0.890625
vt 0.73828125 0.890625
vt 0.73828125 0.88671875
vt 0.734375 0.88671875
vt 0.11328125 0.265625
vt 0.1171875 0.265625
vt 0.1171875 0.26171875
vt 0.11328125 0.26171875
vt 0.734375 0.88671875
vt 0.73828125 0.88671875
vt 0.73828125 0.8828125
vt 0.734375 0.8828125
vt 0.12109375 0.26171875
vt 0.1171875 0.26171875
vt 0.1171875 0.265625
vt 0.12109375 0.265625
vt 0.73828125 0.8828125
vt 0.734375 0.8828125
vt 0.734375 0.87890625
vt 0.73828125 0.87890625
vn 0.011427739030237808 0.9792085980133332 0.20253377090603816
vn -0.9998387921775745 0.008384529178738645 0.015877321163840913
vn -0.011427739030237808 -0.9792085980133332 -0.20253377090603816
vn 0.9998387921775745 -0.008384529178738645 -0.015877321163840913
vn -0.013849059085210572 0.2026825627606222 -0.9791465581388932
vn 0.013849059085210572 -0.2026825627606222 0.9791465581388932
usemtl m_91fe65ba-4f97-40fd-8230-0084d13434eb
f 4148/12436/3109 4151/12435/3109 4149/12434/3109 4146/12433/3109
f 4147/12440/3110 4148/12439/3110 4146/12438/3110 4145/12437/3110
f 4152/12444/3111 4147/12443/3111 4145/12442/3111 4150/12441/3111
f 4151/12448/3112 4152/12447/3112 4150/12446/3112 4149/12445/3112
f 4150/12452/3113 4145/12451/3113 4146/12450/3113 4149/12449/3113
f 4151/12456/3114 4148/12455/3114 4147/12454/3114 4152/12453/3114
o cube
v 1.0819649053343707 1.3081767034292429 -0.6977961550393529
v 1.0829291208150469 1.3907974288866178 -0.680707368119156
v 1.0831334196946854 1.2910753621963151 -0.6151806641963837
v 1.0840976351753615 1.3736960876536901 -0.5980918772761867
v 1.150418239287033 1.3902314731670529 -0.6817790872977152
v 1.1494540238063569 1.307610747709678 -0.6988678742179122
v 1.1515867536473479 1.3731301319341254 -0.599163596454746
v 1.1506225381666715 1.2905094064767504 -0.616252383374943
vt 0.12109375 0.265625
vt 0.125 0.265625
vt 0.125 0.26171875
vt 0.12109375 0.26171875
vt 0.734375 0.87890625
vt 0.73828125 0.87890625
vt 0.73828125 0.875
vt 0.734375 0.875
vt 0.125 0.265625
vt 0.12890625 0.265625
vt 0.12890625 0.26171875
vt 0.125 0.26171875
vt 0.734375 0.875
vt 0.73828125 0.875
vt 0.73828125 0.87109375
vt 0.734375 0.87109375
vt 0.1328125 0.26171875
vt 0.12890625 0.26171875
vt 0.12890625 0.265625
vt 0.1328125 0.265625
vt 0.73828125 0.87109375
vt 0.734375 0.87109375
vt 0.734375 0.8671875
vt 0.73828125 0.8671875
vn 0.011427739030237808 0.9792085980133332 0.20253377090603816
vn -0.9998387921775745 0.008384529178738645 0.015877321163840913
vn -0.011427739030237808 -0.9792085980133332 -0.20253377090603816
vn 0.9998387921775745 -0.008384529178738645 -0.015877321163840913
vn -0.013849059085210572 0.2026825627606222 -0.9791465581388932
vn 0.013849059085210572 -0.2026825627606222 0.9791465581388932
usemtl m_91fe65ba-4f97-40fd-8230-0084d13434eb
f 4156/12460/3115 4159/12459/3115 4157/12458/3115 4154/12457/3115
f 4155/12464/3116 4156/12463/3116 4154/12462/3116 4153/12461/3116
f 4160/12468/3117 4155/12467/3117 4153/12466/3117 4158/12465/3117
f 4159/12472/3118 4160/12471/3118 4158/12470/3118 4157/12469/3118
f 4158/12476/3119 4153/12475/3119 4154/12474/3119 4157/12473/3119
f 4159/12480/3120 4156/12479/3120 4155/12478/3120 4160/12477/3120
o cube
v 0.8971072156151234 1.3260263482929402 -0.657017870623472
v 0.8974929018073939 1.35907463847589 -0.6501823558553932
v 0.8977615836568996 1.3164495972025008 -0.6107531957514093
v 0.8981472698491701 1.3494978873854508 -0.6039176809833305
v 0.9143651814253905 1.3589331495459989 -0.650450285650033
v 0.9139794952331199 1.325884859363049 -0.6572858004181118
v 0.9150195494671667 1.3493563984555594 -0.6041856107779703
v 0.9146338632748962 1.3163081082726096 -0.611021125546049
vt 0.1328125 0.265625
vt 0.13671875 0.265625
vt 0.13671875 0.26171875
vt 0.1328125 0.26171875
vt 0.734375 0.8671875
vt 0.73828125 0.8671875
vt 0.73828125 0.86328125
vt 0.734375 0.86328125
vt 0.13671875 0.265625
vt 0.140625 0.265625
vt 0.140625 0.26171875
vt 0.13671875 0.26171875
vt 0.734375 0.86328125
vt 0.73828125 0.86328125
vt 0.73828125 0.859375
vt 0.734375 0.859375
vt 0.14453125 0.26171875
vt 0.140625 0.26171875
vt 0.140625 0.265625
vt 0.14453125 0.265625
vt 0.73828125 0.859375
vt 0.734375 0.859375
vt 0.734375 0.85546875
vt 0.73828125 0.85546875
vn 0.011427739030237808 0.9792085980133332 0.20253377090603816
vn -0.9998387921775745 0.008384529178738645 0.015877321163840913
vn -0.011427739030237808 -0.9792085980133332 -0.20253377090603816
vn 0.9998387921775745 -0.008384529178738645 -0.015877321163840913
vn -0.013849059085210572 0.2026825627606222 -0.9791465581388932
vn 0.013849059085210572 -0.2026825627606222 0.9791465581388932
usemtl m_91fe65ba-4f97-40fd-8230-0084d13434eb
f 4164/12484/3121 4167/12483/3121 4165/12482/3121 4162/12481/3121
f 4163/12488/3122 4164/12487/3122 4162/12486/3122 4161/12485/3122
f 4168/12492/3123 4163/12491/3123 4161/12490/3123 4166/12489/3123
f 4167/12496/3124 4168/12495/3124 4166/12494/3124 4165/12493/3124
f 4166/12500/3125 4161/12499/3125 4162/12498/3125 4165/12497/3125
f 4167/12504/3126 4164/12503/3126 4163/12502/3126 4168/12501/3126
o cube
v 1.1568877130537416 1.298268324450303 -0.5707992029781794
v 1.1574662423421473 1.347840759724728 -0.5605459308260613
v 1.1062772402725216 1.299050629587457 -0.5717258466711848
v 1.1068557695609273 1.3486230648618822 -0.5614725745190667
v 1.1532029596184965 1.3068817978950473 -0.3622773305227028
v 1.1526244303300908 1.2573093626206222 -0.37253060267482097
v 1.1025924868372765 1.3076641030322016 -0.36320397421570816
v 1.1020139575488708 1.2580916677577765 -0.37345724636782635
vt 0.7109375 0.83203125
vt 0.72265625 0.83203125
vt 0.72265625 0.828125
vt 0.7109375 0.828125
vt 0.06640625 0.265625
vt 0.0703125 0.265625
vt 0.0703125 0.26171875
vt 0.06640625 0.26171875
vt 0.7109375 0.828125
vt 0.72265625 0.828125
vt 0.72265625 0.82421875
vt 0.7109375 0.82421875
vt 0.734375 0.93359375
vt 0.73828125 0.93359375
vt 0.73828125 0.9296875
vt 0.734375 0.9296875
vt 0.72265625 0.8203125
vt 0.7109375 0.8203125
vt 0.7109375 0.82421875
vt 0.72265625 0.82421875
vt 0.72265625 0.8203125
vt 0.7109375 0.8203125
vt 0.7109375 0.81640625
vt 0.72265625 0.81640625
vn 0.011427739030237808 0.9792085980133332 0.20253377090603814
vn 0.02105324801802863 0.2022664781712626 -0.9791041990289316
vn -0.011427739030237808 -0.9792085980133332 -0.20253377090603814
vn -0.02105324801802863 -0.2022664781712626 0.9791041990289316
vn 0.9997130425919972 -0.01545294098082408 0.01830407294825446
vn -0.9997130425919972 0.01545294098082408 -0.01830407294825446
usemtl m_91fe65ba-4f97-40fd-8230-0084d13434eb
f 4172/12508/3127 4175/12507/3127 4173/12506/3127 4170/12505/3127
f 4171/12512/3128 4172/12511/3128 4170/12510/3128 4169/12509/3128
f 4176/12516/3129 4171/12515/3129 4169/12514/3129 4174/12513/3129
f 4175/12520/3130 4176/12519/3130 4174/12518/3130 4173/12517/3130
f 4174/12524/3131 4169/12523/3131 4170/12522/3131 4173/12521/3131
f 4175/12528/3132 4172/12527/3132 4171/12526/3132 4176/12525/3132
o cube
v 1.1630947289407185 1.2693963868001994 -0.473219340903019
v 1.1638661013252596 1.3354929671660993 -0.4595483113668615
v 1.0956140985657588 1.270439460316405 -0.4744548658270262
v 1.0963854709502998 1.336536040682305 -0.4607838362908686
v 1.161734459963434 1.315013486251259 -0.3604140112151821
v 1.160963087578893 1.248916905885359 -0.37408504075133964
v 1.0942538295884743 1.3160565597674647 -0.36164953613918926
v 1.0934824572039332 1.2499599794015648 -0.37532056567534683
vt 0.72265625 0.60546875
vt 0.73046875 0.60546875
vt 0.73046875 0.6015625
vt 0.72265625 0.6015625
vt 0.0703125 0.265625
vt 0.07421875 0.265625
vt 0.07421875 0.26171875
vt 0.0703125 0.26171875
vt 0.3984375 0.27734375
vt 0.40625 0.27734375
vt 0.40625 0.2734375
vt 0.3984375 0.2734375
vt 0.734375 0.9296875
vt 0.73828125 0.9296875
vt 0.73828125 0.92578125
vt 0.734375 0.92578125
vt 0.73046875 0.59765625
vt 0.72265625 0.59765625
vt 0.72265625 0.6015625
vt 0.73046875 0.6015625
vt 0.73046875 0.59765625
vt 0.72265625 0.59765625
vt 0.72265625 0.59375
vt 0.73046875 0.59375
vn 0.011427739030237808 0.9792085980133332 0.20253377090603814
vn 0.02105324801802863 0.2022664781712626 -0.9791041990289316
vn -0.011427739030237808 -0.9792085980133332 -0.20253377090603814
vn -0.02105324801802863 -0.2022664781712626 0.9791041990289316
vn 0.9997130425919972 -0.01545294098082408 0.01830407294825446
vn -0.9997130425919972 0.01545294098082408 -0.01830407294825446
usemtl m_91fe65ba-4f97-40fd-8230-0084d13434eb
f 4180/12532/3133 4183/12531/3133 4181/12530/3133 4178/12529/3133
f 4179/12536/3134 4180/12535/3134 4178/12534/3134 4177/12533/3134
f 4184/12540/3135 4179/12539/3135 4177/12538/3135 4182/12537/3135
f 4183/12544/3136 4184/12543/3136 4182/12542/3136 4181/12541/3136
f 4182/12548/3137 4177/12547/3137 4178/12546/3137 4181/12545/3137
f 4183/12552/3138 4180/12551/3138 4179/12550/3138 4184/12549/3138
o cube
v 1.1707228390689124 1.254177436426656 -0.4417290122623113
v 1.1716870545495888 1.336798161884031 -0.42464022534211443
v 1.0863720511002126 1.2554812783219131 -0.4432734184173203
v 1.0873362665808888 1.3381020037792881 -0.4261846314971234
v 1.1702659603083718 1.323145174607471 -0.35855069190766153
v 1.1693017448276954 1.240524449150096 -0.3756394788278585
v 1.0859151723396718 1.3244490165027278 -0.3600950980626705
v 1.0849509568589957 1.2418282910453529 -0.3771838849828675
vt 0.07421875 0.265625
vt 0.078125 0.265625
vt 0.078125 0.26171875
vt 0.07421875 0.26171875
vt 0.734375 0.92578125
vt 0.73828125 0.92578125
vt 0.73828125 0.921875
vt 0.734375 0.921875
vt 0.078125 0.265625
vt 0.08203125 0.265625
vt 0.08203125 0.26171875
vt 0.078125 0.26171875
vt 0.734375 0.921875
vt 0.73828125 0.921875
vt 0.73828125 0.91796875
vt 0.734375 0.91796875
vt 0.0859375 0.26171875
vt 0.08203125 0.26171875
vt 0.08203125 0.265625
vt 0.0859375 0.265625
vt 0.73828125 0.91796875
vt 0.734375 0.91796875
vt 0.734375 0.9140625
vt 0.73828125 0.9140625
vn 0.011427739030237808 0.9792085980133332 0.20253377090603814
vn 0.02105324801802863 0.2022664781712626 -0.9791041990289316
vn -0.011427739030237808 -0.9792085980133332 -0.20253377090603814
vn -0.02105324801802863 -0.2022664781712626 0.9791041990289316
vn 0.9997130425919972 -0.01545294098082408 0.01830407294825446
vn -0.9997130425919972 0.01545294098082408 -0.01830407294825446
usemtl m_91fe65ba-4f97-40fd-8230-0084d13434eb
f 4188/12556/3139 4191/12555/3139 4189/12554/3139 4186/12553/3139
f 4187/12560/3140 4188/12559/3140 4186/12558/3140 4185/12557/3140
f 4192/12564/3141 4187/12563/3141 4185/12562/3141 4190/12561/3141
f 4191/12568/3142 4192/12567/3142 4190/12566/3142 4189/12565/3142
f 4190/12572/3143 4185/12571/3143 4186/12570/3143 4189/12569/3143
f 4191/12576/3144 4188/12575/3144 4187/12574/3144 4192/12573/3144
o cube
v 1.1673580116643694 1.3103553486298802 -0.6714879412063777
v 1.1681293840489104 1.3764519289957802 -0.65781691167022
v 1.0998773812894098 1.3113984221460857 -0.6727234661303848
v 1.1006487536739509 1.3774950025119856 -0.6590524365942273
v 1.1659977426870851 1.3559724480809399 -0.5586826115185407
v 1.165226370302544 1.2898758677150397 -0.5723536410546983
v 1.0985171123121253 1.3570155215971453 -0.5599181364425478
v 1.0977457399275843 1.2909189412312454 -0.5735891659787055
vt 0.40625 0.27734375
vt 0.4140625 0.27734375
vt 0.4140625 0.2734375
vt 0.40625 0.2734375
vt 0.0859375 0.265625
vt 0.08984375 0.265625
vt 0.08984375 0.26171875
vt 0.0859375 0.26171875
vt 0.72265625 0.59375
vt 0.73046875 0.59375
vt 0.73046875 0.58984375
vt 0.72265625 0.58984375
vt 0.734375 0.9140625
vt 0.73828125 0.9140625
vt 0.73828125 0.91015625
vt 0.734375 0.91015625
vt 0.73046875 0.5859375
vt 0.72265625 0.5859375
vt 0.72265625 0.58984375
vt 0.73046875 0.58984375
vt 0.421875 0.27734375
vt 0.4140625 0.27734375
vt 0.4140625 0.2734375
vt 0.421875 0.2734375
vn 0.011427739030237808 0.9792085980133332 0.20253377090603814
vn 0.02105324801802863 0.2022664781712626 -0.9791041990289316
vn -0.011427739030237808 -0.9792085980133332 -0.20253377090603814
vn -0.02105324801802863 -0.2022664781712626 0.9791041990289316
vn 0.9997130425919972 -0.01545294098082408 0.01830407294825446
vn -0.9997130425919972 0.01545294098082408 -0.01830407294825446
usemtl m_91fe65ba-4f97-40fd-8230-0084d13434eb
f 4196/12580/3145 4199/12579/3145 4197/12578/3145 4194/12577/3145
f 4195/12584/3146 4196/12583/3146 4194/12582/3146 4193/12581/3146
f 4200/12588/3147 4195/12587/3147 4193/12586/3147 4198/12585/3147
f 4199/12592/3148 4200/12591/3148 4198/12590/3148 4197/12589/3148
f 4198/12596/3149 4193/12595/3149 4194/12594/3149 4197/12593/3149
f 4199/12600/3150 4196/12599/3150 4195/12598/3150 4200/12597/3150
o cube
v 1.1756966689131718 1.301962891894617 -0.6730423792828963
v 1.1766608843938482 1.3845836173519919 -0.6559535923626993
v 1.091345880944472 1.303266733789874 -0.6745867854379053
v 1.0923100964251484 1.385887459247249 -0.6574979985177083
v 1.1752397901526312 1.3709306300754316 -0.5898640589282467
v 1.1742755746719549 1.2883099046180566 -0.6069528458484436
v 1.0908890021839315 1.3722344719706887 -0.5914084650832556
v 1.089924786703255 1.2896137465133137 -0.6084972520034526
vt 0.08984375 0.265625
vt 0.09375 0.265625
vt 0.09375 0.26171875
vt 0.08984375 0.26171875
vt 0.734375 0.91015625
vt 0.73828125 0.91015625
vt 0.73828125 0.90625
vt 0.734375 0.90625
vt 0.09375 0.265625
vt 0.09765625 0.265625
vt 0.09765625 0.26171875
vt 0.09375 0.26171875
vt 0.734375 0.90625
vt 0.73828125 0.90625
vt 0.73828125 0.90234375
vt 0.734375 0.90234375
vt 0.1015625 0.26171875
vt 0.09765625 0.26171875
vt 0.09765625 0.265625
vt 0.1015625 0.265625
vt 0.73828125 0.90234375
vt 0.734375 0.90234375
vt 0.734375 0.8984375
vt 0.73828125 0.8984375
vn 0.011427739030237808 0.9792085980133332 0.20253377090603814
vn 0.02105324801802863 0.2022664781712626 -0.9791041990289316
vn -0.011427739030237808 -0.9792085980133332 -0.20253377090603814
vn -0.02105324801802863 -0.2022664781712626 0.9791041990289316
vn 0.9997130425919972 -0.01545294098082408 0.01830407294825446
vn -0.9997130425919972 0.01545294098082408 -0.01830407294825446
usemtl m_91fe65ba-4f97-40fd-8230-0084d13434eb
f 4204/12604/3151 4207/12603/3151 4205/12602/3151 4202/12601/3151
f 4203/12608/3152 4204/12607/3152 4202/12606/3152 4201/12605/3152
f 4208/12612/3153 4203/12611/3153 4201/12610/3153 4206/12609/3153
f 4207/12616/3154 4208/12615/3154 4206/12614/3154 4205/12613/3154
f 4206/12620/3155 4201/12619/3155 4202/12618/3155 4205/12617/3155
f 4207/12624/3156 4204/12623/3156 4203/12622/3156 4208/12621/3156
o cube
v 1.1696357866290772 1.2406844170201685 -0.3764317380920526
v 1.1706000021097533 1.3233051424775435 -0.35934295117185566
v 1.1086459590095101 1.2531754907362567 -0.433382195766726
v 1.1096101744901865 1.3357962161936316 -0.41629340884652904
v 1.1239630084471781 1.3139437946321504 -0.31145134451020295
v 1.1229987929665017 1.2313230691747754 -0.32854013143039984
v 1.062973180827611 1.3264348683482385 -0.3684018021848763
v 1.0620089653469347 1.2438141428908636 -0.3854905891050733
vt 0.03125 0.265625
vt 0.03515625 0.265625
vt 0.03515625 0.26171875
vt 0.03125 0.26171875
vt 0.734375 0.96875
vt 0.73828125 0.96875
vt 0.73828125 0.96484375
vt 0.734375 0.96484375
vt 0.03515625 0.265625
vt 0.0390625 0.265625
vt 0.0390625 0.26171875
vt 0.03515625 0.26171875
vt 0.734375 0.96484375
vt 0.73828125 0.96484375
vt 0.73828125 0.9609375
vt 0.734375 0.9609375
vt 0.04296875 0.26171875
vt 0.0390625 0.26171875
vt 0.0390625 0.265625
vt 0.04296875 0.265625
vt 0.73828125 0.9609375
vt 0.734375 0.9609375
vt 0.734375 0.95703125
vt 0.73828125 0.95703125
vn 0.011427739030237792 0.9792085980133332 0.20253377090603814
vn 0.6909184246307457 0.1386866347465641 -0.709505283876337
vn -0.011427739030237792 -0.9792085980133332 -0.20253377090603814
vn -0.6909184246307457 -0.1386866347465641 0.709505283876337
vn 0.7228424014170899 -0.1480423551536377 0.6749683872553878
vn -0.7228424014170899 0.1480423551536377 -0.6749683872553878
usemtl m_91fe65ba-4f97-40fd-8230-0084d13434eb
f 4212/12628/3157 4215/12627/3157 4213/12626/3157 4210/12625/3157
f 4211/12632/3158 4212/12631/3158 4210/12630/3158 4209/12629/3158
f 4216/12636/3159 4211/12635/3159 4209/12634/3159 4214/12633/3159
f 4215/12640/3160 4216/12639/3160 4214/12638/3160 4213/12637/3160
f 4214/12644/3161 4209/12643/3161 4210/12642/3161 4213/12641/3161
f 4215/12648/3162 4212/12647/3162 4211/12646/3162 4216/12645/3162
o cube
v 1.163633225415188 1.250195596937515 -0.3804179051675003
v 1.164404597799729 1.3162921773034149 -0.3667468756313428
v 1.1148413633195344 1.2601884559103853 -0.4259782713072389
v 1.1156127357040755 1.3262850362762855 -0.41230724177108136
v 1.094449107305866 1.3022501555353252 -0.2949094656388636
v 1.093677734921325 1.2361535751694253 -0.3085804951750212
v 1.0456572452102124 1.3122430145081958 -0.3404698317786022
v 1.0448858728256714 1.2461464341422959 -0.35414086131475975
vt 0.375 0.27734375
vt 0.3828125 0.27734375
vt 0.3828125 0.2734375
vt 0.375 0.2734375
vt 0.04296875 0.265625
vt 0.046875 0.265625
vt 0.046875 0.26171875
vt 0.04296875 0.26171875
vt 0.72265625 0.625
vt 0.73046875 0.625
vt 0.73046875 0.62109375
vt 0.72265625 0.62109375
vt 0.734375 0.95703125
vt 0.73828125 0.95703125
vt 0.73828125 0.953125
vt 0.734375 0.953125
vt 0.73046875 0.6171875
vt 0.72265625 0.6171875
vt 0.72265625 0.62109375
vt 0.73046875 0.62109375
vt 0.390625 0.27734375
vt 0.3828125 0.27734375
vt 0.3828125 0.2734375
vt 0.390625 0.2734375
vn 0.011427739030237792 0.9792085980133332 0.20253377090603814
vn 0.6909184246307457 0.1386866347465641 -0.709505283876337
vn -0.011427739030237792 -0.9792085980133332 -0.20253377090603814
vn -0.6909184246307457 -0.1386866347465641 0.709505283876337
vn 0.7228424014170899 -0.1480423551536377 0.6749683872553878
vn -0.7228424014170899 0.1480423551536377 -0.6749683872553878
usemtl m_91fe65ba-4f97-40fd-8230-0084d13434eb
f 4220/12652/3163 4223/12651/3163 4221/12650/3163 4218/12649/3163
f 4219/12656/3164 4220/12655/3164 4218/12654/3164 4217/12653/3164
f 4224/12660/3165 4219/12659/3165 4217/12658/3165 4222/12657/3165
f 4223/12664/3166 4224/12663/3166 4222/12662/3166 4221/12661/3166
f 4222/12668/3167 4217/12667/3167 4218/12666/3167 4221/12665/3167
f 4223/12672/3168 4220/12671/3168 4219/12670/3168 4224/12669/3168
o cube
v 1.0064063088100634 1.2079196995612926 -0.20881111477626807
v 1.0073705242907398 1.2905404250186676 -0.19172232785607113
v 0.9454164811904964 1.2204107732773808 -0.26576157245094145
v 0.9463806966711727 1.3030314987347558 -0.2486727855307445
v 0.9607335306281644 1.2811790771732745 -0.14383072119441837
v 0.9597693151474881 1.1985583517158995 -0.1609195081146153
v 0.8997437030085974 1.2936701508893627 -0.20078117886909175
v 0.898779487527921 1.2110494254319877 -0.2178699657892887
vt 0.046875 0.265625
vt 0.05078125 0.265625
vt 0.05078125 0.26171875
vt 0.046875 0.26171875
vt 0.734375 0.953125
vt 0.73828125 0.953125
vt 0.73828125 0.94921875
vt 0.734375 0.94921875
vt 0.05078125 0.265625
vt 0.0546875 0.265625
vt 0.0546875 0.26171875
vt 0.05078125 0.26171875
vt 0.734375 0.94921875
vt 0.73828125 0.94921875
vt 0.73828125 0.9453125
vt 0.734375 0.9453125
vt 0.05859375 0.26171875
vt 0.0546875 0.26171875
vt 0.0546875 0.265625
vt 0.05859375 0.265625
vt 0.73828125 0.9453125
vt 0.734375 0.9453125
vt 0.734375 0.94140625
vt 0.73828125 0.94140625
vn 0.011427739030237792 0.9792085980133332 0.20253377090603814
vn 0.6909184246307457 0.1386866347465641 -0.709505283876337
vn -0.011427739030237792 -0.9792085980133332 -0.20253377090603814
vn -0.6909184246307457 -0.1386866347465641 0.709505283876337
vn 0.7228424014170899 -0.1480423551536377 0.6749683872553878
vn -0.7228424014170899 0.1480423551536377 -0.6749683872553878
usemtl m_91fe65ba-4f97-40fd-8230-0084d13434eb
f 4228/12676/3169 4231/12675/3169 4229/12674/3169 4226/12673/3169
f 4227/12680/3170 4228/12679/3170 4226/12678/3170 4225/12677/3170
f 4232/12684/3171 4227/12683/3171 4225/12682/3171 4230/12681/3171
f 4231/12688/3172 4232/12687/3172 4230/12686/3172 4229/12685/3172
f 4230/12692/3173 4225/12691/3173 4226/12690/3173 4229/12689/3173
f 4231/12696/3174 4228/12695/3174 4227/12694/3174 4232/12693/3174
o cube
v 1.023722244427462 1.2221115534013354 -0.2367430851825421
v 1.024493616812003 1.2882081337672355 -0.22307205564638455
v 0.9749303823318085 1.232104412374206 -0.2823034513222807
v 0.9757017547163496 1.298200992740106 -0.2686324217861231
v 0.9545381263181401 1.2741661119991459 -0.1512346456539055
v 0.953766753933599 1.208069531633246 -0.16490567519006305
v 0.9057462642224865 1.2841589709720163 -0.19679501179364406
v 0.9049748918379454 1.2180623906061163 -0.21046604132980162
vt 0.72265625 0.6171875
vt 0.73046875 0.6171875
vt 0.73046875 0.61328125
vt 0.72265625 0.61328125
vt 0.05859375 0.265625
vt 0.0625 0.265625
vt 0.0625 0.26171875
vt 0.05859375 0.26171875
vt 0.72265625 0.61328125
vt 0.73046875 0.61328125
vt 0.73046875 0.609375
vt 0.72265625 0.609375
vt 0.734375 0.94140625
vt 0.73828125 0.94140625
vt 0.73828125 0.9375
vt 0.734375 0.9375
vt 0.3984375 0.2734375
vt 0.390625 0.2734375
vt 0.390625 0.27734375
vt 0.3984375 0.27734375
vt 0.73046875 0.609375
vt 0.72265625 0.609375
vt 0.72265625 0.60546875
vt 0.73046875 0.60546875
vn 0.011427739030237792 0.9792085980133332 0.20253377090603814
vn 0.6909184246307457 0.1386866347465641 -0.709505283876337
vn -0.011427739030237792 -0.9792085980133332 -0.20253377090603814
vn -0.6909184246307457 -0.1386866347465641 0.709505283876337
vn 0.7228424014170899 -0.1480423551536377 0.6749683872553878
vn -0.7228424014170899 0.1480423551536377 -0.6749683872553878
usemtl m_91fe65ba-4f97-40fd-8230-0084d13434eb
f 4236/12700/3175 4239/12699/3175 4237/12698/3175 4234/12697/3175
f 4235/12704/3176 4236/12703/3176 4234/12702/3176 4233/12701/3176
f 4240/12708/3177 4235/12707/3177 4233/12706/3177 4238/12705/3177
f 4239/12712/3178 4240/12711/3178 4238/12710/3178 4237/12709/3178
f 4238/12716/3179 4233/12715/3179 4234/12714/3179 4237/12713/3179
f 4239/12720/3180 4236/12719/3180 4235/12718/3180 4240/12717/3180
o cube
v 1.087675173707436 1.2456647550867714 -0.3125666622504688
v 1.0882537029958417 1.2952371903611963 -0.30231339009835057
v 1.0510812771356957 1.2531593993164243 -0.34673693685527285
v 1.0516598064241016 1.3027318345908494 -0.3364836647031547
v 0.9483427220081158 1.2671531468250172 -0.15863857011339239
v 0.94776419271971 1.217580711550592 -0.16889184226551057
v 0.9117488254363755 1.27464779105467 -0.19280884471819648
v 0.9111702961479697 1.225075355780245 -0.20306211687031464
vt 0.7109375 0.84765625
vt 0.72265625 0.84765625
vt 0.72265625 0.84375
vt 0.7109375 0.84375
vt 0.0625 0.265625
vt 0.06640625 0.265625
vt 0.06640625 0.26171875
vt 0.0625 0.26171875
vt 0.7109375 0.84375
vt 0.72265625 0.84375
vt 0.72265625 0.83984375
vt 0.7109375 0.83984375
vt 0.734375 0.9375
vt 0.73828125 0.9375
vt 0.73828125 0.93359375
vt 0.734375 0.93359375
vt 0.72265625 0.8359375
vt 0.7109375 0.8359375
vt 0.7109375 0.83984375
vt 0.72265625 0.83984375
vt 0.72265625 0.8359375
vt 0.7109375 0.8359375
vt 0.7109375 0.83203125
vt 0.72265625 0.83203125
vn 0.011427739030237792 0.9792085980133332 0.20253377090603814
vn 0.6909184246307457 0.1386866347465641 -0.709505283876337
vn -0.011427739030237792 -0.9792085980133332 -0.20253377090603814
vn -0.6909184246307457 -0.1386866347465641 0.709505283876337
vn 0.7228424014170899 -0.1480423551536377 0.6749683872553878
vn -0.7228424014170899 0.1480423551536377 -0.6749683872553878
usemtl m_91fe65ba-4f97-40fd-8230-0084d13434eb
f 4244/12724/3181 4247/12723/3181 4245/12722/3181 4242/12721/3181
f 4243/12728/3182 4244/12727/3182 4242/12726/3182 4241/12725/3182
f 4248/12732/3183 4243/12731/3183 4241/12730/3183 4246/12729/3183
f 4247/12736/3184 4248/12735/3184 4246/12734/3184 4245/12733/3184
f 4246/12740/3185 4241/12739/3185 4242/12738/3185 4245/12737/3185
f 4247/12744/3186 4244/12743/3186 4243/12742/3186 4248/12741/3186
o cube
v 1.5329798990150214 3.4472728914490105 -1.0746654461556084
v 1.517290653829766 3.413111936555888 -1.19387902233847
v 1.0114748361611245 0.19980735737560673 -0.07546260167251706
v 0.995785590975869 0.16564640248248486 -0.19467617785537894
v 1.3947377220052002 3.43575840112525 -1.184239699555617
v 1.410426967190456 3.469919356018372 -1.0650261233727552
v 0.8732326591513035 0.18829286705184645 -0.18503685507252587
v 0.888921904336559 0.22245382194496832 -0.065823278889664
vt 0.08984375 0.87890625
vt 0.09765625 0.87890625
vt 0.09765625 0.6640625
vt 0.08984375 0.6640625
vt 0.1328125 0.9375
vt 0.140625 0.9375
vt 0.140625 0.72265625
vt 0.1328125 0.72265625
vt 0 0.86328125
vt 0.0078125 0.86328125
vt 0.0078125 0.6484375
vt 0 0.6484375
vt 0.0078125 0.86328125
vt 0.015625 0.86328125
vt 0.015625 0.6484375
vt 0.0078125 0.6484375
vt 0.71484375 0.8984375
vt 0.70703125 0.8984375
vt 0.70703125 0.90625
vt 0.71484375 0.90625
vt 0.71484375 0.8984375
vt 0.70703125 0.8984375
vt 0.70703125 0.890625
vt 0.71484375 0.890625
vn -0.12551396148204452 -0.2732876391449772 -0.953708609462895
vn 0.9804234545965245 -0.18117171655489436 -0.0771145822628252
vn 0.12551396148204452 0.2732876391449772 0.953708609462895
vn -0.9804234545965245 0.18117171655489436 0.0771145822628252
vn 0.1517105637393152 0.9447172462758993 -0.2906771911223537
vn -0.1517105637393152 -0.9447172462758993 0.2906771911223537
usemtl m_91fe65ba-4f97-40fd-8230-0084d13434eb
f 4252/12748/3187 4255/12747/3187 4253/12746/3187 4250/12745/3187
f 4251/12752/3188 4252/12751/3188 4250/12750/3188 4249/12749/3188
f 4256/12756/3189 4251/12755/3189 4249/12754/3189 4254/12753/3189
f 4255/12760/3190 4256/12759/3190 4254/12758/3190 4253/12757/3190
f 4254/12764/3191 4249/12763/3191 4250/12762/3191 4253/12761/3191
f 4255/12768/3192 4252/12767/3192 4251/12766/3192 4256/12765/3192
o cube
v 1.5199458061921851 3.4166795877977787 -0.9658830242254582
v 1.4971964006735647 3.367146203202752 -1.138742709690608
v 1.3966809731539913 2.649096825198611 -0.7297078064385457
v 1.373931567635371 2.5995634406035837 -0.9025674919036955
v 1.4052817018051404 3.3841310516297733 -1.1315132176034681
v 1.428031107323761 3.4336644362248006 -0.9586535321383184
v 1.2820168687669466 2.616548289030605 -0.8953379998165556
v 1.3047662742855672 2.666081673625632 -0.7224783143514059
vt 0.4609375 0.7578125
vt 0.46875 0.7578125
vt 0.46875 0.70703125
vt 0.4609375 0.70703125
vt 0.1171875 1
vt 0.1328125 1
vt 0.1328125 0.94921875
vt 0.1171875 0.94921875
vt 0.2578125 0.5390625
vt 0.265625 0.5390625
vt 0.265625 0.48828125
vt 0.2578125 0.48828125
vt 0.0390625 0.7421875
vt 0.0546875 0.7421875
vt 0.0546875 0.69140625
vt 0.0390625 0.69140625
vt 0.65234375 0.29296875
vt 0.64453125 0.29296875
vt 0.64453125 0.30859375
vt 0.65234375 0.30859375
vt 0.69921875 0.33984375
vt 0.69140625 0.33984375
vt 0.69140625 0.32421875
vt 0.69921875 0.32421875
vn -0.12551396148204452 -0.2732876391449772 -0.953708609462895
vn 0.9804234545965245 -0.18117171655489436 -0.0771145822628252
vn 0.12551396148204452 0.2732876391449772 0.953708609462895
vn -0.9804234545965245 0.18117171655489436 0.0771145822628252
vn 0.1517105637393152 0.9447172462758993 -0.2906771911223537
vn -0.1517105637393152 -0.9447172462758993 0.2906771911223537
usemtl m_91fe65ba-4f97-40fd-8230-0084d13434eb
f 4260/12772/3193 4263/12771/3193 4261/12770/3193 4258/12769/3193
f 4259/12776/3194 4260/12775/3194 4258/12774/3194 4257/12773/3194
f 4264/12780/3195 4259/12779/3195 4257/12778/3195 4262/12777/3195
f 4263/12784/3196 4264/12783/3196 4262/12782/3196 4261/12781/3196
f 4262/12788/3197 4257/12787/3197 4258/12786/3197 4261/12785/3197
f 4263/12792/3198 4260/12791/3198 4259/12790/3198 4264/12789/3198
o cube
v 1.5107877639655554 3.319940528821493 -0.8550398902208755
v 1.5009819857247706 3.2985899320132916 -0.9295483753351641
v 1.4254505718621906 2.7885370777913 -0.6915339702145514
v 1.4156447936214058 2.7671864809830984 -0.7660424553288401
v 1.4090672868563465 3.315574780440313 -0.9223188832480242
v 1.4188730650971313 3.3369253772485146 -0.8478103981337356
v 1.3237300947529815 2.78417132941012 -0.7588129632417002
v 1.3335358729937663 2.805521926218321 -0.6843044781274116
vt 0.4375 0.5
vt 0.4453125 0.5
vt 0.4453125 0.46484375
vt 0.4375 0.46484375
vt 0.24609375 0.87109375
vt 0.2578125 0.87109375
vt 0.2578125 0.8359375
vt 0.24609375 0.8359375
vt 0.5 0.5625
vt 0.5078125 0.5625
vt 0.5078125 0.52734375
vt 0.5 0.52734375
vt 0.4609375 0.84375
vt 0.47265625 0.84375
vt 0.47265625 0.80859375
vt 0.4609375 0.80859375
vt 0.703125 0.3125
vt 0.6953125 0.3125
vt 0.6953125 0.32421875
vt 0.703125 0.32421875
vt 0.703125 0.3125
vt 0.6953125 0.3125
vt 0.6953125 0.30078125
vt 0.703125 0.30078125
vn -0.12551396148204452 -0.2732876391449772 -0.953708609462895
vn 0.9804234545965245 -0.18117171655489436 -0.0771145822628252
vn 0.12551396148204452 0.2732876391449772 0.953708609462895
vn -0.9804234545965245 0.18117171655489436 0.0771145822628252
vn 0.1517105637393152 0.9447172462758993 -0.2906771911223537
vn -0.1517105637393152 -0.9447172462758993 0.2906771911223537
usemtl m_91fe65ba-4f97-40fd-8230-0084d13434eb
f 4268/12796/3199 4271/12795/3199 4269/12794/3199 4266/12793/3199
f 4267/12800/3200 4268/12799/3200 4266/12798/3200 4265/12797/3200
f 4272/12804/3201 4267/12803/3201 4265/12802/3201 4270/12801/3201
f 4271/12808/3202 4272/12807/3202 4270/12806/3202 4269/12805/3202
f 4270/12812/3203 4265/12811/3203 4266/12810/3203 4269/12809/3203
f 4271/12816/3204 4268/12815/3204 4267/12814/3204 4272/12813/3204
o cube
v 1.5042565610069296 3.382518632904657 -1.08509660040832
v 1.4689557593401046 3.305656484395132 -1.3533271468197592
v 1.3738802952934555 2.5706522493863058 -0.8352958892875473
v 1.3385794936266304 2.493790100876781 -1.1035264356989865
v 1.3770410604716805 3.3226413328221533 -1.3460976547326196
v 1.4123418621385055 3.3995034813316782 -1.0778671083211804
v 1.2466647947582064 2.5107749493038023 -1.0962969436118466
v 1.2819655964250312 2.587637097813327 -0.8280663972004074
vt 0.09375 0.54296875
vt 0.1015625 0.54296875
vt 0.1015625 0.48828125
vt 0.09375 0.48828125
vt 0.0390625 0.796875
vt 0.05859375 0.796875
vt 0.05859375 0.7421875
vt 0.0390625 0.7421875
vt 0.1015625 0.54296875
vt 0.109375 0.54296875
vt 0.109375 0.48828125
vt 0.1015625 0.48828125
vt 0.2109375 0.97265625
vt 0.23046875 0.97265625
vt 0.23046875 0.91796875
vt 0.2109375 0.91796875
vt 0.6796875 0.33984375
vt 0.671875 0.33984375
vt 0.671875 0.359375
vt 0.6796875 0.359375
vt 0.09375 0.32421875
vt 0.0859375 0.32421875
vt 0.0859375 0.3046875
vt 0.09375 0.3046875
vn -0.12551396148204452 -0.2732876391449772 -0.953708609462895
vn 0.9804234545965245 -0.18117171655489436 -0.0771145822628252
vn 0.12551396148204452 0.2732876391449772 0.953708609462895
vn -0.9804234545965245 0.18117171655489436 0.0771145822628252
vn 0.1517105637393152 0.9447172462758993 -0.2906771911223537
vn -0.1517105637393152 -0.9447172462758993 0.2906771911223537
usemtl m_91fe65ba-4f97-40fd-8230-0084d13434eb
f 4276/12820/3205 4279/12819/3205 4277/12818/3205 4274/12817/3205
f 4275/12824/3206 4276/12823/3206 4274/12822/3206 4273/12821/3206
f 4280/12828/3207 4275/12827/3207 4273/12826/3207 4278/12825/3207
f 4279/12832/3208 4280/12831/3208 4278/12830/3208 4277/12829/3208
f 4278/12836/3209 4273/12835/3209 4274/12834/3209 4277/12833/3209
f 4279/12840/3210 4276/12839/3210 4275/12838/3210 4280/12837/3210
o cube
v 1.4618443266648242 3.261372863475949 -1.3397016534858992
v 1.4343881475906268 3.2015911924129856 -1.5483254118059073
v 1.3480614038603376 2.5528349287690246 -1.1216937601441337
v 1.3206052247861404 2.493053257706061 -1.330317518464142
v 1.3424734487222028 3.218576040840007 -1.5410959197187677
v 1.3699296277964 3.278357711902971 -1.3324721613987593
v 1.228690525917716 2.5100381061330825 -1.3230880263770022
v 1.2561467049919135 2.569819777196046 -1.1144642680569938
vt 0.109375 0.515625
vt 0.1171875 0.515625
vt 0.1171875 0.46875
vt 0.109375 0.46875
vt 0.17578125 0.77734375
vt 0.1953125 0.77734375
vt 0.1953125 0.73046875
vt 0.17578125 0.73046875
vt 0.1171875 0.515625
vt 0.125 0.515625
vt 0.125 0.46875
vt 0.1171875 0.46875
vt 0.23046875 0.97265625
vt 0.25 0.97265625
vt 0.25 0.92578125
vt 0.23046875 0.92578125
vt 0.1015625 0.3046875
vt 0.09375 0.3046875
vt 0.09375 0.32421875
vt 0.1015625 0.32421875
vt 0.109375 0.32421875
vt 0.1015625 0.32421875
vt 0.1015625 0.3046875
vt 0.109375 0.3046875
vn -0.12551396148204452 -0.2732876391449772 -0.953708609462895
vn 0.9804234545965245 -0.18117171655489436 -0.0771145822628252
vn 0.12551396148204452 0.2732876391449772 0.953708609462895
vn -0.9804234545965245 0.18117171655489436 0.0771145822628252
vn 0.1517105637393152 0.9447172462758993 -0.2906771911223537
vn -0.1517105637393152 -0.9447172462758993 0.2906771911223537
usemtl m_91fe65ba-4f97-40fd-8230-0084d13434eb
f 4284/12844/3211 4287/12843/3211 4285/12842/3211 4282/12841/3211
f 4283/12848/3212 4284/12847/3212 4282/12846/3212 4281/12845/3212
f 4288/12852/3213 4283/12851/3213 4281/12850/3213 4286/12849/3213
f 4287/12856/3214 4288/12855/3214 4286/12854/3214 4285/12853/3214
f 4286/12860/3215 4281/12859/3215 4282/12858/3215 4285/12857/3215
f 4287/12864/3216 4284/12863/3216 4283/12862/3216 4288/12861/3216
o cube
v 1.4119575984372759 3.160138379564973 -1.5334950031241905
v 1.3766567967704508 3.0832762310554482 -1.8017255495356297
v 1.3123975409833502 2.5401676866964142 -1.3427380964501459
v 1.2770967393165251 2.4633055381868894 -1.610968642861585
v 1.3153803308581682 3.094599463340129 -1.796905888144203
v 1.3506811325249932 3.171461611849654 -1.5286753417327639
v 1.2158202734042425 2.47462877047157 -1.6061489814701584
v 1.2511210750710673 2.551490918981095 -1.3379184350587192
vt 0.65625 0.33203125
vt 0.66015625 0.33203125
vt 0.66015625 0.2890625
vt 0.65625 0.2890625
vt 0.1953125 0.7578125
vt 0.21484375 0.7578125
vt 0.21484375 0.71484375
vt 0.1953125 0.71484375
vt 0.66015625 0.33203125
vt 0.6640625 0.33203125
vt 0.6640625 0.2890625
vt 0.66015625 0.2890625
vt 0.21484375 0.7578125
vt 0.234375 0.7578125
vt 0.234375 0.71484375
vt 0.21484375 0.71484375
vt 0.32421875 0.98046875
vt 0.3203125 0.98046875
vt 0.3203125 1
vt 0.32421875 1
vt 0.34375 0.625
vt 0.33984375 0.625
vt 0.33984375 0.60546875
vt 0.34375 0.60546875
vn -0.12551396148204452 -0.2732876391449772 -0.953708609462895
vn 0.9804234545965245 -0.18117171655489436 -0.0771145822628252
vn 0.12551396148204452 0.2732876391449772 0.953708609462895
vn -0.9804234545965245 0.18117171655489436 0.0771145822628252
vn 0.1517105637393152 0.9447172462758993 -0.2906771911223537
vn -0.1517105637393152 -0.9447172462758993 0.2906771911223537
usemtl m_91fe65ba-4f97-40fd-8230-0084d13434eb
f 4292/12868/3217 4295/12867/3217 4293/12866/3217 4290/12865/3217
f 4291/12872/3218 4292/12871/3218 4290/12870/3218 4289/12869/3218
f 4296/12876/3219 4291/12875/3219 4289/12874/3219 4294/12873/3219
f 4295/12880/3220 4296/12879/3220 4294/12878/3220 4293/12877/3220
f 4294/12884/3221 4289/12883/3221 4290/12882/3221 4293/12881/3221
f 4295/12888/3222 4292/12887/3222 4291/12886/3222 4296/12885/3222
o cube
v 1.374286319212024 3.0685150240823873 -1.7971837184243429
v 1.3429078288415128 3.000193114296143 -2.035610870790067
v 1.2818376944333787 2.4928279521330112 -1.6200523050841584
v 1.2504592040628675 2.424506042346767 -1.8584794574498822
v 1.2816313629292302 3.011516346580824 -2.03079120939864
v 1.3130098532997412 3.0798382563670685 -1.7923640570329162
v 1.1891827381505848 2.435829274631448 -1.8536597960584555
v 1.2205612285210958 2.504151184417692 -1.615232643692732
vt 0.32421875 1
vt 0.328125 1
vt 0.328125 0.9609375
vt 0.32421875 0.9609375
vt 0.2578125 0.9296875
vt 0.27734375 0.9296875
vt 0.27734375 0.890625
vt 0.2578125 0.890625
vt 0.39453125 0.6015625
vt 0.3984375 0.6015625
vt 0.3984375 0.5625
vt 0.39453125 0.5625
vt 0.265625 0.8046875
vt 0.28515625 0.8046875
vt 0.28515625 0.765625
vt 0.265625 0.765625
vt 0.26953125 0.87109375
vt 0.265625 0.87109375
vt 0.265625 0.890625
vt 0.26953125 0.890625
vt 0.30859375 0.828125
vt 0.3046875 0.828125
vt 0.3046875 0.80859375
vt 0.30859375 0.80859375
vn -0.12551396148204452 -0.2732876391449772 -0.953708609462895
vn 0.9804234545965245 -0.18117171655489436 -0.0771145822628252
vn 0.12551396148204452 0.2732876391449772 0.953708609462895
vn -0.9804234545965245 0.18117171655489436 0.0771145822628252
vn 0.1517105637393152 0.9447172462758993 -0.2906771911223537
vn -0.1517105637393152 -0.9447172462758993 0.2906771911223537
usemtl m_91fe65ba-4f97-40fd-8230-0084d13434eb
f 4300/12892/3223 4303/12891/3223 4301/12890/3223 4298/12889/3223
f 4299/12896/3224 4300/12895/3224 4298/12894/3224 4297/12893/3224
f 4304/12900/3225 4299/12899/3225 4297/12898/3225 4302/12897/3225
f 4303/12904/3226 4304/12903/3226 4302/12902/3226 4301/12901/3226
f 4302/12908/3227 4297/12907/3227 4298/12906/3227 4301/12905/3227
f 4303/12912/3228 4300/12911/3228 4299/12910/3228 4304/12909/3228
o cube
v 1.3372186827012884 2.964766217560797 -2.024710476122978
v 1.3089780413678285 2.903276498753177 -2.2392949132521296
v 1.2428736758759018 2.377270180032972 -1.8439455978937644
v 1.2146330345424416 2.315780461225352 -2.058530035022916
v 1.2477015754555458 2.9145997310378577 -2.234475251860703
v 1.2759422167890058 2.9760894498454777 -2.0198908147315517
v 1.153356568630159 2.3271036935100327 -2.0537103736314894
v 1.181597209963619 2.3885934123176527 -1.8391259365023378
vt 0.1640625 0.32421875
vt 0.16796875 0.32421875
vt 0.16796875 0.28515625
vt 0.1640625 0.28515625
vt 0.28515625 0.98046875
vt 0.30078125 0.98046875
vt 0.30078125 0.94140625
vt 0.28515625 0.94140625
vt 0.16796875 0.32421875
vt 0.171875 0.32421875
vt 0.171875 0.28515625
vt 0.16796875 0.28515625
vt 0.28515625 0.80859375
vt 0.30078125 0.80859375
vt 0.30078125 0.76953125
vt 0.28515625 0.76953125
vt 0.6953125 0.28125
vt 0.69140625 0.28125
vt 0.69140625 0.296875
vt 0.6953125 0.296875
vt 0.7109375 0.890625
vt 0.70703125 0.890625
vt 0.70703125 0.875
vt 0.7109375 0.875
vn -0.12551396148204452 -0.2732876391449772 -0.953708609462895
vn 0.9804234545965245 -0.18117171655489436 -0.0771145822628252
vn 0.12551396148204452 0.2732876391449772 0.953708609462895
vn -0.9804234545965245 0.18117171655489436 0.0771145822628252
vn 0.1517105637393152 0.9447172462758993 -0.2906771911223537
vn -0.1517105637393152 -0.9447172462758993 0.2906771911223537
usemtl m_91fe65ba-4f97-40fd-8230-0084d13434eb
f 4308/12916/3229 4311/12915/3229 4309/12914/3229 4306/12913/3229
f 4307/12920/3230 4308/12919/3230 4306/12918/3230 4305/12917/3230
f 4312/12924/3231 4307/12923/3231 4305/12922/3231 4310/12921/3231
f 4311/12928/3232 4312/12927/3232 4310/12926/3232 4309/12925/3232
f 4310/12932/3233 4305/12931/3233 4306/12930/3233 4309/12929/3233
f 4311/12936/3234 4308/12935/3234 4307/12934/3234 4312/12933/3234
o cube
v 1.2994961311341213 2.844231670860933 -2.221127588806983
v 1.275962263356238 2.79299023852125 -2.3999479530812757
v 1.2146330345424416 2.315780461225352 -2.058530035022916
v 1.1910991667645583 2.2645390288856686 -2.237350399297209
v 1.214685797443955 2.8043134708059307 -2.395128291689849
v 1.2382196652218385 2.855554903145614 -2.2163079274155564
v 1.1298227008522757 2.2758622611703494 -2.2325307379057824
v 1.153356568630159 2.3271036935100327 -2.0537103736314894
vt 0.69140625 0.7890625
vt 0.6953125 0.7890625
vt 0.6953125 0.75390625
vt 0.69140625 0.75390625
vt 0.2890625 0.890625
vt 0.3046875 0.890625
vt 0.3046875 0.85546875
vt 0.2890625 0.85546875
vt 0.69140625 0.7421875
vt 0.6953125 0.7421875
vt 0.6953125 0.70703125
vt 0.69140625 0.70703125
vt 0.23046875 0.70703125
vt 0.24609375 0.70703125
vt 0.24609375 0.671875
vt 0.23046875 0.671875
vt 0.7109375 0.859375
vt 0.70703125 0.859375
vt 0.70703125 0.875
vt 0.7109375 0.875
vt 0.7109375 0.859375
vt 0.70703125 0.859375
vt 0.70703125 0.84375
vt 0.7109375 0.84375
vn -0.12551396148204452 -0.2732876391449772 -0.953708609462895
vn 0.9804234545965245 -0.18117171655489436 -0.0771145822628252
vn 0.12551396148204452 0.2732876391449772 0.953708609462895
vn -0.9804234545965245 0.18117171655489436 0.0771145822628252
vn 0.1517105637393152 0.9447172462758993 -0.2906771911223537
vn -0.1517105637393152 -0.9447172462758993 0.2906771911223537
usemtl m_91fe65ba-4f97-40fd-8230-0084d13434eb
f 4316/12940/3235 4319/12939/3235 4317/12938/3235 4314/12937/3235
f 4315/12944/3236 4316/12943/3236 4314/12942/3236 4313/12941/3236
f 4320/12948/3237 4315/12947/3237 4313/12946/3237 4318/12945/3237
f 4319/12952/3238 4320/12951/3238 4318/12950/3238 4317/12949/3238
f 4318/12956/3239 4313/12955/3239 4314/12954/3239 4317/12953/3239
f 4319/12960/3240 4316/12959/3240 4315/12958/3240 4320/12957/3240
o cube
v 1.2371946300794872 2.6896781621185717 -2.325921366779552
v 1.2136607623016038 2.6384367297788884 -2.504741731053845
v 1.171295353955222 2.2793166082674774 -2.1996584618857797
v 1.1477614861773386 2.228075175927794 -2.3784788261600727
v 1.1983416458235332 2.6412675378500583 -2.5035368157059885
v 1.2218755136014163 2.6925089701897416 -2.3247164514316956
v 1.132442369699268 2.2309059839989644 -2.3772739108122156
v 1.1559762374771512 2.2821474163386477 -2.198453546537923
vt 0.6953125 0.78125
vt 0.69921875 0.78125
vt 0.69921875 0.75390625
vt 0.6953125 0.75390625
vt 0.2421875 0.81640625
vt 0.2578125 0.81640625
vt 0.2578125 0.7890625
vt 0.2421875 0.7890625
vt 0.22265625 0.3046875
vt 0.2265625 0.3046875
vt 0.2265625 0.27734375
vt 0.22265625 0.27734375
vt 0.40625 0.76953125
vt 0.421875 0.76953125
vt 0.421875 0.7421875
vt 0.40625 0.7421875
vt 0.7109375 0.828125
vt 0.70703125 0.828125
vt 0.70703125 0.84375
vt 0.7109375 0.84375
vt 0.7109375 0.828125
vt 0.70703125 0.828125
vt 0.70703125 0.8125
vt 0.7109375 0.8125
vn -0.12551396148204452 -0.2732876391449772 -0.953708609462895
vn 0.9804234545965245 -0.18117171655489436 -0.0771145822628252
vn 0.12551396148204452 0.2732876391449772 0.953708609462895
vn -0.9804234545965245 0.18117171655489436 0.0771145822628252
vn 0.1517105637393152 0.9447172462758993 -0.2906771911223537
vn -0.1517105637393152 -0.9447172462758993 0.2906771911223537
usemtl m_91fe65ba-4f97-40fd-8230-0084d13434eb
f 4324/12964/3241 4327/12963/3241 4325/12962/3241 4322/12961/3241
f 4323/12968/3242 4324/12967/3242 4322/12966/3242 4321/12965/3242
f 4328/12972/3243 4323/12971/3243 4321/12970/3243 4326/12969/3243
f 4327/12976/3244 4328/12975/3244 4326/12974/3244 4325/12973/3244
f 4326/12980/3245 4321/12979/3245 4322/12978/3245 4325/12977/3245
f 4327/12984/3246 4324/12983/3246 4323/12982/3246 4328/12981/3246
o cube
v 1.2041788520678967 2.5793919018866447 -2.4865744066086974
v 1.1759382107344367 2.517902183079025 -2.701158843737849
v 1.1382795759436315 2.169030348035551 -2.360311501714925
v 1.1100389346101716 2.1075406292279313 -2.5748959388440764
v 1.160619094256366 2.5207329911501954 -2.6999539283899923
v 1.1888597355898258 2.582222709957815 -2.485369491260841
v 1.0947198181321007 2.110371437299101 -2.57369102349622
v 1.1229604594655607 2.171861156106721 -2.3591065863670684
vt 0.2265625 0.3046875
vt 0.23046875 0.3046875
vt 0.23046875 0.27734375
vt 0.2265625 0.27734375
vt 0.421875 0.78125
vt 0.4375 0.78125
vt 0.4375 0.75390625
vt 0.421875 0.75390625
vt 0.23046875 0.3046875
vt 0.234375 0.3046875
vt 0.234375 0.27734375
vt 0.23046875 0.27734375
vt 0.109375 0.54296875
vt 0.125 0.54296875
vt 0.125 0.515625
vt 0.109375 0.515625
vt 0.7109375 0.796875
vt 0.70703125 0.796875
vt 0.70703125 0.8125
vt 0.7109375 0.8125
vt 0.7109375 0.796875
vt 0.70703125 0.796875
vt 0.70703125 0.78125
vt 0.7109375 0.78125
vn -0.12551396148204452 -0.2732876391449772 -0.953708609462895
vn 0.9804234545965245 -0.18117171655489436 -0.0771145822628252
vn 0.12551396148204452 0.2732876391449772 0.953708609462895
vn -0.9804234545965245 0.18117171655489436 0.0771145822628252
vn 0.1517105637393152 0.9447172462758993 -0.2906771911223537
vn -0.1517105637393152 -0.9447172462758993 0.2906771911223537
usemtl m_91fe65ba-4f97-40fd-8230-0084d13434eb
f 4332/12988/3247 4335/12987/3247 4333/12986/3247 4330/12985/3247
f 4331/12992/3248 4332/12991/3248 4330/12990/3248 4329/12989/3248
f 4336/12996/3249 4331/12995/3249 4329/12994/3249 4334/12993/3249
f 4335/13000/3250 4336/12999/3250 4334/12998/3250 4333/12997/3250
f 4334/13004/3251 4329/13003/3251 4330/13002/3251 4333/13001/3251
f 4335/13008/3252 4332/13007/3252 4331/13006/3252 4336/13005/3252
o cube
v 1.147492480033315 2.340767699402294 -2.6466568704024076
v 1.1278809235517457 2.298066505785891 -2.795673840630985
v 1.093445591701184 2.0042121804165043 -2.543103121065069
v 1.0738340352196145 1.9615109868001017 -2.6921200912936465
v 1.112561807073675 2.300897313857061 -2.7944689252831285
v 1.1321733635552444 2.3435985074734638 -2.645451955054551
v 1.058514918741544 1.964341794871272 -2.69091517594579
v 1.0781264752231132 2.0070429884876746 -2.5418982057172124
vt 0.328125 0.85546875
vt 0.33203125 0.85546875
vt 0.33203125 0.83203125
vt 0.328125 0.83203125
vt 0.49609375 1
vt 0.5078125 1
vt 0.5078125 0.9765625
vt 0.49609375 0.9765625
vt 0.3359375 0.9140625
vt 0.33984375 0.9140625
vt 0.33984375 0.890625
vt 0.3359375 0.890625
vt 0.4453125 0.5
vt 0.45703125 0.5
vt 0.45703125 0.4765625
vt 0.4453125 0.4765625
vt 0.55859375 0.28125
vt 0.5546875 0.28125
vt 0.5546875 0.29296875
vt 0.55859375 0.29296875
vt 0.7109375 0.4296875
vt 0.70703125 0.4296875
vt 0.70703125 0.41796875
vt 0.7109375 0.41796875
vn -0.12551396148204452 -0.2732876391449772 -0.953708609462895
vn 0.9804234545965245 -0.18117171655489436 -0.0771145822628252
vn 0.12551396148204452 0.2732876391449772 0.953708609462895
vn -0.9804234545965245 0.18117171655489436 0.0771145822628252
vn 0.1517105637393152 0.9447172462758993 -0.2906771911223537
vn -0.1517105637393152 -0.9447172462758993 0.2906771911223537
usemtl m_91fe65ba-4f97-40fd-8230-0084d13434eb
f 4340/13012/3253 4343/13011/3253 4341/13010/3253 4338/13009/3253
f 4339/13016/3254 4340/13015/3254 4338/13014/3254 4337/13013/3254
f 4344/13020/3255 4339/13019/3255 4337/13018/3255 4342/13017/3255
f 4343/13024/3256 4344/13023/3256 4342/13022/3256 4341/13021/3256
f 4342/13028/3257 4337/13027/3257 4338/13026/3257 4341/13025/3257
f 4343/13032/3258 4340/13031/3258 4339/13030/3258 4344/13029/3258
o cube
v 1.1003833838739947 2.1268365048983853 -2.742988599740059
v 1.0925387612813668 2.109756027451824 -2.8025953878314898
v 1.0738340352196145 1.961510986800102 -2.692120091293647
v 1.0659894126269867 1.9444305093535408 -2.7517268793850778
v 1.0772196448032962 2.112586835522994 -2.801390472483633
v 1.085064267395924 2.129667312969555 -2.7417836843922023
v 1.0506702961489158 1.947261317424711 -2.750521964037221
v 1.0585149187415437 1.964341794871272 -2.6909151759457903
vt 0.40234375 0.82421875
vt 0.40625 0.82421875
vt 0.40625 0.8046875
vt 0.40234375 0.8046875
vt 0.17578125 0.32421875
vt 0.18359375 0.32421875
vt 0.18359375 0.3046875
vt 0.17578125 0.3046875
vt 0.23828125 0.5390625
vt 0.2421875 0.5390625
vt 0.2421875 0.51953125
vt 0.23828125 0.51953125
vt 0.22265625 0.32421875
vt 0.23046875 0.32421875
vt 0.23046875 0.3046875
vt 0.22265625 0.3046875
vt 0.6953125 0.2734375
vt 0.69140625 0.2734375
vt 0.69140625 0.28125
vt 0.6953125 0.28125
vt 0.71484375 0.28125
vt 0.7109375 0.28125
vt 0.7109375 0.2734375
vt 0.71484375 0.2734375
vn -0.12551396148204452 -0.2732876391449772 -0.953708609462895
vn 0.9804234545965245 -0.18117171655489436 -0.0771145822628252
vn 0.12551396148204452 0.2732876391449772 0.953708609462895
vn -0.9804234545965245 0.18117171655489436 0.0771145822628252
vn 0.1517105637393152 0.9447172462758993 -0.2906771911223537
vn -0.1517105637393152 -0.9447172462758993 0.2906771911223537
usemtl m_91fe65ba-4f97-40fd-8230-0084d13434eb
f 4348/13036/3259 4351/13035/3259 4349/13034/3259 4346/13033/3259
f 4347/13040/3260 4348/13039/3260 4346/13038/3260 4345/13037/3260
f 4352/13044/3261 4347/13043/3261 4345/13042/3261 4350/13041/3261
f 4351/13048/3262 4352/13047/3262 4350/13046/3262 4349/13045/3262
f 4350/13052/3263 4345/13051/3263 4346/13050/3263 4349/13049/3263
f 4351/13056/3264 4348/13055/3264 4347/13054/3264 4352/13053/3264
o cube
v 1.2138836958302406 1.2776538312685943 -0.35853360821310576
v 1.1919187525708828 1.2298284944182232 -0.5254326148691124
v 1.04226112060014 0.20894244641898307 -0.029705035755942966
v 1.0202961773407822 0.16111710956861236 -0.19660404241194962
v 1.0203446480164908 1.2615335448153298 -0.511937562973118
v 1.0423095912758487 1.309358881665701 -0.34503855631711133
v 0.8487220727863903 0.19282215996571894 -0.1831089905159552
v 0.870687016045748 0.24064749681608966 -0.01620998385994854
vt 0.15234375 0.75
vt 0.1640625 0.75
vt 0.1640625 0.6796875
vt 0.15234375 0.6796875
vt 0.1640625 0.75
vt 0.17578125 0.75
vt 0.17578125 0.6796875
vt 0.1640625 0.6796875
vt 0.015625 0.74609375
vt 0.02734375 0.74609375
vt 0.02734375 0.67578125
vt 0.015625 0.67578125
vt 0.02734375 0.74609375
vt 0.0390625 0.74609375
vt 0.0390625 0.67578125
vt 0.02734375 0.67578125
vt 0.703125 0.6953125
vt 0.69140625 0.6953125
vt 0.69140625 0.70703125
vt 0.703125 0.70703125
vt 0.703125 0.6953125
vt 0.69140625 0.6953125
vt 0.69140625 0.68359375
vt 0.703125 0.68359375
vn -0.12551396148204452 -0.2732876391449772 -0.953708609462895
vn 0.9804234545965245 -0.18117171655489436 -0.0771145822628252
vn 0.12551396148204452 0.2732876391449772 0.953708609462895
vn -0.9804234545965245 0.18117171655489436 0.0771145822628252
vn 0.1517105637393152 0.9447172462758993 -0.2906771911223537
vn -0.1517105637393152 -0.9447172462758993 0.2906771911223537
usemtl m_91fe65ba-4f97-40fd-8230-0084d13434eb
f 4356/13060/3265 4359/13059/3265 4357/13058/3265 4354/13057/3265
f 4355/13064/3266 4356/13063/3266 4354/13062/3266 4353/13061/3266
f 4360/13068/3267 4355/13067/3267 4353/13066/3267 4358/13065/3267
f 4359/13072/3268 4360/13071/3268 4358/13070/3268 4357/13069/3268
f 4358/13076/3269 4353/13075/3269 4354/13074/3269 4357/13073/3269
f 4359/13080/3270 4356/13079/3270 4355/13078/3270 4360/13077/3270
o cube
v 1.2515337294580993 1.6262133679699464 -0.49613603358184716
v 1.2303532484580042 1.5800960788642313 -0.6570743614287107
v 1.0230196928257553 0.20323301576687314 -0.058303514453801886
v 1.0018392118256605 0.15711572666115803 -0.21924184230066535
v 1.089417376859754 1.6061395131189973 -0.6459891402284297
v 1.1105978578598488 1.6522568022247124 -0.48505081238156605
v 0.86090334022741 0.183159160915924 -0.20815662110038413
v 0.882083821227505 0.2292764500216391 -0.04721829325352067
vt 0.1875 0.73046875
vt 0.1953125 0.73046875
vt 0.1953125 0.63671875
vt 0.1875 0.63671875
vt 0.2734375 0.73828125
vt 0.28125 0.73828125
vt 0.28125 0.64453125
vt 0.2734375 0.64453125
vt 0.1328125 0.72265625
vt 0.140625 0.72265625
vt 0.140625 0.62890625
vt 0.1328125 0.62890625
vt 0.28125 0.9375
vt 0.2890625 0.9375
vt 0.2890625 0.84375
vt 0.28125 0.84375
vt 0.71484375 0.7734375
vt 0.70703125 0.7734375
vt 0.70703125 0.78125
vt 0.71484375 0.78125
vt 0.71484375 0.7734375
vt 0.70703125 0.7734375
vt 0.70703125 0.765625
vt 0.71484375 0.765625
vn -0.12551396148204452 -0.2732876391449772 -0.953708609462895
vn 0.9804234545965245 -0.18117171655489436 -0.0771145822628252
vn 0.12551396148204452 0.2732876391449772 0.953708609462895
vn -0.9804234545965245 0.18117171655489436 0.0771145822628252
vn 0.1517105637393152 0.9447172462758993 -0.2906771911223537
vn -0.1517105637393152 -0.9447172462758993 0.2906771911223537
usemtl m_91fe65ba-4f97-40fd-8230-0084d13434eb
f 4364/13084/3271 4367/13083/3271 4365/13082/3271 4362/13081/3271
f 4363/13088/3272 4364/13087/3272 4362/13086/3272 4361/13085/3272
f 4368/13092/3273 4363/13091/3273 4361/13090/3273 4366/13089/3273
f 4367/13096/3274 4368/13095/3274 4366/13094/3274 4365/13093/3274
f 4366/13100/3275 4361/13099/3275 4362/13098/3275 4365/13097/3275
f 4367/13104/3276 4364/13103/3276 4363/13102/3276 4368/13101/3276
o cube
v 1.0558974340168228 0.31927220303544634 -0.11554184756389668
v 1.0362858775352535 0.27657100941904367 -0.26455881779247403
v 1.021762557175477 0.10671082262336892 -0.050139479561367065
v 1.0021510006939074 0.06400962900696626 -0.1991564497899444
v 0.8524564797984051 0.3105407062730863 -0.25009983361819427
v 0.8720680362799745 0.35324189988948895 -0.10108286338961694
v 0.8183216029570591 0.09797932586100891 -0.18469746561566466
v 0.8379331594386286 0.1406805194774116 -0.03568049538708731
vt 0.60546875 0.71875
vt 0.6171875 0.71875
vt 0.6171875 0.703125
vt 0.60546875 0.703125
vt 0.6171875 0.875
vt 0.62890625 0.875
vt 0.62890625 0.859375
vt 0.6171875 0.859375
vt 0.62890625 0.8203125
vt 0.640625 0.8203125
vt 0.640625 0.8046875
vt 0.62890625 0.8046875
vt 0.640625 0.859375
vt 0.65234375 0.859375
vt 0.65234375 0.84375
vt 0.640625 0.84375
vt 0.703125 0.671875
vt 0.69140625 0.671875
vt 0.69140625 0.68359375
vt 0.703125 0.68359375
vt 0.703125 0.671875
vt 0.69140625 0.671875
vt 0.69140625 0.66015625
vt 0.703125 0.66015625
vn -0.12551396148204452 -0.2732876391449772 -0.953708609462895
vn 0.9804234545965245 -0.18117171655489436 -0.0771145822628252
vn 0.12551396148204452 0.2732876391449772 0.953708609462895
vn -0.9804234545965245 0.18117171655489436 0.0771145822628252
vn 0.1517105637393152 0.9447172462758993 -0.2906771911223537
vn -0.1517105637393152 -0.9447172462758993 0.2906771911223537
usemtl m_91fe65ba-4f97-40fd-8230-0084d13434eb
f 4372/13108/3277 4375/13107/3277 4373/13106/3277 4370/13105/3277
f 4371/13112/3278 4372/13111/3278 4370/13110/3278 4369/13109/3278
f 4376/13116/3279 4371/13115/3279 4369/13114/3279 4374/13113/3279
f 4375/13120/3280 4376/13119/3280 4374/13118/3280 4373/13117/3280
f 4374/13124/3281 4369/13123/3281 4370/13122/3281 4373/13121/3281
f 4375/13128/3282 4372/13127/3282 4371/13126/3282 4376/13125/3282
o cube
v 1.0804877087420561 0.29099136035092044 0.02039315464668434
v 1.0530315296678587 0.23120968928795665 -0.18823060367332395
v 1.04635283190071 0.07842997993884307 0.08579552264921397
v 1.0188966528265129 0.01864830887587933 -0.12282823567079434
v 0.8263086057924125 0.27310564874127596 -0.17039785652504558
v 0.8537647848666097 0.3328873198042397 0.03822590179496271
v 0.7921737289510665 0.060544268329198625 -0.10499548852251597
v 0.8196299080252638 0.12032593939216238 0.10362826979749232
vt 0.53125 0.6640625
vt 0.546875 0.6640625
vt 0.546875 0.6484375
vt 0.53125 0.6484375
vt 0.53125 0.6484375
vt 0.546875 0.6484375
vt 0.546875 0.6328125
vt 0.53125 0.6328125
vt 0.53125 0.6328125
vt 0.546875 0.6328125
vt 0.546875 0.6171875
vt 0.53125 0.6171875
vt 0.53125 0.6171875
vt 0.546875 0.6171875
vt 0.546875 0.6015625
vt 0.53125 0.6015625
vt 0.546875 0.5859375
vt 0.53125 0.5859375
vt 0.53125 0.6015625
vt 0.546875 0.6015625
vt 0.546875 0.5859375
vt 0.53125 0.5859375
vt 0.53125 0.5703125
vt 0.546875 0.5703125
vn -0.12551396148204452 -0.2732876391449772 -0.953708609462895
vn 0.9804234545965245 -0.18117171655489436 -0.0771145822628252
vn 0.12551396148204452 0.2732876391449772 0.953708609462895
vn -0.9804234545965245 0.18117171655489436 0.0771145822628252
vn 0.1517105637393152 0.9447172462758993 -0.2906771911223537
vn -0.1517105637393152 -0.9447172462758993 0.2906771911223537
usemtl m_91fe65ba-4f97-40fd-8230-0084d13434eb
f 4380/13132/3283 4383/13131/3283 4381/13130/3283 4378/13129/3283
f 4379/13136/3284 4380/13135/3284 4378/13134/3284 4377/13133/3284
f 4384/13140/3285 4379/13139/3285 4377/13138/3285 4382/13137/3285
f 4383/13144/3286 4384/13143/3286 4382/13142/3286 4381/13141/3286
f 4382/13148/3287 4377/13147/3287 4378/13146/3287 4381/13145/3287
f 4383/13152/3288 4380/13151/3288 4379/13150/3288 4384/13149/3288
o cube
v 1.031252948405611 0.28717965379706034 0.13281883795686075
v 0.9912453731832093 0.20006921881959888 -0.17117578130943706
v 1.010392745891455 0.1572810324341242 0.1727869517361844
v 0.9703851706690534 0.07017059745666275 -0.1312076675301134
v 0.8503095015849589 0.22611265307436493 -0.1600905601091559
v 0.8903170768073605 0.31322308805182636 0.14390405915714188
v 0.829449299070803 0.09621403171142878 -0.12012244632983225
v 0.8694568742932046 0.18332446668889024 0.18387217293646552
vt 0.70703125 0.765625
vt 0.71484375 0.765625
vt 0.71484375 0.7578125
vt 0.70703125 0.7578125
vt 0.671875 0.33984375
vt 0.69140625 0.33984375
vt 0.69140625 0.33203125
vt 0.671875 0.33203125
vt 0.70703125 0.75
vt 0.71484375 0.75
vt 0.71484375 0.7421875
vt 0.70703125 0.7421875
vt 0.67578125 0.75
vt 0.6953125 0.75
vt 0.6953125 0.7421875
vt 0.67578125 0.7421875
vt 0.23828125 0.3046875
vt 0.23046875 0.3046875
vt 0.23046875 0.32421875
vt 0.23828125 0.32421875
vt 0.265625 0.32421875
vt 0.2578125 0.32421875
vt 0.2578125 0.3046875
vt 0.265625 0.3046875
vn -0.12551396148204452 -0.2732876391449772 -0.953708609462895
vn 0.9804234545965245 -0.18117171655489436 -0.0771145822628252
vn 0.12551396148204452 0.2732876391449772 0.953708609462895
vn -0.9804234545965245 0.18117171655489436 0.0771145822628252
vn 0.1517105637393152 0.9447172462758993 -0.2906771911223537
vn -0.1517105637393152 -0.9447172462758993 0.2906771911223537
usemtl m_91fe65ba-4f97-40fd-8230-0084d13434eb
f 4388/13156/3289 4391/13155/3289 4389/13154/3289 4386/13153/3289
f 4387/13160/3290 4388/13159/3290 4386/13158/3290 4385/13157/3290
f 4392/13164/3291 4387/13163/3291 4385/13162/3291 4390/13161/3291
f 4391/13168/3292 4392/13167/3292 4390/13166/3292 4389/13165/3292
f 4390/13172/3293 4385/13171/3293 4386/13170/3293 4389/13169/3293
f 4391/13176/3294 4388/13175/3294 4387/13174/3294 4392/13173/3294
o cube
v 1.0804115050823242 1.9751293320916181 -2.6444611839332306
v 1.0662911844155942 1.9443844726878081 -2.751753402497806
v 1.0652404487083926 1.8806576074640284 -2.6153934648209956
v 1.0511201280416627 1.8499127480602187 -2.722685683385571
v 1.0509720679375234 1.9472152807589784 -2.7505484871499495
v 1.0650923886042534 1.9779601401627882 -2.643256268585374
v 1.0358010115635918 1.8527435561313887 -2.7214807680377144
v 1.0499213322303218 1.8834884155351987 -2.614188549473139
vt 0.125 1
vt 0.1875 1
vt 0.1875 0.875
vt 0.125 0.875
vt 0 1
vt 0.125 1
vt 0.125 0.875
vt 0 0.875
vt 0.125 0.875
vt 0.1875 0.875
vt 0.1875 0.75
vt 0.125 0.75
vt 0 0.875
vt 0.125 0.875
vt 0.125 0.75
vt 0 0.75
vt 0.25 0.875
vt 0.1875 0.875
vt 0.1875 1
vt 0.25 1
vt 0.25 0.875
vt 0.1875 0.875
vt 0.1875 0.75
vt 0.25 0.75
vn -0.12551396148204452 -0.2732876391449772 -0.953708609462895
vn 0.9804234545965245 -0.18117171655489436 -0.0771145822628252
vn 0.12551396148204452 0.2732876391449772 0.953708609462895
vn -0.9804234545965245 0.18117171655489436 0.0771145822628252
vn 0.1517105637393152 0.9447172462758993 -0.2906771911223537
vn -0.1517105637393152 -0.9447172462758993 0.2906771911223537
usemtl m_55b5582b-badf-f54d-da4a-65725d0755b7
f 4396/13180/3295 4399/13179/3295 4397/13178/3295 4394/13177/3295
f 4395/13184/3296 4396/13183/3296 4394/13182/3296 4393/13181/3296
f 4400/13188/3297 4395/13187/3297 4393/13186/3297 4398/13185/3297
f 4399/13192/3298 4400/13191/3298 4398/13190/3298 4397/13189/3298
f 4398/13196/3299 4393/13195/3299 4394/13194/3299 4397/13193/3299
f 4399/13200/3300 4396/13199/3300 4395/13198/3300 4400/13197/3300
o hitbox
v 0.65625 3.25 0.6875
v 0.65625 3.25 -0.8125
v 0.65625 0.0625 0.6875
v 0.65625 0.0625 -0.8125
v -0.84375 3.25 -0.8125
v -0.84375 3.25 0.6875
v -0.84375 0.0625 -0.8125
v -0.84375 0.0625 0.6875
vt 0 1
vt 0.125 1
vt 0.125 0.6015625
vt 0 0.6015625
vt 0.125 1
vt 0.25 1
vt 0.25 0.6015625
vt 0.125 0.6015625
vt 0.25 1
vt 0.375 1
vt 0.375 0.6015625
vt 0.25 0.6015625
vt 0.375 1
vt 0.5 1
vt 0.5 0.6015625
vt 0.375 0.6015625
vt 0.125 0.4765625
vt 0 0.4765625
vt 0 0.6015625
vt 0.125 0.6015625
vt 0.25 0.6015625
vt 0.125 0.6015625
vt 0.125 0.4765625
vt 0.25 0.4765625
vn 0 0 -1
vn 1 0 0
vn 0 0 1
vn -1 0 0
vn 0 1 0
vn 0 -1 0
usemtl m_a1de43ca-4101-2af3-cb08-f1d16cb81e4d
f 4404/13204/3301 4407/13203/3301 4405/13202/3301 4402/13201/3301
f 4403/13208/3302 4404/13207/3302 4402/13206/3302 4401/13205/3302
f 4408/13212/3303 4403/13211/3303 4401/13210/3303 4406/13209/3303
f 4407/13216/3304 4408/13215/3304 4406/13214/3304 4405/13213/3304
f 4406/13220/3305 4401/13219/3305 4402/13218/3305 4405/13217/3305
f 4407/13224/3306 4404/13223/3306 4403/13222/3306 4408/13221/3306